# Blender 5.0.0
# www.blender.org
mtllib Old Bridge.mtl
o Cube.001
v -3.453025 0.005907 -0.928242
v -3.434016 0.005907 -0.926370
v -3.434016 1.613170 -0.926370
v -3.415738 0.005907 -0.920825
v -3.398893 1.613170 -0.911821
v -3.384127 0.005907 -0.899704
v -3.372010 0.005907 -0.884939
v -3.372010 1.613170 -0.884939
v -3.363006 0.005907 -0.868094
v -3.355589 1.613170 -0.830807
v -3.357461 0.005907 -0.811798
v -3.357461 1.613170 -0.811798
v -3.363006 0.005907 -0.793520
v -3.363006 1.613170 -0.793520
v -3.384127 0.005907 -0.761909
v -3.398893 1.613170 -0.749792
v -3.434016 0.005907 -0.735243
v -3.434016 1.613170 -0.735243
v -3.472034 1.613170 -0.735243
v -3.490312 1.613170 -0.740788
v -3.521922 0.005907 -0.761909
v -3.543044 1.613170 -0.793520
v -3.548589 0.005907 -0.811798
v -3.548589 1.613170 -0.811798
v -3.548588 1.613170 -0.849815
v -3.543044 0.005907 -0.868094
v -3.534040 1.613170 -0.884939
v -3.507157 0.005907 -0.911821
v -3.507157 1.613170 -0.911821
v -3.490312 0.005907 -0.920825
v -3.472034 0.005907 -0.926370
v -3.472034 1.613170 -0.926370
v 3.308999 0.005906 -0.928242
v 3.328007 0.005906 -0.926370
v 3.346285 0.005906 -0.920825
v 3.363131 1.613169 -0.911821
v 3.377895 0.005906 -0.899704
v 3.377895 1.613169 -0.899704
v 3.390013 0.005906 -0.884939
v 3.399018 0.005906 -0.868094
v 3.404562 1.613169 -0.849815
v 3.406433 0.005906 -0.830807
v 3.404562 0.005906 -0.811798
v 3.399018 1.613169 -0.793520
v 3.390013 0.005906 -0.776674
v 3.377895 0.005906 -0.761909
v 3.308999 1.613169 -0.733371
v 3.289989 0.005906 -0.735243
v 3.271711 1.613169 -0.740788
v 3.254865 0.005906 -0.749792
v 3.254865 1.613169 -0.749792
v 3.240102 0.005906 -0.761909
v 3.240102 1.613169 -0.761909
v 3.227983 0.005906 -0.776674
v 3.218981 1.613169 -0.793520
v 3.213435 0.005906 -0.811798
v 3.211562 0.005906 -0.830807
v 3.213435 0.005906 -0.849815
v 3.218981 0.005906 -0.868094
v 3.227983 0.005906 -0.884939
v 3.227983 1.613169 -0.884939
v 3.240102 1.613169 -0.899704
v 3.254865 0.005906 -0.911821
v 3.271711 0.005906 -0.920825
v 3.289989 0.005906 -0.926370
v 3.289989 1.613169 -0.926370
v -3.453025 1.613170 -0.928242
v -3.415738 1.613170 -0.920825
v -3.398893 0.005907 -0.911821
v -3.384127 1.613170 -0.899704
v -3.363006 1.613170 -0.868094
v -3.357461 0.005907 -0.849815
v -3.357461 1.613170 -0.849815
v -3.355589 0.005907 -0.830807
v -3.372010 0.005907 -0.776674
v -3.372010 1.613170 -0.776674
v -3.384127 1.613170 -0.761909
v -3.398893 0.005907 -0.749792
v -3.415738 0.005907 -0.740788
v -3.415738 1.613170 -0.740788
v -3.453025 0.005907 -0.733371
v -3.453025 1.613170 -0.733371
v -3.472034 0.005907 -0.735243
v -3.490312 0.005907 -0.740788
v -3.507157 0.005907 -0.749792
v -3.507157 1.613170 -0.749792
v -3.521922 1.613170 -0.761909
v -3.534040 0.005907 -0.776674
v -3.534040 1.613170 -0.776674
v -3.543044 0.005907 -0.793520
v -3.550460 0.005907 -0.830807
v -3.550460 1.613170 -0.830807
v -3.548588 0.005907 -0.849815
v -3.543044 1.613170 -0.868094
v -3.534040 0.005907 -0.884939
v -3.521922 0.005907 -0.899704
v -3.521922 1.613170 -0.899704
v -3.490312 1.613170 -0.920825
v 3.328007 1.613169 -0.926370
v 3.308999 1.613169 -0.928242
v 3.346285 1.613169 -0.920825
v 3.363131 0.005906 -0.911821
v 3.390013 1.613169 -0.884939
v 3.399018 1.613169 -0.868094
v 3.404562 0.005906 -0.849815
v 3.406433 1.613169 -0.830807
v 3.404562 1.613169 -0.811798
v 3.399018 0.005906 -0.793520
v 3.390013 1.613169 -0.776674
v 3.377895 1.613169 -0.761909
v 3.363131 0.005906 -0.749792
v 3.363131 1.613169 -0.749792
v 3.346285 0.005906 -0.740788
v 3.346285 1.613169 -0.740788
v 3.328007 0.005906 -0.735243
v 3.328007 1.613169 -0.735243
v 3.308999 0.005906 -0.733371
v 3.289989 1.613169 -0.735243
v 3.271711 0.005906 -0.740788
v 3.227983 1.613169 -0.776674
v 3.218981 0.005906 -0.793520
v 3.213435 1.613169 -0.811798
v 3.211562 1.613169 -0.830807
v 3.213435 1.613169 -0.849815
v 3.218981 1.613169 -0.868094
v 3.240102 0.005906 -0.899704
v 3.254865 1.613169 -0.911821
v 3.271711 1.613169 -0.920825
v -6.141235 0.011508 0.874266
v -6.126328 -0.010934 0.847324
v -6.141235 0.011508 0.820383
v -6.156143 0.033949 0.847324
v -5.576343 0.371620 0.874266
v -5.562166 0.348711 0.847324
v -5.576343 0.371620 0.820383
v -5.590519 0.394530 0.847324
v -5.047013 0.689464 0.874266
v -5.033317 0.666264 0.847324
v -5.047013 0.689464 0.820383
v -5.060710 0.712664 0.847324
v -4.578771 0.961222 0.874266
v -4.565346 0.937864 0.847324
v -4.578771 0.961222 0.820383
v -4.592196 0.984581 0.847324
v -4.186183 1.184650 0.874266
v -4.172968 1.161172 0.847324
v -4.186183 1.184650 0.820383
v -4.199399 1.208127 0.847324
v -3.872868 1.359071 0.874266
v -3.860070 1.335365 0.847324
v -3.872868 1.359071 0.820383
v -3.885667 1.382778 0.847324
v -3.631487 1.485383 0.874266
v -3.619915 1.461054 0.847324
v -3.631487 1.485383 0.820383
v -3.643059 1.509713 0.847324
v -3.443750 1.566051 0.874266
v -3.434896 1.540606 0.847324
v -3.443750 1.566051 0.820383
v -3.452603 1.591496 0.847324
v 6.144254 -0.195571 -0.890655
v 6.144254 0.055372 -0.890655
v 6.153938 -0.195571 -0.889701
v 6.153938 0.055372 -0.889701
v 6.163250 -0.195571 -0.886876
v 6.163250 0.055372 -0.886876
v 6.171832 -0.195571 -0.882289
v 6.171832 0.055372 -0.882289
v 6.179354 -0.195571 -0.876115
v 6.179354 0.055372 -0.876115
v 6.185528 -0.195571 -0.868593
v 6.185528 0.055372 -0.868593
v 6.190115 -0.195571 -0.860011
v 6.190115 0.055372 -0.860011
v 6.192940 -0.195571 -0.850699
v 6.192940 0.055372 -0.850699
v 6.193893 -0.195571 -0.841014
v 6.193893 0.055372 -0.841014
v 6.192940 -0.195571 -0.831330
v 6.192940 0.055372 -0.831330
v 6.190115 -0.195571 -0.822018
v 6.190115 0.055372 -0.822018
v 6.185528 -0.195571 -0.813436
v 6.185528 0.055372 -0.813436
v 6.179354 -0.195571 -0.805913
v 6.179354 0.055372 -0.805913
v 6.171832 -0.195571 -0.799740
v 6.171832 0.055372 -0.799740
v 6.163250 -0.195571 -0.795153
v 6.163250 0.055372 -0.795153
v 6.153938 -0.195571 -0.792328
v 6.153938 0.055372 -0.792328
v 6.144254 -0.195571 -0.791374
v 6.144254 0.055372 -0.791374
v 6.134569 -0.195571 -0.792328
v 6.134569 0.055372 -0.792328
v 6.125257 -0.195571 -0.795153
v 6.125257 0.055372 -0.795153
v 6.116675 -0.195571 -0.799740
v 6.116675 0.055372 -0.799740
v 6.109152 -0.195571 -0.805913
v 6.109152 0.055372 -0.805913
v 6.102979 -0.195571 -0.813436
v 6.102979 0.055372 -0.813436
v 6.098392 -0.195571 -0.822018
v 6.098392 0.055372 -0.822018
v 6.095567 -0.195571 -0.831330
v 6.095567 0.055372 -0.831330
v 6.094614 -0.195571 -0.841014
v 6.094614 0.055372 -0.841014
v 6.095567 -0.195571 -0.850699
v 6.095567 0.055372 -0.850699
v 6.098392 -0.195571 -0.860011
v 6.098392 0.055372 -0.860011
v 6.102979 -0.195571 -0.868593
v 6.102979 0.055372 -0.868593
v 6.109153 -0.195571 -0.876115
v 6.109153 0.055372 -0.876115
v 6.116675 -0.195571 -0.882289
v 6.116675 0.055372 -0.882289
v 6.125257 -0.195571 -0.886876
v 6.125257 0.055372 -0.886876
v 6.134569 -0.195571 -0.889701
v 6.134569 0.055372 -0.889701
v -6.171793 -0.195570 -0.890655
v -6.171793 0.055373 -0.890655
v -6.162109 -0.195570 -0.889701
v -6.162109 0.055373 -0.889701
v -6.152797 -0.195570 -0.886876
v -6.152797 0.055373 -0.886876
v -6.144215 -0.195570 -0.882289
v -6.144215 0.055373 -0.882289
v -6.136692 -0.195570 -0.876115
v -6.136692 0.055373 -0.876115
v -6.130519 -0.195570 -0.868593
v -6.130519 0.055373 -0.868593
v -6.125932 -0.195570 -0.860011
v -6.125932 0.055373 -0.860011
v -6.123107 -0.195570 -0.850699
v -6.123107 0.055373 -0.850699
v -6.122153 -0.195570 -0.841014
v -6.122153 0.055373 -0.841014
v -6.123107 -0.195570 -0.831330
v -6.123107 0.055373 -0.831330
v -6.125932 -0.195570 -0.822018
v -6.125932 0.055373 -0.822018
v -6.130519 -0.195570 -0.813436
v -6.130519 0.055373 -0.813436
v -6.136692 -0.195570 -0.805913
v -6.136692 0.055373 -0.805913
v -6.144215 -0.195570 -0.799740
v -6.144215 0.055373 -0.799740
v -6.152797 -0.195570 -0.795153
v -6.152797 0.055373 -0.795153
v -6.162109 -0.195570 -0.792328
v -6.162109 0.055373 -0.792328
v -6.171793 -0.195570 -0.791374
v -6.171793 0.055373 -0.791374
v -6.181478 -0.195570 -0.792328
v -6.181478 0.055373 -0.792328
v -6.190790 -0.195570 -0.795153
v -6.190790 0.055373 -0.795153
v -6.199372 -0.195570 -0.799740
v -6.199372 0.055373 -0.799740
v -6.206894 -0.195570 -0.805913
v -6.206894 0.055373 -0.805913
v -6.213068 -0.195570 -0.813436
v -6.213068 0.055373 -0.813436
v -6.217655 -0.195570 -0.822018
v -6.217655 0.055373 -0.822018
v -6.220479 -0.195570 -0.831330
v -6.220479 0.055373 -0.831330
v -6.221433 -0.195570 -0.841014
v -6.221433 0.055373 -0.841014
v -6.220479 -0.195570 -0.850699
v -6.220479 0.055373 -0.850699
v -6.217655 -0.195570 -0.860011
v -6.217655 0.055373 -0.860011
v -6.213067 -0.195570 -0.868593
v -6.213067 0.055373 -0.868593
v -6.206894 -0.195570 -0.876115
v -6.206894 0.055373 -0.876115
v -6.199372 -0.195570 -0.882289
v -6.199372 0.055373 -0.882289
v -6.190789 -0.195570 -0.886876
v -6.190789 0.055373 -0.886876
v -6.181477 -0.195570 -0.889701
v -6.181477 0.055373 -0.889701
v 6.112548 0.011506 0.820383
v 6.097641 -0.010935 0.847325
v 6.112548 0.011506 0.874266
v 6.127455 0.033948 0.847325
v 5.547656 0.371619 0.820383
v 5.533478 0.348709 0.847325
v 5.547656 0.371619 0.874266
v 5.561832 0.394528 0.847325
v 5.018326 0.689463 0.820383
v 5.004629 0.666263 0.847324
v 5.018326 0.689463 0.874266
v 5.032022 0.712663 0.847324
v 4.550083 0.961221 0.820383
v 4.536657 0.937863 0.847324
v 4.550083 0.961221 0.874266
v 4.563507 0.984580 0.847324
v 4.157495 1.184649 0.820383
v 4.144280 1.161171 0.847324
v 4.157495 1.184649 0.874266
v 4.170712 1.208126 0.847324
v 3.844181 1.359071 0.820383
v 3.831382 1.335364 0.847324
v 3.844181 1.359071 0.874266
v 3.856979 1.382778 0.847324
v 3.602799 1.485383 0.820383
v 3.591228 1.461053 0.847324
v 3.602799 1.485383 0.874266
v 3.614371 1.509712 0.847324
v 3.415062 1.566050 0.820383
v 3.406209 1.540605 0.847324
v 3.415062 1.566050 0.874266
v 3.423915 1.591495 0.847324
v 6.114218 0.009862 0.882168
v 6.117393 -0.000973 0.878995
v 6.114218 -0.011808 0.882168
v 6.106556 -0.016296 0.889830
v 6.098894 -0.011808 0.897492
v 6.095720 -0.000973 0.900666
v 6.098894 0.009862 0.897492
v 6.106556 0.014350 0.889830
v 6.105240 0.009862 0.869234
v 6.109282 -0.000973 0.867284
v 6.105240 -0.011808 0.869234
v 6.095481 -0.016296 0.873944
v 6.085722 -0.011808 0.878653
v 6.081680 -0.000973 0.880603
v 6.085722 0.009862 0.878653
v 6.095481 0.014350 0.873944
v 6.102506 0.009862 0.859873
v 6.106928 -0.000973 0.859110
v 6.102506 -0.011808 0.859873
v 6.091827 -0.016296 0.861717
v 6.081149 -0.011808 0.863560
v 6.076727 -0.000973 0.864323
v 6.081149 0.009862 0.863560
v 6.091827 0.014350 0.861717
v 6.102224 0.009862 0.853212
v 6.106713 -0.000973 0.853212
v 6.102224 -0.011808 0.853212
v 6.091388 -0.016296 0.853212
v 6.080553 -0.011808 0.853212
v 6.076064 -0.000973 0.853212
v 6.080553 0.009862 0.853212
v 6.091388 0.014350 0.853212
v 6.102506 0.009862 0.846552
v 6.106928 -0.000973 0.847315
v 6.102506 -0.011808 0.846552
v 6.091827 -0.016296 0.844708
v 6.081149 -0.011808 0.842865
v 6.076727 -0.000973 0.842101
v 6.081149 0.009862 0.842865
v 6.091827 0.014350 0.844708
v 6.105240 0.009862 0.837190
v 6.109282 -0.000973 0.839141
v 6.105240 -0.011808 0.837190
v 6.095481 -0.016296 0.832481
v 6.085722 -0.011808 0.827772
v 6.081680 -0.000973 0.825822
v 6.085722 0.009862 0.827772
v 6.095481 0.014350 0.832481
v 6.114218 0.009862 0.824256
v 6.117393 -0.000973 0.827430
v 6.114218 -0.011808 0.824256
v 6.106556 -0.016296 0.816595
v 6.098894 -0.011808 0.808933
v 6.095720 -0.000973 0.805759
v 6.098894 0.009862 0.808933
v 6.106556 0.014350 0.816595
v 6.127152 0.009862 0.815278
v 6.129103 -0.000973 0.819320
v 6.127152 -0.011808 0.815278
v 6.122443 -0.016296 0.805519
v 6.117733 -0.011808 0.795761
v 6.115784 -0.000973 0.791719
v 6.117733 0.009862 0.795761
v 6.122443 0.014350 0.805519
v 6.136513 0.009862 0.812543
v 6.137277 -0.000973 0.816966
v 6.136513 -0.011808 0.812543
v 6.134669 -0.016296 0.801866
v 6.132827 -0.011808 0.791188
v 6.132063 -0.000973 0.786765
v 6.132827 0.009862 0.791188
v 6.134669 0.014350 0.801866
v 6.143174 0.009862 0.812263
v 6.143174 -0.000973 0.816751
v 6.143174 -0.011808 0.812263
v 6.143174 -0.016296 0.801427
v 6.143174 -0.011808 0.790592
v 6.143174 -0.000973 0.786103
v 6.143174 0.009862 0.790592
v 6.143174 0.014350 0.801427
v 6.149835 0.009862 0.812543
v 6.149072 -0.000973 0.816966
v 6.149835 -0.011808 0.812543
v 6.151678 -0.016296 0.801866
v 6.153522 -0.011808 0.791188
v 6.154285 -0.000973 0.786766
v 6.153522 0.009862 0.791188
v 6.151678 0.014350 0.801866
v 6.159196 0.009862 0.815278
v 6.157246 -0.000973 0.819320
v 6.159196 -0.011808 0.815278
v 6.163905 -0.016296 0.805519
v 6.168614 -0.011808 0.795761
v 6.170565 -0.000973 0.791719
v 6.168614 0.009862 0.795761
v 6.163905 0.014350 0.805519
v 6.172130 0.009862 0.824257
v 6.168956 -0.000973 0.827430
v 6.172130 -0.011808 0.824257
v 6.179792 -0.016296 0.816595
v 6.187453 -0.011808 0.808933
v 6.190627 -0.000973 0.805759
v 6.187453 0.009862 0.808933
v 6.179792 0.014350 0.816595
v 6.181108 0.009862 0.837190
v 6.177066 -0.000973 0.839141
v 6.181108 -0.011808 0.837190
v 6.190867 -0.016296 0.832481
v 6.200626 -0.011808 0.827772
v 6.204668 -0.000973 0.825822
v 6.200626 0.009862 0.827772
v 6.190867 0.014350 0.832481
v 6.183843 0.009862 0.846552
v 6.179420 -0.000973 0.847315
v 6.183843 -0.011808 0.846552
v 6.194520 -0.016296 0.844708
v 6.205198 -0.011808 0.842865
v 6.209620 -0.000973 0.842101
v 6.205198 0.009862 0.842865
v 6.194520 0.014350 0.844708
v 6.184124 0.009862 0.853212
v 6.179635 -0.000973 0.853212
v 6.184124 -0.011808 0.853212
v 6.194960 -0.016296 0.853212
v 6.205795 -0.011808 0.853212
v 6.210283 -0.000973 0.853212
v 6.205795 0.009862 0.853212
v 6.194960 0.014350 0.853212
v 6.183843 0.009862 0.859873
v 6.179420 -0.000973 0.859110
v 6.183843 -0.011808 0.859873
v 6.194520 -0.016296 0.861717
v 6.205198 -0.011808 0.863560
v 6.209620 -0.000973 0.864323
v 6.205198 0.009862 0.863560
v 6.194520 0.014350 0.861717
v 6.181108 0.009862 0.869235
v 6.177066 -0.000973 0.867284
v 6.181108 -0.011808 0.869235
v 6.190867 -0.016296 0.873944
v 6.200626 -0.011808 0.878653
v 6.204668 -0.000973 0.880603
v 6.200626 0.009862 0.878653
v 6.190867 0.014350 0.873944
v 6.172130 0.009862 0.882168
v 6.168956 -0.000973 0.878995
v 6.172130 -0.011808 0.882168
v 6.179792 -0.016296 0.889830
v 6.187453 -0.011808 0.897492
v 6.190627 -0.000973 0.900666
v 6.187453 0.009862 0.897492
v 6.179792 0.014350 0.889830
v 6.159196 0.009862 0.891147
v 6.157246 -0.000973 0.887104
v 6.159196 -0.011808 0.891147
v 6.163905 -0.016296 0.900905
v 6.168614 -0.011808 0.910664
v 6.170565 -0.000973 0.914706
v 6.168614 0.009862 0.910664
v 6.163905 0.014350 0.900905
v 6.149835 0.009862 0.893881
v 6.149072 -0.000973 0.889459
v 6.149835 -0.011808 0.893881
v 6.151678 -0.016296 0.904559
v 6.153522 -0.011808 0.915236
v 6.154285 -0.000973 0.919659
v 6.153522 0.009862 0.915236
v 6.151678 0.014350 0.904559
v 6.143174 0.009862 0.894162
v 6.143174 -0.000973 0.889674
v 6.143174 -0.011808 0.894162
v 6.143174 -0.016296 0.904998
v 6.143174 -0.011808 0.915833
v 6.143174 -0.000973 0.920321
v 6.143174 0.009862 0.915833
v 6.143174 0.014350 0.904998
v 6.136513 0.009862 0.893881
v 6.137277 -0.000973 0.889459
v 6.136513 -0.011808 0.893881
v 6.134669 -0.016296 0.904559
v 6.132827 -0.011808 0.915236
v 6.132063 -0.000973 0.919659
v 6.132827 0.009862 0.915236
v 6.134669 0.014350 0.904559
v 6.127152 0.009862 0.891147
v 6.129103 -0.000973 0.887104
v 6.127152 -0.011808 0.891147
v 6.122443 -0.016296 0.900905
v 6.117733 -0.011808 0.910664
v 6.115784 -0.000973 0.914706
v 6.117733 0.009862 0.910664
v 6.122443 0.014350 0.900905
v 6.114218 0.043619 0.882168
v 6.117393 0.032784 0.878995
v 6.114218 0.021948 0.882168
v 6.106556 0.017460 0.889830
v 6.098894 0.021948 0.897492
v 6.095720 0.032784 0.900666
v 6.098894 0.043619 0.897492
v 6.106556 0.048107 0.889830
v 6.106817 0.043619 0.872352
v 6.110704 0.032784 0.870110
v 6.106817 0.021948 0.872352
v 6.097430 0.017460 0.877765
v 6.088044 0.021948 0.883178
v 6.084156 0.032784 0.885421
v 6.088044 0.043619 0.883178
v 6.097430 0.048107 0.877765
v 6.103370 0.043619 0.864123
v 6.107674 0.032784 0.862846
v 6.103370 0.021948 0.864123
v 6.092982 0.017460 0.867206
v 6.082595 0.021948 0.870289
v 6.078292 0.032784 0.871566
v 6.082595 0.043619 0.870289
v 6.092982 0.048107 0.867206
v 6.102346 0.043619 0.858238
v 6.106810 0.032784 0.857773
v 6.102346 0.021948 0.858238
v 6.091569 0.017460 0.859361
v 6.080791 0.021948 0.860484
v 6.076326 0.032784 0.860949
v 6.080791 0.043619 0.860484
v 6.091569 0.048107 0.859361
v 6.102224 0.043619 0.853212
v 6.106713 0.032784 0.853212
v 6.102224 0.021948 0.853212
v 6.091388 0.017460 0.853212
v 6.080553 0.021948 0.853212
v 6.076064 0.032784 0.853212
v 6.080553 0.043619 0.853212
v 6.091388 0.048107 0.853212
v 6.102346 0.043619 0.848186
v 6.106810 0.032784 0.848651
v 6.102346 0.021948 0.848186
v 6.091569 0.017460 0.847064
v 6.080791 0.021948 0.845941
v 6.076326 0.032784 0.845476
v 6.080791 0.043619 0.845941
v 6.091569 0.048107 0.847064
v 6.103370 0.043619 0.842302
v 6.107674 0.032784 0.843579
v 6.103370 0.021948 0.842302
v 6.092982 0.017460 0.839219
v 6.082595 0.021948 0.836136
v 6.078292 0.032784 0.834859
v 6.082595 0.043619 0.836136
v 6.092982 0.048107 0.839219
v 6.106817 0.043619 0.834073
v 6.110704 0.032784 0.836315
v 6.106817 0.021948 0.834073
v 6.097430 0.017460 0.828660
v 6.088044 0.021948 0.823246
v 6.084156 0.032784 0.821004
v 6.088044 0.043619 0.823246
v 6.097430 0.048107 0.828660
v 6.114218 0.043619 0.824256
v 6.117393 0.032784 0.827430
v 6.114218 0.021948 0.824256
v 6.106556 0.017460 0.816595
v 6.098894 0.021948 0.808933
v 6.095720 0.032784 0.805759
v 6.098894 0.043619 0.808933
v 6.106556 0.048107 0.816595
v 6.124034 0.043619 0.816855
v 6.126277 0.032784 0.820743
v 6.124034 0.021948 0.816855
v 6.118622 0.017460 0.807468
v 6.113208 0.021948 0.798082
v 6.110965 0.032784 0.794194
v 6.113208 0.043619 0.798082
v 6.118622 0.048107 0.807468
v 6.132263 0.043619 0.813409
v 6.133540 0.032784 0.817712
v 6.132263 0.021948 0.813409
v 6.129180 0.017460 0.803021
v 6.126098 0.021948 0.792634
v 6.124821 0.032784 0.788331
v 6.126098 0.043619 0.792634
v 6.129180 0.048107 0.803021
v 6.138148 0.043619 0.812384
v 6.138614 0.032784 0.816848
v 6.138148 0.021948 0.812384
v 6.137026 0.017460 0.801607
v 6.135902 0.021948 0.790830
v 6.135437 0.032784 0.786366
v 6.135902 0.043619 0.790830
v 6.137026 0.048107 0.801607
v 6.143174 0.043619 0.812263
v 6.143174 0.032784 0.816751
v 6.143174 0.021948 0.812263
v 6.143174 0.017460 0.801427
v 6.143174 0.021948 0.790592
v 6.143174 0.032784 0.786103
v 6.143174 0.043619 0.790592
v 6.143174 0.048107 0.801427
v 6.148200 0.043619 0.812384
v 6.147735 0.032784 0.816848
v 6.148200 0.021948 0.812384
v 6.149323 0.017460 0.801607
v 6.150445 0.021948 0.790830
v 6.150910 0.032784 0.786366
v 6.150445 0.043619 0.790830
v 6.149323 0.048107 0.801607
v 6.154084 0.043619 0.813409
v 6.152808 0.032784 0.817712
v 6.154084 0.021948 0.813409
v 6.157167 0.017460 0.803021
v 6.160251 0.021948 0.792634
v 6.161528 0.032784 0.788331
v 6.160251 0.043619 0.792634
v 6.157167 0.048107 0.803021
v 6.162314 0.043619 0.816855
v 6.160071 0.032784 0.820743
v 6.162314 0.021948 0.816855
v 6.167727 0.017460 0.807468
v 6.173140 0.021948 0.798082
v 6.175383 0.032784 0.794194
v 6.173140 0.043619 0.798082
v 6.167727 0.048107 0.807468
v 6.172130 0.043619 0.824256
v 6.168956 0.032784 0.827430
v 6.172130 0.021948 0.824256
v 6.179792 0.017460 0.816595
v 6.187453 0.021948 0.808933
v 6.190627 0.032784 0.805759
v 6.187453 0.043619 0.808933
v 6.179792 0.048107 0.816595
v 6.179531 0.043619 0.834073
v 6.175644 0.032784 0.836315
v 6.179531 0.021948 0.834073
v 6.188918 0.017460 0.828660
v 6.198304 0.021948 0.823246
v 6.202192 0.032784 0.821004
v 6.198304 0.043619 0.823246
v 6.188918 0.048107 0.828660
v 6.182978 0.043619 0.842302
v 6.178675 0.032784 0.843579
v 6.182978 0.021948 0.842302
v 6.193365 0.017460 0.839219
v 6.203753 0.021948 0.836136
v 6.208055 0.032784 0.834859
v 6.203753 0.043619 0.836136
v 6.193365 0.048107 0.839219
v 6.184002 0.043619 0.848186
v 6.179538 0.032784 0.848651
v 6.184002 0.021948 0.848186
v 6.194779 0.017460 0.847064
v 6.205556 0.021948 0.845941
v 6.210021 0.032784 0.845476
v 6.205556 0.043619 0.845941
v 6.194779 0.048107 0.847064
v 6.184124 0.043619 0.853212
v 6.179635 0.032784 0.853212
v 6.184124 0.021948 0.853212
v 6.194960 0.017460 0.853212
v 6.205795 0.021948 0.853212
v 6.210283 0.032784 0.853212
v 6.205795 0.043619 0.853212
v 6.194960 0.048107 0.853212
v 6.184002 0.043619 0.858238
v 6.179538 0.032784 0.857773
v 6.184002 0.021948 0.858238
v 6.194779 0.017460 0.859361
v 6.205556 0.021948 0.860484
v 6.210021 0.032784 0.860949
v 6.205556 0.043619 0.860484
v 6.194779 0.048107 0.859361
v 6.182978 0.043619 0.864123
v 6.178675 0.032784 0.862846
v 6.182978 0.021948 0.864123
v 6.193365 0.017460 0.867206
v 6.203753 0.021948 0.870289
v 6.208055 0.032784 0.871566
v 6.203753 0.043619 0.870289
v 6.193365 0.048107 0.867206
v 6.179531 0.043619 0.872352
v 6.175644 0.032784 0.870110
v 6.179531 0.021948 0.872352
v 6.188918 0.017460 0.877765
v 6.198304 0.021948 0.883178
v 6.202192 0.032784 0.885421
v 6.198304 0.043619 0.883178
v 6.188918 0.048107 0.877765
v 6.172130 0.043619 0.882168
v 6.168956 0.032784 0.878995
v 6.172130 0.021948 0.882168
v 6.179792 0.017460 0.889830
v 6.187453 0.021948 0.897492
v 6.190627 0.032784 0.900666
v 6.187453 0.043619 0.897492
v 6.179792 0.048107 0.889830
v 6.162314 0.043619 0.889570
v 6.160071 0.032784 0.885682
v 6.162314 0.021948 0.889570
v 6.167727 0.017460 0.898956
v 6.173140 0.021948 0.908343
v 6.175383 0.032784 0.912231
v 6.173140 0.043619 0.908343
v 6.167727 0.048107 0.898956
v 6.154084 0.043619 0.893016
v 6.152808 0.032784 0.888713
v 6.154084 0.021948 0.893016
v 6.157167 0.017460 0.903404
v 6.160251 0.021948 0.913791
v 6.161528 0.032784 0.918094
v 6.160251 0.043619 0.913791
v 6.157167 0.048107 0.903404
v 6.148200 0.043619 0.894041
v 6.147735 0.032784 0.889577
v 6.148200 0.021948 0.894041
v 6.149323 0.017460 0.904818
v 6.150445 0.021948 0.915595
v 6.150910 0.032784 0.920059
v 6.150445 0.043619 0.915595
v 6.149323 0.048107 0.904818
v 6.143174 0.043619 0.894162
v 6.143174 0.032784 0.889674
v 6.143174 0.021948 0.894162
v 6.143174 0.017460 0.904998
v 6.143174 0.021948 0.915833
v 6.143174 0.032784 0.920321
v 6.143174 0.043619 0.915833
v 6.143174 0.048107 0.904998
v 6.138148 0.043619 0.894041
v 6.138614 0.032784 0.889577
v 6.138148 0.021948 0.894041
v 6.137026 0.017460 0.904818
v 6.135902 0.021948 0.915595
v 6.135437 0.032784 0.920059
v 6.135902 0.043619 0.915595
v 6.137026 0.048107 0.904818
v 6.132263 0.043619 0.893016
v 6.133540 0.032784 0.888713
v 6.132263 0.021948 0.893016
v 6.129180 0.017460 0.903404
v 6.126098 0.021948 0.913791
v 6.124821 0.032784 0.918094
v 6.126098 0.043619 0.913791
v 6.129180 0.048107 0.903404
v 6.124034 0.043619 0.889570
v 6.126277 0.032784 0.885682
v 6.124034 0.021948 0.889570
v 6.118622 0.017460 0.898956
v 6.113208 0.021948 0.908343
v 6.110965 0.032784 0.912231
v 6.113208 0.043619 0.908343
v 6.118622 0.048107 0.898956
v -6.201830 0.043620 0.882168
v -6.198656 0.032784 0.878995
v -6.201830 0.021949 0.882168
v -6.209492 0.017461 0.889830
v -6.217154 0.021949 0.897492
v -6.220327 0.032784 0.900666
v -6.217154 0.043620 0.897492
v -6.209492 0.048108 0.889830
v -6.212803 0.043620 0.863726
v -6.208553 0.032784 0.862285
v -6.212803 0.021949 0.863726
v -6.223065 0.017461 0.867206
v -6.233326 0.021949 0.870685
v -6.237577 0.032784 0.872126
v -6.233326 0.043620 0.870685
v -6.223065 0.048108 0.867206
v -6.213824 0.043620 0.853212
v -6.209335 0.032784 0.853212
v -6.213824 0.021949 0.853212
v -6.224659 0.017461 0.853212
v -6.235495 0.021949 0.853212
v -6.239983 0.032784 0.853212
v -6.235495 0.043620 0.853212
v -6.224659 0.048108 0.853212
v -6.212803 0.043620 0.842698
v -6.208553 0.032784 0.844140
v -6.212803 0.021949 0.842698
v -6.223065 0.017461 0.839219
v -6.233326 0.021949 0.835740
v -6.237577 0.032784 0.834298
v -6.233326 0.043620 0.835740
v -6.223065 0.048108 0.839219
v -6.201830 0.043620 0.824256
v -6.198656 0.032784 0.827430
v -6.201830 0.021949 0.824256
v -6.209492 0.017461 0.816595
v -6.217154 0.021949 0.808933
v -6.220327 0.032784 0.805759
v -6.217154 0.043620 0.808933
v -6.209492 0.048108 0.816595
v -6.183388 0.043620 0.813283
v -6.181947 0.032784 0.817533
v -6.183388 0.021949 0.813283
v -6.186867 0.017461 0.803021
v -6.190347 0.021949 0.792760
v -6.191788 0.032784 0.788509
v -6.190347 0.043620 0.792760
v -6.186867 0.048108 0.803021
v -6.172874 0.043620 0.812263
v -6.172874 0.032784 0.816751
v -6.172874 0.021949 0.812263
v -6.172874 0.017461 0.801427
v -6.172874 0.021949 0.790592
v -6.172874 0.032784 0.786103
v -6.172874 0.043620 0.790592
v -6.172874 0.048108 0.801427
v -6.162360 0.043620 0.813283
v -6.163801 0.032784 0.817533
v -6.162360 0.021949 0.813283
v -6.158880 0.017461 0.803021
v -6.155401 0.021949 0.792760
v -6.153960 0.032784 0.788509
v -6.155401 0.043620 0.792760
v -6.158880 0.048108 0.803021
v -6.143918 0.043620 0.824256
v -6.147091 0.032784 0.827430
v -6.143918 0.021949 0.824256
v -6.136256 0.017461 0.816595
v -6.128594 0.021949 0.808933
v -6.125421 0.032784 0.805759
v -6.128594 0.043620 0.808933
v -6.136256 0.048108 0.816595
v -6.132944 0.043620 0.842698
v -6.137195 0.032784 0.844140
v -6.132944 0.021949 0.842698
v -6.122683 0.017461 0.839219
v -6.112421 0.021949 0.835740
v -6.108171 0.032784 0.834298
v -6.112421 0.043620 0.835740
v -6.122683 0.048108 0.839219
v -6.131924 0.043620 0.853212
v -6.136412 0.032784 0.853212
v -6.131924 0.021949 0.853212
v -6.121089 0.017461 0.853212
v -6.110253 0.021949 0.853212
v -6.105765 0.032784 0.853212
v -6.110253 0.043620 0.853212
v -6.121089 0.048108 0.853212
v -6.132944 0.043620 0.863726
v -6.137195 0.032784 0.862285
v -6.132944 0.021949 0.863726
v -6.122683 0.017461 0.867206
v -6.112421 0.021949 0.870685
v -6.108171 0.032784 0.872126
v -6.112421 0.043620 0.870685
v -6.122683 0.048108 0.867206
v -6.143918 0.043620 0.882168
v -6.147091 0.032784 0.878995
v -6.143918 0.021949 0.882168
v -6.136256 0.017461 0.889830
v -6.128594 0.021949 0.897492
v -6.125421 0.032784 0.900666
v -6.128594 0.043620 0.897492
v -6.136256 0.048108 0.889830
v -6.162360 0.043620 0.893142
v -6.163801 0.032784 0.888891
v -6.162360 0.021949 0.893142
v -6.158880 0.017461 0.903404
v -6.155401 0.021949 0.913665
v -6.153960 0.032784 0.917916
v -6.155401 0.043620 0.913665
v -6.158880 0.048108 0.903404
v -6.172874 0.043620 0.894162
v -6.172874 0.032784 0.889674
v -6.172874 0.021949 0.894162
v -6.172874 0.017461 0.904998
v -6.172874 0.021949 0.915833
v -6.172874 0.032784 0.920321
v -6.172874 0.043620 0.915833
v -6.172874 0.048108 0.904998
v -6.183388 0.043620 0.893142
v -6.181947 0.032784 0.888891
v -6.183388 0.021949 0.893142
v -6.186867 0.017461 0.903404
v -6.190347 0.021949 0.913665
v -6.191788 0.032784 0.917916
v -6.190347 0.043620 0.913665
v -6.186867 0.048108 0.903404
v 3.245244 1.584534 0.900779
v 3.251263 1.563985 0.894761
v 3.245244 1.543436 0.900779
v 3.230713 1.534925 0.915310
v 3.216184 1.543436 0.929840
v 3.210165 1.563985 0.935858
v 3.216184 1.584534 0.929840
v 3.230713 1.593045 0.915310
v 3.228217 1.584534 0.876251
v 3.235882 1.563985 0.872552
v 3.228217 1.543436 0.876251
v 3.209710 1.534925 0.885182
v 3.191203 1.543436 0.894112
v 3.183537 1.563985 0.897811
v 3.191203 1.584534 0.894112
v 3.209710 1.593045 0.885182
v 3.223031 1.584534 0.858498
v 3.231419 1.563985 0.857050
v 3.223031 1.543436 0.858498
v 3.202782 1.534925 0.861994
v 3.182532 1.543436 0.865490
v 3.174145 1.563985 0.866938
v 3.182532 1.584534 0.865490
v 3.202782 1.593045 0.861994
v 3.222498 1.584534 0.845866
v 3.231009 1.563985 0.845866
v 3.222498 1.543436 0.845866
v 3.201949 1.534925 0.845866
v 3.181401 1.543436 0.845866
v 3.172889 1.563985 0.845866
v 3.181401 1.584534 0.845866
v 3.201949 1.593045 0.845866
v 3.223031 1.584534 0.833235
v 3.231419 1.563985 0.834683
v 3.223031 1.543436 0.833235
v 3.202782 1.534925 0.829739
v 3.182532 1.543436 0.826243
v 3.174145 1.563985 0.824795
v 3.177308 1.584534 0.830719
v 3.202782 1.593045 0.829739
v 3.228216 1.584534 0.815481
v 3.235882 1.563985 0.819181
v 3.228216 1.543436 0.815481
v 3.209710 1.534925 0.806551
v 3.191203 1.543436 0.797621
v 3.183537 1.563985 0.793922
v 3.185979 1.584534 0.802097
v 3.209710 1.593045 0.806551
v 3.245244 1.584534 0.790953
v 3.251263 1.563985 0.796972
v 3.245244 1.543436 0.790953
v 3.230713 1.534925 0.776423
v 3.216184 1.543436 0.761893
v 3.210165 1.563985 0.755874
v 3.216184 1.584534 0.761893
v 3.230713 1.593045 0.776423
v 3.269772 1.584534 0.773926
v 3.273471 1.563985 0.781592
v 3.269772 1.543436 0.773926
v 3.260842 1.534925 0.755420
v 3.251911 1.543436 0.736913
v 3.248212 1.563985 0.729247
v 3.251911 1.584534 0.736913
v 3.260842 1.593045 0.755420
v 3.287525 1.584534 0.768740
v 3.288973 1.563985 0.777128
v 3.287525 1.543436 0.768740
v 3.284029 1.534925 0.748491
v 3.280534 1.543436 0.728241
v 3.279085 1.563985 0.719854
v 3.280534 1.584534 0.728241
v 3.284029 1.593045 0.748491
v 3.300157 1.584534 0.768208
v 3.300157 1.563985 0.776719
v 3.300157 1.543436 0.768208
v 3.300157 1.534925 0.747659
v 3.300157 1.543436 0.727110
v 3.300157 1.563985 0.718598
v 3.300157 1.584534 0.727110
v 3.300157 1.593045 0.747659
v 3.312788 1.584534 0.768740
v 3.311340 1.563985 0.777128
v 3.312788 1.543436 0.768740
v 3.316285 1.534925 0.748491
v 3.319780 1.543436 0.728241
v 3.321228 1.563985 0.719854
v 3.319780 1.584534 0.728241
v 3.316285 1.593045 0.748491
v 3.330542 1.584534 0.773926
v 3.326842 1.563985 0.781592
v 3.330542 1.543436 0.773926
v 3.339473 1.534925 0.755420
v 3.348403 1.543436 0.736913
v 3.352102 1.563985 0.729247
v 3.348403 1.584534 0.736913
v 3.339473 1.593045 0.755420
v 3.355070 1.584534 0.790953
v 3.349051 1.563985 0.796972
v 3.355070 1.543436 0.790953
v 3.369600 1.534925 0.776423
v 3.384130 1.543436 0.761893
v 3.390149 1.563985 0.755874
v 3.384130 1.584534 0.761893
v 3.369600 1.593045 0.776423
v 3.372097 1.584534 0.815481
v 3.364431 1.563985 0.819181
v 3.372097 1.543436 0.815481
v 3.390603 1.534925 0.806551
v 3.409110 1.543436 0.797621
v 3.416776 1.563985 0.793922
v 3.409110 1.584534 0.797621
v 3.390603 1.593045 0.806551
v 3.377283 1.584534 0.833235
v 3.368896 1.563985 0.834683
v 3.377283 1.543436 0.833235
v 3.397532 1.534925 0.829739
v 3.417781 1.543436 0.826243
v 3.426168 1.563985 0.824795
v 3.417781 1.584534 0.826243
v 3.397532 1.593045 0.829739
v 3.377815 1.584534 0.845866
v 3.369304 1.563985 0.845866
v 3.377815 1.543436 0.845866
v 3.398365 1.534925 0.845866
v 3.418913 1.543436 0.845866
v 3.427424 1.563985 0.845866
v 3.418913 1.584534 0.845866
v 3.398365 1.593045 0.845866
v 3.377283 1.584534 0.858498
v 3.368896 1.563985 0.857050
v 3.377283 1.543436 0.858498
v 3.397532 1.534925 0.861994
v 3.417781 1.543436 0.865490
v 3.426168 1.563985 0.866938
v 3.417781 1.584534 0.865490
v 3.397532 1.593045 0.861994
v 3.372096 1.584534 0.876251
v 3.364431 1.563985 0.872552
v 3.372096 1.543436 0.876251
v 3.390603 1.534925 0.885182
v 3.409110 1.543436 0.894112
v 3.416776 1.563985 0.897811
v 3.409110 1.584534 0.894112
v 3.390603 1.593045 0.885182
v 3.355069 1.584534 0.900779
v 3.349051 1.563985 0.894761
v 3.355069 1.543436 0.900779
v 3.369600 1.534925 0.915310
v 3.384130 1.543436 0.929840
v 3.390148 1.563985 0.935858
v 3.384130 1.584534 0.929840
v 3.369600 1.593045 0.915310
v 3.330542 1.584534 0.917806
v 3.326842 1.563985 0.910141
v 3.330542 1.543436 0.917806
v 3.339472 1.534925 0.936313
v 3.348403 1.543436 0.954820
v 3.352102 1.563985 0.962486
v 3.348403 1.584534 0.954820
v 3.339472 1.593045 0.936313
v 3.312788 1.584534 0.922993
v 3.311340 1.563985 0.914605
v 3.312788 1.543436 0.922993
v 3.316285 1.534925 0.943242
v 3.319780 1.543436 0.963491
v 3.321228 1.563985 0.971879
v 3.319780 1.584534 0.963491
v 3.316285 1.593045 0.943242
v 3.300157 1.584534 0.923525
v 3.300157 1.563985 0.915013
v 3.300157 1.543436 0.923525
v 3.300157 1.534925 0.944074
v 3.300157 1.543436 0.964623
v 3.300157 1.563985 0.973134
v 3.300157 1.584534 0.964623
v 3.300157 1.593045 0.944074
v 3.287525 1.584534 0.922993
v 3.288973 1.563985 0.914605
v 3.287525 1.543436 0.922993
v 3.284029 1.534925 0.943242
v 3.280534 1.543436 0.963491
v 3.279085 1.563985 0.971879
v 3.280534 1.584534 0.963491
v 3.284029 1.593045 0.943242
v 3.269772 1.584534 0.917806
v 3.273471 1.563985 0.910141
v 3.269772 1.543436 0.917806
v 3.260842 1.534925 0.936313
v 3.251911 1.543436 0.954820
v 3.248213 1.563985 0.962486
v 3.251911 1.584534 0.954820
v 3.260842 1.593045 0.936313
v 3.245244 1.520517 0.900779
v 3.251263 1.499969 0.894761
v 3.245244 1.479419 0.900779
v 3.230713 1.470908 0.915310
v 3.216184 1.479419 0.929840
v 3.210165 1.499969 0.935858
v 3.216184 1.520517 0.929840
v 3.230713 1.529029 0.915310
v 3.228217 1.520517 0.876251
v 3.235882 1.499969 0.872552
v 3.228217 1.479419 0.876251
v 3.209710 1.470908 0.885182
v 3.191203 1.479419 0.894112
v 3.183537 1.499969 0.897811
v 3.191203 1.520517 0.894112
v 3.209710 1.529029 0.885182
v 3.223031 1.520517 0.858498
v 3.231419 1.499969 0.857050
v 3.223031 1.479419 0.858498
v 3.202782 1.470908 0.861994
v 3.182532 1.479419 0.865490
v 3.174145 1.499969 0.866938
v 3.182532 1.520517 0.865490
v 3.202782 1.529029 0.861994
v 3.222498 1.520517 0.845866
v 3.231009 1.499969 0.845866
v 3.222498 1.479419 0.845866
v 3.201949 1.470908 0.845866
v 3.181401 1.479419 0.845866
v 3.172889 1.499969 0.845866
v 3.181401 1.520517 0.845866
v 3.201949 1.529029 0.845866
v 3.223031 1.520517 0.833235
v 3.231419 1.499969 0.834683
v 3.223031 1.479419 0.833235
v 3.202782 1.470908 0.829739
v 3.182532 1.479419 0.826243
v 3.174145 1.499969 0.824795
v 3.182532 1.520517 0.826243
v 3.202782 1.529029 0.829739
v 3.228216 1.520517 0.815481
v 3.235882 1.499969 0.819181
v 3.228216 1.479419 0.815481
v 3.209710 1.470908 0.806551
v 3.191203 1.479419 0.797621
v 3.183537 1.499969 0.793922
v 3.191203 1.520517 0.797621
v 3.209710 1.529029 0.806551
v 3.245244 1.520517 0.790953
v 3.251263 1.499969 0.796972
v 3.245244 1.479419 0.790953
v 3.230713 1.470908 0.776423
v 3.216184 1.479419 0.761893
v 3.210165 1.499969 0.755874
v 3.216184 1.520517 0.761893
v 3.230713 1.529029 0.776423
v 3.269772 1.520517 0.773926
v 3.273471 1.499969 0.781592
v 3.269772 1.479419 0.773926
v 3.260842 1.470908 0.755420
v 3.251911 1.479419 0.736913
v 3.248212 1.499969 0.729247
v 3.251911 1.520517 0.736913
v 3.260842 1.529029 0.755420
v 3.287525 1.520517 0.768740
v 3.288973 1.499969 0.777128
v 3.287525 1.479419 0.768740
v 3.284029 1.470908 0.748491
v 3.280534 1.479419 0.728241
v 3.279085 1.499969 0.719854
v 3.280534 1.520517 0.728241
v 3.284029 1.529029 0.748491
v 3.300157 1.520517 0.768208
v 3.300157 1.499969 0.776719
v 3.300157 1.479419 0.768208
v 3.300157 1.470908 0.747659
v 3.300157 1.479419 0.727110
v 3.300157 1.499969 0.718598
v 3.300157 1.520517 0.727110
v 3.300157 1.529029 0.747659
v 3.312788 1.520517 0.768740
v 3.311340 1.499969 0.777128
v 3.312788 1.479419 0.768740
v 3.316285 1.470908 0.748491
v 3.319780 1.479419 0.728241
v 3.321228 1.499969 0.719854
v 3.319780 1.520517 0.728241
v 3.316285 1.529029 0.748491
v 3.330542 1.520517 0.773926
v 3.326842 1.499969 0.781592
v 3.330542 1.479419 0.773926
v 3.339473 1.470908 0.755420
v 3.348403 1.479419 0.736913
v 3.352102 1.499969 0.729247
v 3.348403 1.520517 0.736913
v 3.339473 1.529029 0.755420
v 3.355070 1.520517 0.790953
v 3.349051 1.499969 0.796972
v 3.355070 1.479419 0.790953
v 3.369600 1.470908 0.776423
v 3.384130 1.479419 0.761893
v 3.390149 1.499969 0.755874
v 3.384130 1.520517 0.761893
v 3.369600 1.529029 0.776423
v 3.372097 1.520517 0.815481
v 3.364431 1.499969 0.819181
v 3.372097 1.479419 0.815481
v 3.390603 1.470908 0.806551
v 3.409110 1.479419 0.797621
v 3.416776 1.499969 0.793922
v 3.409110 1.520517 0.797621
v 3.390603 1.529029 0.806551
v 3.377283 1.520517 0.833235
v 3.368896 1.499969 0.834683
v 3.377283 1.479419 0.833235
v 3.397532 1.470908 0.829739
v 3.417781 1.479419 0.826243
v 3.426168 1.499969 0.824795
v 3.417781 1.520517 0.826243
v 3.397532 1.529029 0.829739
v 3.377815 1.520517 0.845866
v 3.369304 1.499969 0.845866
v 3.377815 1.479419 0.845866
v 3.398365 1.470908 0.845866
v 3.418913 1.479419 0.845866
v 3.427424 1.499969 0.845866
v 3.418913 1.520517 0.845866
v 3.398365 1.529029 0.845866
v 3.377283 1.520517 0.858498
v 3.368896 1.499969 0.857050
v 3.377283 1.479419 0.858498
v 3.397532 1.470908 0.861994
v 3.417781 1.479419 0.865490
v 3.426168 1.499969 0.866938
v 3.417781 1.520517 0.865490
v 3.397532 1.529029 0.861994
v 3.372096 1.520517 0.876251
v 3.364431 1.499969 0.872552
v 3.372096 1.479419 0.876251
v 3.390603 1.470908 0.885182
v 3.409110 1.479419 0.894112
v 3.416776 1.499969 0.897811
v 3.409110 1.520517 0.894112
v 3.390603 1.529029 0.885182
v 3.355069 1.520517 0.900779
v 3.349051 1.499969 0.894761
v 3.355069 1.479419 0.900779
v 3.369600 1.470908 0.915310
v 3.384130 1.479419 0.929840
v 3.390148 1.499969 0.935858
v 3.384130 1.520517 0.929840
v 3.369600 1.529029 0.915310
v 3.330542 1.520517 0.917806
v 3.326842 1.499969 0.910141
v 3.330542 1.479419 0.917806
v 3.339472 1.470908 0.936313
v 3.348403 1.479419 0.954820
v 3.352102 1.499969 0.962486
v 3.348403 1.520517 0.954820
v 3.339472 1.529029 0.936313
v 3.312788 1.520517 0.922993
v 3.311340 1.499969 0.914605
v 3.312788 1.479419 0.922993
v 3.316285 1.470908 0.943242
v 3.319780 1.479419 0.963491
v 3.321228 1.499969 0.971879
v 3.319780 1.520517 0.963491
v 3.316285 1.529029 0.943242
v 3.300157 1.520517 0.923525
v 3.300157 1.499969 0.915013
v 3.300157 1.479419 0.923525
v 3.300157 1.470908 0.944074
v 3.300157 1.479419 0.964623
v 3.300157 1.499969 0.973134
v 3.300157 1.520517 0.964623
v 3.300157 1.529029 0.944074
v 3.287525 1.520517 0.922993
v 3.288973 1.499969 0.914605
v 3.287525 1.479419 0.922993
v 3.284029 1.470908 0.943242
v 3.280534 1.479419 0.963491
v 3.279085 1.499969 0.971879
v 3.280534 1.520517 0.963491
v 3.284029 1.529029 0.943242
v 3.269772 1.520517 0.917806
v 3.273471 1.499969 0.910141
v 3.269772 1.479419 0.917806
v 3.260842 1.470908 0.936313
v 3.251911 1.479419 0.954820
v 3.248213 1.499969 0.962486
v 3.251911 1.520517 0.954820
v 3.260842 1.529029 0.936313
v -3.508062 1.520518 0.900779
v -3.502044 1.499969 0.894761
v -3.508062 1.479420 0.900779
v -3.522593 1.470909 0.915310
v -3.537122 1.479420 0.929840
v -3.543141 1.499969 0.935858
v -3.537122 1.520518 0.929840
v -3.522593 1.529029 0.915310
v -3.525089 1.520518 0.876251
v -3.517424 1.499969 0.872552
v -3.525089 1.479420 0.876251
v -3.543596 1.470909 0.885182
v -3.562103 1.479420 0.894112
v -3.569769 1.499969 0.897811
v -3.562103 1.520518 0.894112
v -3.543596 1.529029 0.885182
v -3.530276 1.520518 0.858498
v -3.521888 1.499969 0.857050
v -3.530276 1.479420 0.858498
v -3.550525 1.470909 0.861994
v -3.570774 1.479420 0.865490
v -3.579161 1.499969 0.866938
v -3.570774 1.520518 0.865490
v -3.550525 1.529029 0.861994
v -3.530808 1.520518 0.845866
v -3.522296 1.499969 0.845866
v -3.530808 1.479420 0.845866
v -3.551357 1.470909 0.845866
v -3.571906 1.479420 0.845866
v -3.580417 1.499969 0.845866
v -3.571906 1.520518 0.845866
v -3.551357 1.529029 0.845866
v -3.530276 1.520518 0.833235
v -3.521888 1.499969 0.834683
v -3.530276 1.479420 0.833235
v -3.550525 1.470909 0.829739
v -3.570774 1.479420 0.826243
v -3.579161 1.499969 0.824795
v -3.570774 1.520518 0.826243
v -3.550525 1.529029 0.829739
v -3.525089 1.520518 0.815481
v -3.517424 1.499969 0.819181
v -3.525089 1.479420 0.815481
v -3.543596 1.470909 0.806551
v -3.562103 1.479420 0.797621
v -3.569769 1.499969 0.793922
v -3.562103 1.520518 0.797621
v -3.543596 1.529029 0.806551
v -3.508062 1.520518 0.790953
v -3.502044 1.499969 0.796972
v -3.508062 1.479420 0.790953
v -3.522593 1.470909 0.776423
v -3.537122 1.479420 0.761893
v -3.543141 1.499969 0.755874
v -3.537122 1.520518 0.761893
v -3.522593 1.529029 0.776423
v -3.483534 1.520518 0.773926
v -3.479835 1.499969 0.781592
v -3.483534 1.479420 0.773926
v -3.492465 1.470909 0.755420
v -3.501395 1.479420 0.736913
v -3.505094 1.499969 0.729247
v -3.501395 1.520518 0.736913
v -3.492465 1.529029 0.755420
v -3.465781 1.520518 0.768740
v -3.464333 1.499969 0.777128
v -3.465781 1.479420 0.768740
v -3.469277 1.470909 0.748491
v -3.472773 1.479420 0.728241
v -3.474221 1.499969 0.719854
v -3.472773 1.520518 0.728241
v -3.469277 1.529029 0.748491
v -3.453149 1.520518 0.768208
v -3.453149 1.499969 0.776719
v -3.453149 1.479420 0.768208
v -3.453149 1.470909 0.747659
v -3.453149 1.479420 0.727110
v -3.453149 1.499969 0.718598
v -3.453149 1.520518 0.727110
v -3.453149 1.529029 0.747659
v -3.440518 1.520518 0.768740
v -3.441965 1.499969 0.777128
v -3.440518 1.479420 0.768740
v -3.437021 1.470909 0.748491
v -3.433526 1.479420 0.728241
v -3.432078 1.499969 0.719854
v -3.433526 1.520518 0.728241
v -3.437021 1.529029 0.748491
v -3.422764 1.520518 0.773926
v -3.426463 1.499969 0.781592
v -3.422764 1.479420 0.773926
v -3.413834 1.470909 0.755420
v -3.404903 1.479420 0.736913
v -3.401204 1.499969 0.729247
v -3.404903 1.520518 0.736913
v -3.413834 1.529029 0.755420
v -3.398236 1.520518 0.790953
v -3.404255 1.499969 0.796972
v -3.398236 1.479420 0.790953
v -3.383706 1.470909 0.776423
v -3.369176 1.479420 0.761893
v -3.363157 1.499969 0.755874
v -3.369176 1.520518 0.761893
v -3.383706 1.529029 0.776423
v -3.381209 1.520518 0.815481
v -3.388875 1.499969 0.819181
v -3.381209 1.479420 0.815481
v -3.362702 1.470909 0.806551
v -3.344196 1.479420 0.797621
v -3.336530 1.499969 0.793922
v -3.344196 1.520518 0.797621
v -3.362702 1.529029 0.806551
v -3.376023 1.520518 0.833235
v -3.384410 1.499969 0.834683
v -3.376023 1.479420 0.833235
v -3.355773 1.470909 0.829739
v -3.335524 1.479420 0.826243
v -3.327137 1.499969 0.824795
v -3.335524 1.520518 0.826243
v -3.355773 1.529029 0.829739
v -3.375490 1.520518 0.845866
v -3.384002 1.499969 0.845866
v -3.375490 1.479420 0.845866
v -3.354942 1.470909 0.845866
v -3.334393 1.479420 0.845866
v -3.325881 1.499969 0.845866
v -3.334393 1.520518 0.845866
v -3.354942 1.529029 0.845866
v -3.376023 1.520518 0.858498
v -3.384410 1.499969 0.857050
v -3.376023 1.479420 0.858498
v -3.355773 1.470909 0.861994
v -3.335524 1.479420 0.865490
v -3.327137 1.499969 0.866938
v -3.335524 1.520518 0.865490
v -3.355773 1.529029 0.861994
v -3.381209 1.520518 0.876251
v -3.388875 1.499969 0.872552
v -3.381209 1.479420 0.876251
v -3.362702 1.470909 0.885182
v -3.344196 1.479420 0.894112
v -3.336530 1.499969 0.897811
v -3.344196 1.520518 0.894112
v -3.362702 1.529029 0.885182
v -3.398236 1.520518 0.900779
v -3.404255 1.499969 0.894761
v -3.398236 1.479420 0.900779
v -3.383706 1.470909 0.915310
v -3.369176 1.479420 0.929840
v -3.363157 1.499969 0.935858
v -3.369176 1.520518 0.929840
v -3.383706 1.529029 0.915310
v -3.422764 1.520518 0.917806
v -3.426463 1.499969 0.910141
v -3.422764 1.479420 0.917806
v -3.413834 1.470909 0.936313
v -3.404903 1.479420 0.954820
v -3.401204 1.499969 0.962486
v -3.404903 1.520518 0.954820
v -3.413834 1.529029 0.936313
v -3.440518 1.520518 0.922993
v -3.441965 1.499969 0.914605
v -3.440518 1.479420 0.922993
v -3.437021 1.470909 0.943242
v -3.433526 1.479420 0.963491
v -3.432078 1.499969 0.971879
v -3.433526 1.520518 0.963491
v -3.437021 1.529029 0.943242
v -3.453149 1.520518 0.923525
v -3.453149 1.499969 0.915013
v -3.453149 1.479420 0.923525
v -3.453149 1.470909 0.944074
v -3.453149 1.479420 0.964623
v -3.453149 1.499969 0.973134
v -3.453149 1.520518 0.964623
v -3.453149 1.529029 0.944074
v -3.465781 1.520518 0.922993
v -3.464333 1.499969 0.914605
v -3.465781 1.479420 0.922993
v -3.469277 1.470909 0.943242
v -3.472773 1.479420 0.963491
v -3.474221 1.499969 0.971879
v -3.472773 1.520518 0.963491
v -3.469277 1.529029 0.943242
v -3.483534 1.520518 0.917806
v -3.479835 1.499969 0.910141
v -3.483534 1.479420 0.917806
v -3.492464 1.470909 0.936313
v -3.501395 1.479420 0.954820
v -3.505094 1.499969 0.962486
v -3.501395 1.520518 0.954820
v -3.492464 1.529029 0.936313
v -3.508062 1.584534 0.900779
v -3.502044 1.563986 0.894761
v -3.508062 1.543437 0.900779
v -3.522593 1.534925 0.915310
v -3.537122 1.543437 0.929840
v -3.543141 1.563986 0.935858
v -3.537122 1.584534 0.929840
v -3.522593 1.593046 0.915310
v -3.525089 1.584534 0.876251
v -3.517424 1.563986 0.872552
v -3.525089 1.543437 0.876251
v -3.543596 1.534925 0.885182
v -3.562103 1.543437 0.894112
v -3.569769 1.563986 0.897811
v -3.562103 1.584534 0.894112
v -3.543596 1.593046 0.885182
v -3.530276 1.584534 0.858498
v -3.521888 1.563986 0.857050
v -3.530276 1.543437 0.858498
v -3.550525 1.534925 0.861994
v -3.570774 1.543437 0.865490
v -3.579161 1.563986 0.866938
v -3.570774 1.584534 0.865490
v -3.550525 1.593046 0.861994
v -3.530808 1.584534 0.845866
v -3.522296 1.563986 0.845866
v -3.530808 1.543437 0.845866
v -3.551357 1.534925 0.845866
v -3.571906 1.543437 0.845866
v -3.580417 1.563986 0.845866
v -3.571906 1.584534 0.845866
v -3.551357 1.593046 0.845866
v -3.530276 1.584534 0.833235
v -3.521888 1.563986 0.834683
v -3.530276 1.543437 0.833235
v -3.550525 1.534925 0.829739
v -3.570774 1.543437 0.826243
v -3.579161 1.563986 0.824795
v -3.570774 1.584534 0.826243
v -3.550525 1.593046 0.829739
v -3.525089 1.584534 0.815481
v -3.517424 1.563986 0.819181
v -3.525089 1.543437 0.815481
v -3.543596 1.534925 0.806551
v -3.562103 1.543437 0.797621
v -3.569769 1.563986 0.793922
v -3.562103 1.584534 0.797621
v -3.543596 1.593046 0.806551
v -3.508062 1.584534 0.790953
v -3.502044 1.563986 0.796972
v -3.508062 1.543437 0.790953
v -3.522593 1.534925 0.776423
v -3.537122 1.543437 0.761893
v -3.543141 1.563986 0.755874
v -3.537122 1.584534 0.761893
v -3.522593 1.593046 0.776423
v -3.483534 1.584534 0.773926
v -3.479835 1.563986 0.781592
v -3.483534 1.543437 0.773926
v -3.492465 1.534925 0.755420
v -3.501395 1.543437 0.736913
v -3.505094 1.563986 0.729247
v -3.501395 1.584534 0.736913
v -3.492465 1.593046 0.755420
v -3.465781 1.584534 0.768740
v -3.464333 1.563986 0.777128
v -3.465781 1.543437 0.768740
v -3.469277 1.534925 0.748491
v -3.472773 1.543437 0.728241
v -3.474221 1.563986 0.719854
v -3.472773 1.584534 0.728241
v -3.469277 1.593046 0.748491
v -3.453149 1.584534 0.768208
v -3.453149 1.563986 0.776719
v -3.453149 1.543437 0.768208
v -3.453149 1.534925 0.747659
v -3.453149 1.543437 0.727110
v -3.453149 1.563986 0.718598
v -3.453149 1.584534 0.727110
v -3.453149 1.593046 0.747659
v -3.440518 1.584534 0.768740
v -3.441965 1.563986 0.777128
v -3.440518 1.543437 0.768740
v -3.437021 1.534925 0.748491
v -3.433526 1.543437 0.728241
v -3.432078 1.563986 0.719854
v -3.433526 1.584534 0.728241
v -3.437021 1.593046 0.748491
v -3.422764 1.584534 0.773926
v -3.426463 1.563986 0.781592
v -3.422764 1.543437 0.773926
v -3.413834 1.534925 0.755420
v -3.404903 1.543437 0.736913
v -3.401204 1.563986 0.729247
v -3.404903 1.584534 0.736913
v -3.413834 1.593046 0.755420
v -3.398236 1.584534 0.790953
v -3.404255 1.563986 0.796972
v -3.398236 1.543437 0.790953
v -3.383706 1.534925 0.776423
v -3.369176 1.543437 0.761893
v -3.363157 1.563986 0.755874
v -3.369176 1.584534 0.761893
v -3.383706 1.593046 0.776423
v -3.381209 1.584534 0.815481
v -3.388875 1.563986 0.819181
v -3.381209 1.543437 0.815481
v -3.362702 1.534925 0.806551
v -3.344196 1.543437 0.797621
v -3.336530 1.563986 0.793922
v -3.344196 1.584534 0.797621
v -3.362702 1.593046 0.806551
v -3.376023 1.584534 0.833235
v -3.384410 1.563986 0.834683
v -3.376023 1.543437 0.833235
v -3.355773 1.534925 0.829739
v -3.335524 1.543437 0.826243
v -3.327137 1.563986 0.824795
v -3.335524 1.584534 0.826243
v -3.355773 1.593046 0.829739
v -3.375490 1.584534 0.845866
v -3.384002 1.563986 0.845866
v -3.375490 1.543437 0.845866
v -3.354942 1.534925 0.845866
v -3.334393 1.543437 0.845866
v -3.325881 1.563986 0.845866
v -3.334393 1.584534 0.845866
v -3.354942 1.593046 0.845866
v -3.376023 1.584534 0.858498
v -3.384410 1.563986 0.857050
v -3.376023 1.543437 0.858498
v -3.355773 1.534925 0.861994
v -3.335524 1.543437 0.865490
v -3.327137 1.563986 0.866938
v -3.335524 1.584534 0.865490
v -3.355773 1.593046 0.861994
v -3.381209 1.584534 0.876251
v -3.388875 1.563986 0.872552
v -3.381209 1.543437 0.876251
v -3.362702 1.534925 0.885182
v -3.344196 1.543437 0.894112
v -3.336530 1.563986 0.897811
v -3.344196 1.584534 0.894112
v -3.362702 1.593046 0.885182
v -3.398236 1.584534 0.900779
v -3.404255 1.563986 0.894761
v -3.398236 1.543437 0.900779
v -3.383706 1.534925 0.915310
v -3.369176 1.543437 0.929840
v -3.363157 1.563986 0.935858
v -3.369176 1.584534 0.929840
v -3.383706 1.593046 0.915310
v -3.422764 1.584534 0.917806
v -3.426463 1.563986 0.910141
v -3.422764 1.543437 0.917806
v -3.413834 1.534925 0.936313
v -3.404903 1.543437 0.954820
v -3.401204 1.563986 0.962486
v -3.404903 1.584534 0.954820
v -3.413834 1.593046 0.936313
v -3.440518 1.584534 0.922993
v -3.441965 1.563986 0.914605
v -3.440518 1.543437 0.922993
v -3.437021 1.534925 0.943242
v -3.433526 1.543437 0.963491
v -3.432078 1.563986 0.971879
v -3.433526 1.584534 0.963491
v -3.437021 1.593046 0.943242
v -3.453149 1.584534 0.923525
v -3.453149 1.563986 0.915013
v -3.453149 1.543437 0.923525
v -3.453149 1.534925 0.944074
v -3.453149 1.543437 0.964623
v -3.453149 1.563986 0.973134
v -3.453149 1.584534 0.964623
v -3.453149 1.593046 0.944074
v -3.465781 1.584534 0.922993
v -3.464333 1.563986 0.914605
v -3.465781 1.543437 0.922993
v -3.469277 1.534925 0.943242
v -3.472773 1.543437 0.963491
v -3.474221 1.563986 0.971879
v -3.472773 1.584534 0.963491
v -3.469277 1.593046 0.943242
v -3.483534 1.584534 0.917806
v -3.479835 1.563986 0.910141
v -3.483534 1.543437 0.917806
v -3.492464 1.534925 0.936313
v -3.501395 1.543437 0.954820
v -3.505094 1.563986 0.962486
v -3.501395 1.584534 0.954820
v -3.492464 1.593046 0.936313
v 3.305335 1.557120 0.861649
v 3.299451 1.562973 0.881681
v 3.285249 1.577099 0.889980
v 3.271047 1.591226 0.881681
v 3.265162 1.597078 0.861649
v 3.271047 1.591226 0.841618
v 3.285249 1.577099 0.833318
v 3.299451 1.562973 0.841618
v 2.767518 1.384179 0.861649
v 2.765419 1.392209 0.881681
v 2.760352 1.411589 0.889980
v 2.755285 1.430969 0.881681
v 2.753186 1.438999 0.861649
v 2.755285 1.430969 0.841618
v 2.760352 1.411589 0.833318
v 2.765419 1.392209 0.841618
v 2.190954 1.263709 0.861649
v 2.189563 1.271891 0.881681
v 2.186205 1.291639 0.889980
v 2.182847 1.311387 0.881681
v 2.181456 1.319569 0.861649
v 2.182847 1.311387 0.841618
v 2.186205 1.291639 0.833318
v 2.189563 1.271891 0.841618
v 1.576651 1.182811 0.861649
v 1.575801 1.191068 0.881681
v 1.573750 1.210994 0.889980
v 1.571698 1.230920 0.881681
v 1.570848 1.239176 0.861649
v 1.571698 1.230920 0.841618
v 1.573750 1.210994 0.833318
v 1.575801 1.191068 0.841618
v 0.935433 1.135107 0.861649
v 0.934993 1.143395 0.881681
v 0.933933 1.163398 0.889980
v 0.932872 1.183402 0.881681
v 0.932433 1.191689 0.861649
v 0.932872 1.183402 0.841618
v 0.933933 1.163398 0.833318
v 0.934993 1.143395 0.841618
v 0.278148 1.114270 0.861649
v 0.278016 1.122569 0.881681
v 0.277699 1.142598 0.889980
v 0.277381 1.162627 0.881681
v 0.277250 1.170926 0.861649
v 0.277381 1.162627 0.841618
v 0.277699 1.142598 0.833318
v 0.278016 1.122569 0.841618
v -0.384457 1.114271 0.861649
v -0.384326 1.122569 0.881681
v -0.384008 1.142598 0.889980
v -0.383691 1.162627 0.881681
v -0.383559 1.170926 0.861649
v -0.383691 1.162627 0.841618
v -0.384008 1.142598 0.833318
v -0.384326 1.122569 0.841618
v -1.041741 1.135108 0.861649
v -1.041302 1.143395 0.881681
v -1.040241 1.163399 0.889980
v -1.039181 1.183402 0.881681
v -1.038741 1.191690 0.861649
v -1.039181 1.183402 0.841618
v -1.040241 1.163399 0.833318
v -1.041302 1.143395 0.841618
v -1.682959 1.182811 0.861649
v -1.682109 1.191067 0.881681
v -1.680057 1.210994 0.889980
v -1.678006 1.230920 0.881681
v -1.677156 1.239176 0.861649
v -1.678006 1.230920 0.841618
v -1.680057 1.210994 0.833318
v -1.682109 1.191067 0.841618
v -2.297261 1.263709 0.861649
v -2.295869 1.271890 0.881681
v -2.292511 1.291639 0.889980
v -2.289153 1.311387 0.881681
v -2.287762 1.319569 0.861649
v -2.289153 1.311387 0.841618
v -2.292511 1.291639 0.833318
v -2.295869 1.271890 0.841618
v -2.873824 1.384179 0.861649
v -2.871725 1.392209 0.881681
v -2.866659 1.411589 0.889980
v -2.861592 1.430969 0.881681
v -2.859493 1.438998 0.861649
v -2.861592 1.430969 0.841618
v -2.866659 1.411589 0.833318
v -2.871725 1.392209 0.841618
v -3.411641 1.557119 0.861649
v -3.405756 1.562972 0.881681
v -3.391554 1.577099 0.889980
v -3.377352 1.591225 0.881681
v -3.371467 1.597078 0.861649
v -3.377352 1.591225 0.841618
v -3.391554 1.577099 0.833318
v -3.405756 1.562972 0.841618
v -2.269854 1.286131 0.836571
v -2.249822 1.286131 0.844871
v -2.241523 1.286131 0.864903
v -2.249822 1.286131 0.884934
v -2.269854 1.286131 0.893234
v -2.289885 1.286131 0.884934
v -2.298185 1.286131 0.864903
v -2.289885 1.286131 0.844871
v -2.269854 1.178266 0.836571
v -2.249822 1.178266 0.844871
v -2.241523 1.178266 0.864902
v -2.249822 1.178266 0.884934
v -2.269854 1.178266 0.893234
v -2.289885 1.178266 0.884934
v -2.298185 1.178266 0.864902
v -2.289885 1.178266 0.844871
v -2.269854 1.072775 0.836572
v -2.249822 1.072775 0.844872
v -2.241523 1.072775 0.864903
v -2.249822 1.072775 0.884934
v -2.269854 1.072775 0.893234
v -2.289885 1.072775 0.884934
v -2.298185 1.072775 0.864903
v -2.289885 1.072775 0.844872
v -2.269854 0.969207 0.836572
v -2.249822 0.969207 0.844872
v -2.241523 0.969207 0.864903
v -2.249822 0.969207 0.884934
v -2.269854 0.969207 0.893234
v -2.289885 0.969207 0.884934
v -2.298185 0.969207 0.864903
v -2.289885 0.969207 0.844872
v -2.269854 0.867162 0.836571
v -2.249822 0.867162 0.844871
v -2.241523 0.867162 0.864903
v -2.249822 0.867162 0.884934
v -2.269854 0.867162 0.893234
v -2.289885 0.867162 0.884934
v -2.298185 0.867162 0.864903
v -2.289885 0.867162 0.844871
v -2.269854 0.766281 0.836571
v -2.249822 0.766281 0.844871
v -2.241523 0.766281 0.864902
v -2.249822 0.766281 0.884933
v -2.269854 0.766281 0.893233
v -2.289885 0.766281 0.884933
v -2.298185 0.766281 0.864902
v -2.289885 0.766281 0.844871
v -2.269854 0.666258 0.836571
v -2.249822 0.666258 0.844871
v -2.241523 0.666258 0.864902
v -2.249822 0.666258 0.884934
v -2.269854 0.666258 0.893234
v -2.289885 0.666258 0.884934
v -2.298185 0.666258 0.864902
v -2.289885 0.666258 0.844871
v -2.269854 0.566830 0.836571
v -2.249822 0.566830 0.844871
v -2.241523 0.566830 0.864903
v -2.249822 0.566830 0.884934
v -2.269854 0.566830 0.893234
v -2.289885 0.566830 0.884934
v -2.298185 0.566830 0.864903
v -2.289885 0.566830 0.844871
v -2.269854 0.467786 0.836571
v -2.249822 0.467786 0.844871
v -2.241523 0.467786 0.864902
v -2.249822 0.467786 0.884933
v -2.269854 0.467786 0.893233
v -2.289885 0.467786 0.884933
v -2.298185 0.467786 0.864902
v -2.289885 0.467786 0.844871
v -2.269854 0.368959 0.836571
v -2.249822 0.368959 0.844871
v -2.241523 0.368959 0.864902
v -2.249822 0.368959 0.884934
v -2.269854 0.368959 0.893234
v -2.289885 0.368959 0.884934
v -2.298185 0.368959 0.864902
v -2.289885 0.368959 0.844871
v -2.269854 0.270231 0.836571
v -2.249822 0.270231 0.844871
v -2.241523 0.270231 0.864902
v -2.249822 0.270231 0.884934
v -2.269854 0.270231 0.893234
v -2.289885 0.270231 0.884934
v -2.298185 0.270231 0.864902
v -2.289885 0.270231 0.844871
v -2.269854 0.171530 0.836571
v -2.249822 0.171530 0.844871
v -2.241523 0.171530 0.864902
v -2.249822 0.171530 0.884934
v -2.269854 0.171530 0.893234
v -2.289885 0.171530 0.884934
v -2.298185 0.171530 0.864902
v -2.289885 0.171530 0.844871
v -1.113165 1.167497 0.836575
v -1.093134 1.167497 0.844875
v -1.084834 1.167497 0.864906
v -1.093134 1.167497 0.884938
v -1.113165 1.167497 0.893238
v -1.133197 1.167497 0.884938
v -1.141497 1.167497 0.864906
v -1.133197 1.167497 0.844875
v -1.113165 1.059632 0.836575
v -1.093134 1.059632 0.844875
v -1.084834 1.059632 0.864906
v -1.093134 1.059632 0.884938
v -1.113165 1.059632 0.893237
v -1.133197 1.059632 0.884938
v -1.141497 1.059632 0.864906
v -1.133197 1.059632 0.844875
v -1.113165 0.954140 0.836575
v -1.093134 0.954140 0.844875
v -1.084834 0.954140 0.864907
v -1.093134 0.954140 0.884938
v -1.113165 0.954140 0.893238
v -1.133197 0.954140 0.884938
v -1.141497 0.954140 0.864907
v -1.133197 0.954140 0.844875
v -1.113165 0.850574 0.836575
v -1.093134 0.850574 0.844875
v -1.084834 0.850574 0.864907
v -1.093134 0.850574 0.884938
v -1.113165 0.850574 0.893238
v -1.133197 0.850574 0.884938
v -1.141497 0.850574 0.864907
v -1.133197 0.850574 0.844875
v -1.113165 0.748527 0.836575
v -1.093134 0.748527 0.844875
v -1.084834 0.748527 0.864906
v -1.093134 0.748527 0.884938
v -1.113165 0.748527 0.893238
v -1.133197 0.748527 0.884938
v -1.141497 0.748527 0.864906
v -1.133197 0.748527 0.844875
v -1.113165 0.647647 0.836575
v -1.093134 0.647647 0.844875
v -1.084834 0.647647 0.864906
v -1.093134 0.647647 0.884938
v -1.113165 0.647647 0.893237
v -1.133197 0.647647 0.884938
v -1.141497 0.647647 0.864906
v -1.133197 0.647647 0.844875
v -1.113165 0.547623 0.836575
v -1.093134 0.547623 0.844875
v -1.084834 0.547623 0.864906
v -1.093134 0.547623 0.884938
v -1.113165 0.547623 0.893238
v -1.133197 0.547623 0.884938
v -1.141497 0.547623 0.864906
v -1.133197 0.547623 0.844875
v -1.113165 0.448195 0.836575
v -1.093134 0.448195 0.844875
v -1.084834 0.448195 0.864906
v -1.093134 0.448195 0.884938
v -1.113165 0.448195 0.893238
v -1.133197 0.448195 0.884938
v -1.141497 0.448195 0.864906
v -1.133197 0.448195 0.844875
v -1.113165 0.349152 0.836575
v -1.093134 0.349152 0.844875
v -1.084834 0.349152 0.864906
v -1.093134 0.349152 0.884938
v -1.113165 0.349152 0.893238
v -1.133197 0.349152 0.884938
v -1.141497 0.349152 0.864906
v -1.133197 0.349152 0.844875
v -1.113165 0.250324 0.836575
v -1.093134 0.250324 0.844875
v -1.084834 0.250324 0.864906
v -1.093134 0.250324 0.884938
v -1.113165 0.250324 0.893237
v -1.133197 0.250324 0.884938
v -1.141497 0.250324 0.864906
v -1.133197 0.250324 0.844875
v -1.113165 0.151597 0.836575
v -1.093134 0.151597 0.844875
v -1.084834 0.151597 0.864906
v -1.093134 0.151597 0.884938
v -1.113165 0.151597 0.893237
v -1.133197 0.151597 0.884938
v -1.141497 0.151597 0.864906
v -1.133197 0.151597 0.844875
v -1.113165 0.052896 0.836575
v -1.093134 0.052896 0.844875
v -1.084834 0.052896 0.864906
v -1.093134 0.052896 0.884938
v -1.113165 0.052896 0.893237
v -1.133197 0.052896 0.884938
v -1.141497 0.052896 0.864906
v -1.133197 0.052896 0.844875
v 1.065856 1.167496 0.864903
v 1.074155 1.167496 0.844872
v 1.094187 1.167496 0.836572
v 1.114218 1.167496 0.844872
v 1.122518 1.167496 0.864903
v 1.114218 1.167496 0.884934
v 1.094187 1.167496 0.893234
v 1.074155 1.167496 0.884935
v 1.065856 1.059631 0.864903
v 1.074156 1.059631 0.844872
v 1.094187 1.059631 0.836572
v 1.114218 1.059631 0.844872
v 1.122518 1.059631 0.864903
v 1.114218 1.059631 0.884934
v 1.094187 1.059631 0.893234
v 1.074156 1.059631 0.884934
v 1.065856 0.954140 0.864903
v 1.074155 0.954140 0.844872
v 1.094187 0.954140 0.836572
v 1.114218 0.954140 0.844872
v 1.122518 0.954140 0.864903
v 1.114218 0.954140 0.884934
v 1.094187 0.954140 0.893234
v 1.074155 0.954140 0.884935
v 1.065856 0.850573 0.864903
v 1.074155 0.850573 0.844872
v 1.094187 0.850573 0.836572
v 1.114218 0.850573 0.844872
v 1.122518 0.850573 0.864903
v 1.114218 0.850573 0.884934
v 1.094187 0.850573 0.893234
v 1.074155 0.850573 0.884934
v 1.065856 0.748527 0.864903
v 1.074155 0.748527 0.844872
v 1.094187 0.748527 0.836572
v 1.114218 0.748527 0.844872
v 1.122518 0.748527 0.864903
v 1.114218 0.748527 0.884934
v 1.094187 0.748527 0.893234
v 1.074155 0.748527 0.884934
v 1.065856 0.647647 0.864903
v 1.074155 0.647647 0.844872
v 1.094187 0.647647 0.836572
v 1.114218 0.647647 0.844872
v 1.122518 0.647647 0.864903
v 1.114218 0.647647 0.884934
v 1.094187 0.647647 0.893234
v 1.074155 0.647647 0.884934
v 1.065856 0.547623 0.864903
v 1.074155 0.547623 0.844872
v 1.094187 0.547623 0.836572
v 1.114218 0.547623 0.844872
v 1.122518 0.547623 0.864903
v 1.114218 0.547623 0.884934
v 1.094187 0.547623 0.893234
v 1.074155 0.547623 0.884934
v 1.065856 0.448195 0.864903
v 1.074155 0.448195 0.844872
v 1.094187 0.448195 0.836572
v 1.114218 0.448195 0.844872
v 1.122518 0.448195 0.864903
v 1.114218 0.448195 0.884934
v 1.094187 0.448195 0.893234
v 1.074155 0.448195 0.884934
v 1.065856 0.349151 0.864903
v 1.074155 0.349151 0.844872
v 1.094187 0.349151 0.836572
v 1.114218 0.349151 0.844872
v 1.122518 0.349151 0.864903
v 1.114218 0.349151 0.884934
v 1.094187 0.349151 0.893234
v 1.074155 0.349151 0.884934
v 1.065856 0.250324 0.864903
v 1.074155 0.250324 0.844872
v 1.094186 0.250324 0.836572
v 1.114218 0.250324 0.844872
v 1.122518 0.250324 0.864903
v 1.114218 0.250324 0.884934
v 1.094186 0.250324 0.893234
v 1.074155 0.250324 0.884934
v 1.065856 0.151596 0.864903
v 1.074155 0.151596 0.844872
v 1.094186 0.151596 0.836572
v 1.114218 0.151596 0.844872
v 1.122518 0.151596 0.864903
v 1.114218 0.151596 0.884934
v 1.094186 0.151596 0.893234
v 1.074155 0.151596 0.884934
v 1.065856 0.052896 0.864903
v 1.074155 0.052896 0.844872
v 1.094186 0.052896 0.836572
v 1.114218 0.052896 0.844872
v 1.122518 0.052896 0.864903
v 1.114218 0.052896 0.884934
v 1.094186 0.052896 0.893234
v 1.074155 0.052896 0.884934
v 2.250882 1.286131 0.836572
v 2.270914 1.286131 0.844873
v 2.279214 1.286131 0.864903
v 2.270914 1.286131 0.884935
v 2.250882 1.286131 0.893235
v 2.230851 1.286131 0.884935
v 2.222551 1.286131 0.864903
v 2.230851 1.286131 0.844873
v 2.250882 1.178267 0.836572
v 2.270914 1.178267 0.844873
v 2.279214 1.178267 0.864904
v 2.270914 1.178267 0.884935
v 2.250882 1.178267 0.893235
v 2.230851 1.178267 0.884935
v 2.222551 1.178267 0.864904
v 2.230851 1.178267 0.844873
v 2.250882 1.072775 0.836572
v 2.270914 1.072775 0.844873
v 2.279214 1.072775 0.864903
v 2.270914 1.072775 0.884935
v 2.250882 1.072775 0.893235
v 2.230851 1.072775 0.884935
v 2.222551 1.072775 0.864903
v 2.230851 1.072775 0.844873
v 2.250882 0.969208 0.836572
v 2.270914 0.969208 0.844873
v 2.279214 0.969208 0.864903
v 2.270914 0.969208 0.884935
v 2.250882 0.969208 0.893235
v 2.230851 0.969208 0.884935
v 2.222551 0.969208 0.864903
v 2.230851 0.969208 0.844873
v 2.250882 0.867162 0.836572
v 2.270914 0.867162 0.844873
v 2.279214 0.867162 0.864904
v 2.270914 0.867162 0.884935
v 2.250882 0.867162 0.893235
v 2.230851 0.867162 0.884935
v 2.222551 0.867162 0.864904
v 2.230851 0.867162 0.844873
v 2.250882 0.766281 0.836573
v 2.270914 0.766281 0.844873
v 2.279214 0.766281 0.864904
v 2.270914 0.766281 0.884935
v 2.250882 0.766281 0.893235
v 2.230851 0.766281 0.884935
v 2.222551 0.766281 0.864904
v 2.230851 0.766281 0.844873
v 2.250882 0.666257 0.836572
v 2.270914 0.666257 0.844873
v 2.279214 0.666257 0.864903
v 2.270914 0.666257 0.884935
v 2.250882 0.666257 0.893235
v 2.230851 0.666257 0.884935
v 2.222551 0.666257 0.864903
v 2.230851 0.666257 0.844873
v 2.250882 0.566829 0.836572
v 2.270914 0.566829 0.844873
v 2.279214 0.566829 0.864903
v 2.270914 0.566829 0.884935
v 2.250882 0.566829 0.893235
v 2.230851 0.566829 0.884935
v 2.222551 0.566829 0.864903
v 2.230851 0.566829 0.844873
v 2.250882 0.467786 0.836572
v 2.270914 0.467786 0.844873
v 2.279214 0.467786 0.864904
v 2.270914 0.467786 0.884935
v 2.250882 0.467786 0.893235
v 2.230851 0.467786 0.884935
v 2.222551 0.467786 0.864904
v 2.230851 0.467786 0.844873
v 2.250882 0.368959 0.836572
v 2.270914 0.368959 0.844873
v 2.279214 0.368959 0.864904
v 2.270914 0.368959 0.884935
v 2.250882 0.368959 0.893235
v 2.230851 0.368959 0.884935
v 2.222551 0.368959 0.864904
v 2.230851 0.368959 0.844873
v 2.250882 0.270231 0.836572
v 2.270914 0.270231 0.844872
v 2.279214 0.270231 0.864903
v 2.270914 0.270231 0.884935
v 2.250882 0.270231 0.893235
v 2.230851 0.270231 0.884935
v 2.222551 0.270231 0.864903
v 2.230851 0.270231 0.844872
v 2.250882 0.171530 0.836572
v 2.270914 0.171530 0.844872
v 2.279214 0.171530 0.864903
v 2.270914 0.171530 0.884935
v 2.250882 0.171530 0.893235
v 2.230851 0.171530 0.884935
v 2.222551 0.171530 0.864903
v 2.230851 0.171530 0.844872
v -0.000020 1.148970 0.836571
v 0.020012 1.148970 0.844870
v 0.028312 1.148970 0.864902
v 0.020012 1.148970 0.884933
v -0.000020 1.148970 0.893232
v -0.020051 1.148970 0.884933
v -0.028351 1.148970 0.864902
v -0.020051 1.148970 0.844870
v -0.000020 1.053619 0.836571
v 0.020012 1.053619 0.844870
v 0.028312 1.053619 0.864902
v 0.020012 1.053619 0.884933
v -0.000020 1.053619 0.893232
v -0.020051 1.053619 0.884933
v -0.028351 1.053619 0.864902
v -0.020051 1.053619 0.844870
v -0.000020 0.957400 0.836571
v 0.020012 0.957400 0.844870
v 0.028312 0.957400 0.864902
v 0.020012 0.957400 0.884933
v -0.000020 0.957400 0.893232
v -0.020051 0.957400 0.884933
v -0.028351 0.957400 0.864902
v -0.020051 0.957400 0.844870
v -0.000020 0.860480 0.836571
v 0.020012 0.860480 0.844870
v 0.028312 0.860480 0.864902
v 0.020012 0.860480 0.884933
v -0.000020 0.860480 0.893232
v -0.020051 0.860480 0.884933
v -0.028351 0.860480 0.864902
v -0.020051 0.860480 0.844870
v -0.000020 0.763004 0.836571
v 0.020012 0.763004 0.844870
v 0.028312 0.763004 0.864902
v 0.020012 0.763004 0.884933
v -0.000020 0.763004 0.893232
v -0.020051 0.763004 0.884933
v -0.028351 0.763004 0.864902
v -0.020051 0.763004 0.844870
v -0.000020 0.665103 0.836571
v 0.020012 0.665103 0.844870
v 0.028312 0.665103 0.864902
v 0.020012 0.665103 0.884933
v -0.000020 0.665103 0.893232
v -0.020051 0.665103 0.884933
v -0.028351 0.665103 0.864902
v -0.020051 0.665103 0.844870
v -0.000020 0.566888 0.836571
v 0.020012 0.566888 0.844870
v 0.028312 0.566888 0.864902
v 0.020012 0.566888 0.884933
v -0.000020 0.566888 0.893232
v -0.020051 0.566888 0.884933
v -0.028351 0.566888 0.864902
v -0.020051 0.566888 0.844870
v -0.000020 0.468455 0.836571
v 0.020012 0.468455 0.844870
v 0.028312 0.468455 0.864902
v 0.020012 0.468455 0.884933
v -0.000020 0.468455 0.893232
v -0.020051 0.468455 0.884933
v -0.028351 0.468455 0.864902
v -0.020051 0.468455 0.844870
v -0.000020 0.369883 0.836571
v 0.020012 0.369883 0.844870
v 0.028312 0.369883 0.864902
v 0.020012 0.369883 0.884933
v -0.000020 0.369883 0.893232
v -0.020051 0.369883 0.884933
v -0.028351 0.369883 0.864902
v -0.020051 0.369883 0.844870
v -0.000020 0.271232 0.836571
v 0.020012 0.271232 0.844870
v 0.028312 0.271232 0.864902
v 0.020012 0.271232 0.884933
v -0.000020 0.271232 0.893232
v -0.020051 0.271232 0.884933
v -0.028351 0.271232 0.864902
v -0.020051 0.271232 0.844870
v -0.000020 0.172544 0.836570
v 0.020012 0.172544 0.844870
v 0.028312 0.172544 0.864902
v 0.020012 0.172544 0.884933
v -0.000020 0.172544 0.893232
v -0.020051 0.172544 0.884933
v -0.028351 0.172544 0.864902
v -0.020051 0.172544 0.844870
v -0.000020 0.073846 0.836570
v 0.020012 0.073846 0.844870
v 0.028312 0.073846 0.864902
v 0.020012 0.073846 0.884933
v -0.000020 0.073846 0.893232
v -0.020051 0.073846 0.884933
v -0.028351 0.073846 0.864902
v -0.020051 0.073846 0.844870
v -3.361451 0.368469 -0.847396
v -3.370243 0.308136 -0.854156
v -3.001070 0.287490 -0.900254
v -3.353491 0.370314 -0.847395
v -3.371245 0.304419 -0.847396
v -3.021154 0.225876 -0.900255
v -3.188203 0.262684 -0.900255
v -3.007362 0.292712 -0.900254
v -3.172532 0.329104 -0.900254
v -3.020376 0.229646 -0.907015
v -3.187319 0.266430 -0.907015
v -3.173416 0.325358 -0.907015
v -3.180367 0.295894 -0.907015
v -3.008140 0.288942 -0.907015
v -3.014258 0.259294 -0.907015
v -3.013239 0.228179 -0.900254
v -3.007155 0.257835 -0.900254
v -3.354493 0.366597 -0.854156
v -3.362368 0.337366 -0.854156
v -3.377285 0.310030 -0.847396
v -3.369368 0.339250 -0.847396
v -2.966461 0.280500 -0.900255
v -2.971159 0.219706 -0.907015
v -2.618345 0.252190 -0.924320
v -2.958632 0.282871 -0.900255
v -2.971908 0.215930 -0.900256
v -2.635073 0.189582 -0.924321
v -2.803798 0.184807 -0.900255
v -2.624919 0.257066 -0.924320
v -2.792165 0.252052 -0.900254
v -2.634501 0.193389 -0.931080
v -2.803142 0.188600 -0.907015
v -2.792821 0.248259 -0.907015
v -2.797982 0.218430 -0.907015
v -2.625492 0.253260 -0.931080
v -2.629996 0.223325 -0.931080
v -2.627300 0.192310 -0.924320
v -2.622823 0.222250 -0.924320
v -2.959381 0.279094 -0.907015
v -2.965270 0.249400 -0.907015
v -2.978305 0.221125 -0.900256
v -2.972383 0.250813 -0.900255
v -2.583365 0.179221 -0.859469
v -2.584859 0.118263 -0.866229
v -2.232361 0.171181 -0.900254
v -2.575661 0.181997 -0.859468
v -2.585409 0.114453 -0.859469
v -2.246436 0.107924 -0.900255
v -2.416090 0.127564 -0.900255
v -2.239144 0.175778 -0.900254
v -2.407636 0.195283 -0.900254
v -2.246024 0.111752 -0.907015
v -2.415613 0.131385 -0.907015
v -2.408113 0.191463 -0.907014
v -2.411862 0.161424 -0.907014
v -2.239555 0.171951 -0.907014
v -2.242790 0.141851 -0.907014
v -2.238788 0.110978 -0.900255
v -2.235574 0.141080 -0.900254
v -2.576211 0.178187 -0.866228
v -2.580535 0.148225 -0.866228
v -2.592064 0.119304 -0.859469
v -2.587715 0.149263 -0.859469
v -2.197161 0.167492 -0.933300
v -2.196148 0.106523 -0.940060
v -1.844442 0.136571 -0.900254
v -2.189569 0.170581 -0.933299
v -2.196541 0.102694 -0.933300
v -1.856426 0.072885 -0.900255
v -2.026570 0.086583 -0.933300
v -1.851379 0.140942 -0.900254
v -2.020613 0.154567 -0.933299
v -1.856141 0.076723 -0.907015
v -2.026234 0.090418 -0.940060
v -2.020949 0.150732 -0.940059
v -2.023592 0.120575 -0.940059
v -1.851664 0.137103 -0.907015
v -1.853903 0.106913 -0.907015
v -1.848887 0.076189 -0.900255
v -1.846664 0.106380 -0.900254
v -2.189963 0.166752 -0.940060
v -2.193056 0.136637 -0.940060
v -2.203387 0.107267 -0.933300
v -2.200274 0.137379 -0.933300
v -1.809112 0.134026 -0.854937
v -1.806144 0.073122 -0.861697
v -1.455386 0.113227 -0.900254
v -1.801617 0.137357 -0.854937
v -1.806415 0.069282 -0.854937
v -1.465739 0.049254 -0.900255
v -1.636116 0.058334 -0.854937
v -1.462438 0.117419 -0.900254
v -1.632109 0.126461 -0.854936
v -1.465553 0.053099 -0.907015
v -1.635890 0.062177 -0.861697
v -1.632335 0.122618 -0.861696
v -1.634112 0.092397 -0.861697
v -1.462625 0.113574 -0.907014
v -1.464089 0.083337 -0.907015
v -1.458290 0.052751 -0.900255
v -1.456838 0.082989 -0.900254
v -1.801888 0.133517 -0.861696
v -1.804016 0.103319 -0.861697
v -1.813400 0.073633 -0.854937
v -1.811256 0.103829 -0.854937
v -1.419980 0.111570 -0.900255
v -1.415499 0.050758 -0.907015
v -1.065666 0.098565 -0.918284
v -1.412566 0.115086 -0.900255
v -1.415674 0.046913 -0.900255
v -1.074770 0.034403 -0.918285
v -1.245235 0.039949 -0.928120
v -1.072802 0.102619 -0.918284
v -1.242733 0.108147 -0.928119
v -1.074659 0.038251 -0.925045
v -1.245094 0.043795 -0.934880
v -1.242874 0.104300 -0.934879
v -1.243983 0.074048 -0.934880
v -1.072914 0.098772 -0.925045
v -1.073786 0.068511 -0.925045
v -1.067393 0.038044 -0.918285
v -1.066530 0.068305 -0.918285
v -1.412742 0.111241 -0.906456
v -1.414121 0.081000 -0.907015
v -1.422761 0.051089 -0.900256
v -1.421371 0.081330 -0.900255
v -1.030215 0.097585 -0.900255
v -1.024584 0.036867 -0.907015
v -0.675550 0.090414 -0.927445
v -1.022864 0.101239 -0.900255
v -1.024688 0.033019 -0.900255
v -0.683737 0.026129 -0.927446
v -0.854210 0.029056 -0.927446
v -0.682748 0.094367 -0.927445
v -0.852836 0.097286 -0.927446
v -0.683681 0.029979 -0.934206
v -0.854133 0.032904 -0.934206
v -0.852913 0.093437 -0.934206
v -0.853523 0.063170 -0.934206
v -0.682804 0.090518 -0.934206
v -0.683242 0.060248 -0.934206
v -0.676414 0.029875 -0.927446
v -0.675982 0.060144 -0.927445
v -1.022967 0.097391 -0.907015
v -1.023776 0.067129 -0.907015
v -1.031851 0.037061 -0.900255
v -1.031033 0.067323 -0.900255
v -0.640072 0.089929 -0.856070
v -0.633605 0.029294 -0.862830
v -0.285185 0.086894 -0.900254
v -0.632768 0.093683 -0.856070
v -0.633655 0.025445 -0.856070
v -0.292747 0.022533 -0.900255
v -0.463193 0.023639 -0.856070
v -0.292423 0.090776 -0.900254
v -0.462617 0.091880 -0.856069
v -0.292729 0.026382 -0.907015
v -0.463161 0.027488 -0.862829
v -0.462649 0.088031 -0.862829
v -0.462905 0.057759 -0.862829
v -0.292442 0.086927 -0.907014
v -0.292585 0.056655 -0.907015
v -0.285464 0.026349 -0.900255
v -0.285325 0.056622 -0.900254
v -0.632818 0.089834 -0.862829
v -0.633212 0.059564 -0.862830
v -0.640872 0.029388 -0.856070
v -0.640472 0.059659 -0.856070
v -0.249688 0.086744 -0.900255
v -0.242661 0.026171 -0.907015
v 0.105333 0.086360 -0.900254
v -0.242416 0.090565 -0.900255
v -0.242676 0.022321 -0.900255
v 0.098167 0.021955 -0.900255
v -0.072251 0.021923 -0.859469
v 0.098070 0.090199 -0.900254
v -0.072179 0.090168 -0.859468
v 0.098162 0.025804 -0.907015
v -0.072247 0.025773 -0.866228
v -0.072184 0.086318 -0.866228
v -0.072216 0.056046 -0.866228
v 0.098076 0.086349 -0.907014
v 0.098119 0.056077 -0.907015
v 0.105426 0.025815 -0.900255
v 0.105380 0.056087 -0.900254
v -0.242431 0.086716 -0.907015
v -0.242546 0.056443 -0.907015
v -0.249926 0.026199 -0.900256
v -0.249806 0.056471 -0.900255
v 0.140835 0.086423 -0.920648
v 0.148226 0.025893 -0.927408
v 0.495785 0.088323 -0.900254
v 0.148085 0.090288 -0.920648
v 0.148235 0.022043 -0.920649
v 0.489116 0.023865 -0.900255
v 0.318667 0.075540 -0.900255
v 0.488495 0.092105 -0.900254
v 0.318308 0.143783 -0.900254
v 0.489080 0.027714 -0.907015
v 0.318646 0.079389 -0.907015
v 0.318329 0.139934 -0.907014
v 0.318488 0.109662 -0.907015
v 0.488530 0.088257 -0.907014
v 0.488806 0.057985 -0.907015
v 0.496346 0.027780 -0.900255
v 0.496066 0.058051 -0.900254
v 0.148093 0.086439 -0.927408
v 0.148160 0.056166 -0.927408
v 0.140962 0.025878 -0.920649
v 0.140898 0.056151 -0.920648
v 0.531271 0.088666 -0.900255
v 0.539154 0.028198 -0.907015
v 0.886029 0.121333 -0.866063
v 0.538486 0.092589 -0.900255
v 0.539194 0.024349 -0.900255
v 0.880136 0.056799 -0.866064
v 0.709661 0.026514 -0.900255
v 0.878697 0.125028 -0.866064
v 0.708617 0.094750 -0.900254
v 0.880055 0.060648 -0.872824
v 0.709602 0.030363 -0.907015
v 0.708676 0.090901 -0.907014
v 0.709139 0.060632 -0.907015
v 0.878778 0.121180 -0.872824
v 0.879417 0.090914 -0.872824
v 0.887321 0.060802 -0.866064
v 0.886675 0.091067 -0.866064
v 0.538526 0.088740 -0.907015
v 0.538840 0.058469 -0.907015
v 0.531888 0.028123 -0.900256
v 0.531579 0.058394 -0.900256
v 0.921492 0.094899 -0.900255
v 0.930131 0.034534 -0.907015
v 1.275956 0.105535 -0.900254
v 0.928653 0.098912 -0.900255
v 0.930220 0.030685 -0.900256
v 1.271156 0.040912 -0.900255
v 1.100696 0.035162 -0.933598
v 1.268567 0.109107 -0.900254
v 1.098651 0.103376 -0.933597
v 1.271010 0.044758 -0.907015
v 1.100580 0.039010 -0.940358
v 1.098765 0.099528 -0.940358
v 1.099673 0.069269 -0.940358
v 1.268713 0.105260 -0.907015
v 1.269862 0.075009 -0.907015
v 1.278275 0.045034 -0.900255
v 1.277117 0.075284 -0.900255
v 0.928741 0.095063 -0.907015
v 0.929437 0.064798 -0.907015
v 0.922865 0.034369 -0.900255
v 0.922179 0.064633 -0.900255
v 1.311382 0.106919 -0.864548
v 1.321075 0.046714 -0.871308
v 1.665362 0.124588 -0.900254
v 1.318468 0.111056 -0.864547
v 1.321232 0.042868 -0.864548
v 1.662021 0.059873 -0.900255
v 1.491654 0.050524 -0.900255
v 1.657900 0.127993 -0.900254
v 1.488251 0.118683 -0.900254
v 1.661788 0.063715 -0.907015
v 1.491462 0.054368 -0.907015
v 1.488443 0.114839 -0.907014
v 1.489952 0.084603 -0.907015
v 1.658133 0.124151 -0.907014
v 1.659961 0.093933 -0.907015
v 1.669047 0.064155 -0.900255
v 1.667205 0.094371 -0.900254
v 1.318624 0.107210 -0.871308
v 1.319850 0.076962 -0.871308
v 1.313811 0.046422 -0.864548
v 1.312596 0.076671 -0.864548
v 1.700727 0.126777 -0.900255
v 1.711812 0.066813 -0.907015
v 2.053880 0.153656 -0.900254
v 1.707709 0.131077 -0.900255
v 1.712057 0.062972 -0.900255
v 2.052432 0.088871 -0.900255
v 1.882311 0.074822 -0.900255
v 2.046327 0.156842 -0.900254
v 1.877131 0.142870 -0.900254
v 2.052088 0.092705 -0.907015
v 1.882018 0.078661 -0.907015
v 1.877424 0.139032 -0.907015
v 1.879721 0.108846 -0.907015
v 2.046671 0.153008 -0.907014
v 2.049379 0.122857 -0.907014
v 2.059334 0.093357 -0.900255
v 2.056606 0.123507 -0.900254
v 1.707954 0.127235 -0.907015
v 1.709883 0.097024 -0.907015
v 1.704554 0.066353 -0.900256
v 1.702640 0.096565 -0.900255
v 2.089137 0.156890 -0.900255
v 2.102017 0.097285 -0.907015
v 2.440882 0.195606 -0.900254
v 2.095982 0.161396 -0.900255
v 2.102379 0.093453 -0.900255
v 2.441864 0.130813 -0.900255
v 2.272255 0.110725 -0.852162
v 2.433222 0.198507 -0.900254
v 2.264794 0.178560 -0.852161
v 2.441377 0.134631 -0.907015
v 2.271833 0.114551 -0.858922
v 2.265215 0.174734 -0.858921
v 2.268524 0.144642 -0.858922
v 2.433709 0.194689 -0.907014
v 2.437543 0.164660 -0.907015
v 2.448597 0.135555 -0.900255
v 2.444739 0.165581 -0.900254
v 2.096342 0.157564 -0.907015
v 2.099180 0.127425 -0.907015
v 2.094774 0.096607 -0.900256
v 2.091955 0.126749 -0.900255
v 2.475957 0.200174 -0.900255
v 2.491121 0.141110 -0.907015
v 2.825317 0.253948 -0.900254
v 2.482615 0.204941 -0.900255
v 2.491631 0.137294 -0.900256
v 2.829408 0.189278 -0.900255
v 2.660767 0.161495 -0.847396
v 2.817535 0.256481 -0.900254
v 2.650398 0.228947 -0.847395
v 2.828738 0.193069 -0.907015
v 2.660182 0.165300 -0.854156
v 2.650983 0.225142 -0.854156
v 2.655582 0.195221 -0.854156
v 2.818206 0.252691 -0.907014
v 2.823472 0.222879 -0.907015
v 2.835910 0.194337 -0.900254
v 2.830614 0.224143 -0.900254
v 2.483125 0.201125 -0.907015
v 2.487123 0.171117 -0.907015
v 2.483906 0.140153 -0.900256
v 2.479931 0.170163 -0.900255
v 2.860085 0.260207 -0.900255
v 2.878141 0.201962 -0.907015
v 3.205457 0.332993 -0.900254
v 2.866492 0.265294 -0.900255
v 2.878838 0.198176 -0.900255
v 3.213520 0.268700 -0.900255
v 3.062335 0.206747 -0.922914
v 3.197545 0.335048 -0.900254
v 3.048270 0.273525 -0.922913
v 3.212619 0.272442 -0.907014
v 3.061543 0.210513 -0.929674
v 3.049064 0.269759 -0.929674
v 3.055303 0.240136 -0.929674
v 3.198446 0.331306 -0.907014
v 3.205533 0.301874 -0.907014
v 3.219706 0.274148 -0.900255
v 3.212582 0.303571 -0.900254
v 2.867189 0.261508 -0.907015
v 2.872664 0.231735 -0.907015
v 2.870976 0.200649 -0.900256
v 2.865531 0.230428 -0.900255
v -3.370995 0.305348 -0.852466
v -3.002838 0.287852 -0.905324
v -3.376279 0.306769 -0.847396
v -3.359712 0.368000 -0.852466
v -3.353742 0.369384 -0.852466
v -3.358958 0.370787 -0.847396
v -3.015605 0.225717 -0.900255
v -3.002257 0.290680 -0.900254
v -3.360211 0.310031 -0.667340
v -3.013239 0.228179 -0.667339
v -3.007362 0.292712 -0.667339
v -3.354171 0.304419 -0.667340
v -3.020960 0.226818 -0.905325
v -3.187982 0.263620 -0.905325
v -3.007556 0.291769 -0.905324
v -3.172753 0.328167 -0.905325
v -3.336417 0.370314 -0.667339
v -3.172532 0.342310 -0.667339
v -3.021154 0.225876 -0.667340
v -3.188203 0.262684 -0.667340
v -3.066570 0.235403 -0.900255
v -3.326338 0.292580 -0.847396
v -3.052286 0.302135 -0.900254
v -3.309170 0.358630 -0.847395
v -3.053092 0.298371 -0.907014
v -3.310139 0.354904 -0.854156
v -3.015024 0.228545 -0.905325
v -3.008931 0.258199 -0.905324
v -3.375525 0.309556 -0.852466
v -3.367619 0.338778 -0.852466
v -3.344377 0.368469 -0.667340
v -3.352294 0.339250 -0.667340
v -3.001070 0.287490 -0.667338
v -3.007155 0.257835 -0.667339
v -3.065763 0.239167 -0.907015
v -3.059427 0.268769 -0.907015
v -3.325369 0.296306 -0.854156
v -3.317754 0.325605 -0.854156
v -3.175596 0.316119 -0.907015
v -3.185140 0.275669 -0.907015
v -3.010058 0.279645 -0.907015
v -3.018458 0.238943 -0.907015
v -3.011332 0.237479 -0.900254
v -3.002978 0.278190 -0.900254
v -3.356962 0.357431 -0.854156
v -3.367774 0.317302 -0.854156
v -3.374802 0.319193 -0.847396
v -3.363934 0.359307 -0.847396
v -2.971721 0.216874 -0.905325
v -2.620132 0.252456 -0.929390
v -2.977082 0.217937 -0.900255
v -2.964691 0.280148 -0.905325
v -2.958819 0.281926 -0.905325
v -2.964127 0.282979 -0.900255
v -2.629528 0.189724 -0.924321
v -2.619704 0.255312 -0.924320
v -2.978305 0.221125 -0.667340
v -2.627300 0.160321 -0.667339
v -2.624919 0.225078 -0.667338
v -2.971908 0.215930 -0.667340
v -2.634930 0.190534 -0.929390
v -2.803634 0.185755 -0.905325
v -2.625062 0.256115 -0.929390
v -2.792329 0.251104 -0.905324
v -2.958632 0.282871 -0.667340
v -2.792165 0.252052 -0.667339
v -2.635073 0.157594 -0.667339
v -2.803798 0.184807 -0.667340
v -2.680902 0.196601 -0.924321
v -2.926368 0.207076 -0.900255
v -2.670363 0.264027 -0.924320
v -2.913554 0.274107 -0.900254
v -2.670957 0.260224 -0.931080
v -2.914277 0.270326 -0.907014
v -2.629100 0.192579 -0.929390
v -2.624616 0.222518 -0.929390
v -2.976518 0.220769 -0.905325
v -2.970604 0.250458 -0.905325
v -2.966461 0.280500 -0.667340
v -2.972383 0.250813 -0.667340
v -2.618345 0.220201 -0.667338
v -2.622823 0.190261 -0.667339
v -2.680308 0.200404 -0.931080
v -2.675633 0.230314 -0.931081
v -2.925645 0.210857 -0.907015
v -2.919961 0.240592 -0.907014
v -2.794439 0.238905 -0.907015
v -2.801524 0.197954 -0.907015
v -2.626904 0.243873 -0.931080
v -2.633088 0.202776 -0.931080
v -2.625896 0.201698 -0.924320
v -2.619750 0.242801 -0.924320
v -2.961227 0.269783 -0.907015
v -2.969312 0.229017 -0.907015
v -2.976448 0.230434 -0.900255
v -2.968318 0.271191 -0.900255
v -2.585271 0.115406 -0.864539
v -2.234159 0.171373 -0.905324
v -2.590677 0.116186 -0.859469
v -2.581576 0.178962 -0.864538
v -2.575799 0.181045 -0.864538
v -2.581162 0.181819 -0.859469
v -2.240904 0.108301 -0.900255
v -2.233852 0.174244 -0.900254
v -2.592064 0.155136 -0.667340
v -2.238788 0.110978 -0.667339
v -2.239144 0.175778 -0.667338
v -2.585409 0.150285 -0.667340
v -2.246333 0.108881 -0.905325
v -2.415970 0.128520 -0.905325
v -2.239247 0.174821 -0.905324
v -2.407755 0.194328 -0.905324
v -2.575661 0.217829 -0.667339
v -2.407636 0.195283 -0.667339
v -2.246436 0.107924 -0.667339
v -2.416090 0.127564 -0.667340
v -2.292493 0.112967 -0.900255
v -2.539508 0.107965 -0.859469
v -2.284898 0.180787 -0.900254
v -2.530126 0.175561 -0.859468
v -2.285326 0.176962 -0.907015
v -2.530654 0.171748 -0.866228
v -2.240597 0.111171 -0.905324
v -2.237378 0.141272 -0.905324
v -2.590262 0.119043 -0.864539
v -2.585920 0.149002 -0.864539
v -2.583365 0.215053 -0.667340
v -2.587715 0.185095 -0.667340
v -2.232361 0.171181 -0.667338
v -2.235574 0.141080 -0.667339
v -2.292064 0.116792 -0.907015
v -2.288696 0.146877 -0.907015
v -2.538980 0.111778 -0.866229
v -2.534817 0.141763 -0.866228
v -2.409288 0.182044 -0.907014
v -2.414436 0.140804 -0.907014
v -2.240570 0.162512 -0.907014
v -2.245010 0.121190 -0.907014
v -2.237780 0.120417 -0.900254
v -2.233368 0.161742 -0.900254
v -2.577567 0.168792 -0.866228
v -2.583503 0.127658 -0.866229
v -2.590701 0.128699 -0.859469
v -2.584729 0.169827 -0.859469
v -2.196443 0.103651 -0.938370
v -1.846247 0.136703 -0.905324
v -2.201873 0.104209 -0.933300
v -2.195361 0.167306 -0.938369
v -2.189668 0.169624 -0.938370
v -2.195065 0.170178 -0.933299
v -1.850913 0.073443 -0.900255
v -1.846035 0.139583 -0.900254
v -2.203387 0.107267 -0.667340
v -1.848887 0.076189 -0.667339
v -1.851379 0.140942 -0.667339
v -2.196541 0.102694 -0.667340
v -1.856354 0.073844 -0.905325
v -2.026486 0.087542 -0.938370
v -1.851450 0.139982 -0.905324
v -2.020697 0.153608 -0.938369
v -2.189569 0.170581 -0.667340
v -2.020613 0.164916 -0.667339
v -1.856426 0.072885 -0.667340
v -2.026571 0.086584 -0.667340
v -1.902602 0.076378 -0.900255
v -2.150446 0.098069 -0.900255
v -1.897318 0.144417 -0.900254
v -2.143760 0.165985 -0.900255
v -1.897616 0.140579 -0.907015
v -2.144137 0.162154 -0.907015
v -1.850700 0.076323 -0.905325
v -1.848474 0.106513 -0.905324
v -2.201577 0.107081 -0.938370
v -2.198469 0.137194 -0.938370
v -2.197161 0.167492 -0.667340
v -2.200274 0.137379 -0.667340
v -1.844442 0.136572 -0.667338
v -1.846664 0.106380 -0.667339
v -1.902304 0.080215 -0.907015
v -1.899960 0.110397 -0.907015
v -2.150069 0.101900 -0.907015
v -2.147103 0.132027 -0.907015
v -2.021777 0.141276 -0.940059
v -2.025405 0.099874 -0.940059
v -1.852366 0.127636 -0.907015
v -1.855439 0.086190 -0.907015
v -1.848190 0.085656 -0.900255
v -1.845140 0.127104 -0.900254
v -2.190932 0.157308 -0.940059
v -2.195178 0.115966 -0.940060
v -2.202411 0.116710 -0.933300
v -2.198137 0.158049 -0.933300
v -1.806347 0.070241 -0.860007
v -1.457197 0.113314 -0.905324
v -1.811790 0.070624 -0.854937
v -1.807306 0.133898 -0.860007
v -1.801685 0.136397 -0.860006
v -1.807102 0.136778 -0.854937
v -1.460245 0.049954 -0.900255
v -1.457058 0.116198 -0.900254
v -1.813400 0.073633 -0.667340
v -1.458290 0.052751 -0.667339
v -1.462438 0.117419 -0.667339
v -1.806415 0.069282 -0.667340
v -1.465693 0.050216 -0.905325
v -1.636059 0.059295 -0.860007
v -1.462484 0.116458 -0.905324
v -1.632166 0.125500 -0.860006
v -1.801617 0.137357 -0.667340
v -1.632109 0.108678 -0.667339
v -1.465739 0.049255 -0.667340
v -1.636116 0.058334 -0.667340
v -1.511971 0.051546 -0.900255
v -1.760220 0.066114 -0.854937
v -1.508487 0.119700 -0.900254
v -1.755646 0.134205 -0.854936
v -1.508683 0.115856 -0.907015
v -1.755904 0.130364 -0.861696
v -1.460106 0.052838 -0.905325
v -1.458652 0.083076 -0.905325
v -1.811585 0.073504 -0.860007
v -1.809445 0.103701 -0.860007
v -1.809112 0.134026 -0.667340
v -1.811256 0.103829 -0.667340
v -1.455386 0.113227 -0.667338
v -1.456838 0.082989 -0.667339
v -1.511774 0.055390 -0.907015
v -1.510228 0.085623 -0.907015
v -1.759963 0.069955 -0.861697
v -1.757933 0.100159 -0.861697
v -1.632893 0.113141 -0.861696
v -1.635333 0.071653 -0.861697
v -1.463084 0.104092 -0.907014
v -1.465094 0.062582 -0.907015
v -1.457834 0.062233 -0.900255
v -1.455842 0.103745 -0.900254
v -1.802555 0.124048 -0.861697
v -1.805477 0.082591 -0.861697
v -1.812727 0.083102 -0.854937
v -1.809784 0.124557 -0.854937
v -1.415631 0.047874 -0.905325
v -1.067478 0.098616 -0.923355
v -1.421078 0.048122 -0.900256
v -1.418170 0.111488 -0.905325
v -1.412611 0.114125 -0.905325
v -1.418038 0.114372 -0.900255
v -1.069292 0.035210 -0.918285
v -1.067395 0.101502 -0.918284
v -1.422761 0.051089 -0.667340
v -1.067393 0.038044 -0.667339
v -1.072802 0.102619 -0.667339
v -1.415674 0.046913 -0.667340
v -1.074742 0.035366 -0.923355
v -1.245199 0.040910 -0.933190
v -1.072830 0.101657 -0.923355
v -1.242768 0.107185 -0.933189
v -1.412566 0.115086 -0.667339
v -1.242733 0.108147 -0.667339
v -1.074770 0.034403 -0.667340
v -1.245235 0.039949 -0.667340
v -1.121021 0.035778 -0.900255
v -1.369435 0.044872 -0.900255
v -1.118915 0.103989 -0.900254
v -1.366498 0.113053 -0.900254
v -1.119034 0.100142 -0.907015
v -1.366664 0.109208 -0.906456
v -1.069209 0.038096 -0.923355
v -1.068344 0.068356 -0.923355
v -1.420946 0.051006 -0.905325
v -1.419558 0.081247 -0.905325
v -1.419980 0.111571 -0.667340
v -1.421371 0.081330 -0.667340
v -1.065666 0.098565 -0.667338
v -1.066530 0.068305 -0.667339
v -1.120903 0.039625 -0.907015
v -1.119968 0.069883 -0.907015
v -1.369269 0.048718 -0.907015
v -1.367967 0.078963 -0.907015
v -1.243221 0.094813 -0.934879
v -1.244745 0.053281 -0.934880
v -1.073187 0.089283 -0.925045
v -1.074385 0.047740 -0.925045
v -1.067123 0.047533 -0.918285
v -1.065938 0.089076 -0.918284
v -1.413174 0.101758 -0.907015
v -1.415067 0.060241 -0.907015
v -1.422326 0.060572 -0.900255
v -1.420416 0.102088 -0.900255
v -1.024662 0.033981 -0.905325
v -0.677363 0.090439 -0.932516
v -1.030112 0.034127 -0.900255
v -1.028403 0.097536 -0.905325
v -1.022890 0.100277 -0.905325
v -1.028325 0.100422 -0.900255
v -0.678272 0.027014 -0.927446
v -0.677322 0.093326 -0.927445
v -1.031851 0.037061 -0.667340
v -0.676414 0.029875 -0.667339
v -0.682748 0.094367 -0.667338
v -1.024688 0.033019 -0.667340
v -0.683723 0.027092 -0.932516
v -0.854191 0.030017 -0.932516
v -0.682762 0.093404 -0.932516
v -0.852855 0.096324 -0.932516
v -1.022864 0.101239 -0.667339
v -0.852836 0.097286 -0.667339
v -0.683737 0.026130 -0.667340
v -0.854210 0.029056 -0.667340
v -0.729987 0.026830 -0.927446
v -0.978436 0.031832 -0.900255
v -0.728900 0.095065 -0.927446
v -0.976740 0.100055 -0.900255
v -0.728961 0.091216 -0.934206
v -0.976835 0.096207 -0.907015
v -0.678230 0.029901 -0.932516
v -0.677797 0.060170 -0.932516
v -1.030035 0.037013 -0.905325
v -1.029219 0.067274 -0.905325
v -1.030215 0.097585 -0.667340
v -1.031033 0.067323 -0.667340
v -0.675550 0.090414 -0.667338
v -0.675982 0.060144 -0.667339
v -0.729926 0.030678 -0.934206
v -0.729444 0.060947 -0.934206
v -0.978340 0.035680 -0.907015
v -0.977588 0.065944 -0.907015
v -0.853104 0.083946 -0.934206
v -0.853942 0.042395 -0.934206
v -0.682941 0.081026 -0.934206
v -0.683544 0.039470 -0.934206
v -0.676279 0.039366 -0.927446
v -0.675685 0.080922 -0.927445
v -1.023220 0.087902 -0.907015
v -1.024331 0.046357 -0.907015
v -1.031595 0.046551 -0.900255
v -1.030471 0.088095 -0.900255
v -0.633642 0.026407 -0.861140
v -0.286999 0.086902 -0.905324
v -0.639093 0.026478 -0.856070
v -0.638258 0.089905 -0.861140
v -0.632781 0.092721 -0.861139
v -0.638220 0.092792 -0.856070
v -0.287293 0.023470 -0.900255
v -0.286986 0.089788 -0.900254
v -0.640872 0.029388 -0.667340
v -0.285464 0.026349 -0.667339
v -0.292423 0.090776 -0.667338
v -0.633655 0.025445 -0.667340
v -0.292742 0.023495 -0.905325
v -0.463185 0.024601 -0.861140
v -0.292428 0.089814 -0.905324
v -0.462625 0.090918 -0.861139
v -0.632768 0.093683 -0.667339
v -0.462617 0.091880 -0.667339
v -0.292747 0.022533 -0.667340
v -0.463193 0.023639 -0.667340
v -0.338990 0.022772 -0.900255
v -0.587405 0.024878 -0.856070
v -0.338603 0.091015 -0.900254
v -0.586608 0.093117 -0.856069
v -0.338625 0.087165 -0.907014
v -0.586653 0.089268 -0.862829
v -0.287280 0.026357 -0.905324
v -0.287139 0.056629 -0.905324
v -0.639054 0.029365 -0.861140
v -0.638656 0.059635 -0.861140
v -0.640072 0.089929 -0.667340
v -0.640472 0.059659 -0.667340
v -0.285185 0.086894 -0.667338
v -0.285325 0.056622 -0.667339
v -0.338968 0.026621 -0.907015
v -0.338797 0.056893 -0.907015
v -0.587359 0.028727 -0.862830
v -0.587007 0.058998 -0.862829
v -0.462729 0.078539 -0.862829
v -0.463080 0.036980 -0.862829
v -0.292487 0.077435 -0.907014
v -0.292683 0.035875 -0.907015
v -0.285420 0.035842 -0.900254
v -0.285229 0.077401 -0.900254
v -0.632942 0.080342 -0.862829
v -0.633482 0.038785 -0.862830
v -0.640746 0.038881 -0.856070
v -0.640197 0.080437 -0.856070
v -0.242672 0.023283 -0.905325
v 0.103519 0.086358 -0.905324
v -0.248121 0.023304 -0.900255
v -0.247874 0.086737 -0.905325
v -0.242420 0.089602 -0.905324
v -0.247862 0.089623 -0.900255
v 0.103615 0.022925 -0.900255
v 0.103515 0.089244 -0.900254
v -0.249926 0.026199 -0.667340
v 0.105426 0.025815 -0.667339
v 0.098070 0.090199 -0.667338
v -0.242676 0.022321 -0.667340
v 0.098166 0.022917 -0.905325
v -0.072250 0.022886 -0.864538
v 0.098072 0.089236 -0.905324
v -0.072181 0.089205 -0.864538
v -0.242416 0.090565 -0.667339
v -0.072179 0.090168 -0.667339
v 0.098167 0.021955 -0.667340
v -0.072251 0.021924 -0.667340
v 0.051930 0.021905 -0.859469
v -0.196435 0.022167 -0.900255
v 0.051879 0.090149 -0.859468
v -0.196231 0.090411 -0.900254
v 0.051882 0.086300 -0.866228
v -0.196242 0.086562 -0.907014
v 0.103611 0.025812 -0.905325
v 0.103565 0.056085 -0.905325
v -0.248110 0.026192 -0.905325
v -0.247992 0.056464 -0.905325
v -0.249688 0.086743 -0.667340
v -0.249806 0.056471 -0.667340
v 0.105333 0.086360 -0.667338
v 0.105380 0.056087 -0.667339
v 0.051928 0.025754 -0.866228
v 0.051905 0.056027 -0.866228
v -0.196424 0.026016 -0.907015
v -0.196333 0.056289 -0.907014
v -0.072194 0.076826 -0.866228
v -0.072237 0.035265 -0.866228
v 0.098090 0.076856 -0.907014
v 0.098148 0.035297 -0.907015
v 0.105412 0.035307 -0.900254
v 0.105348 0.076867 -0.900254
v -0.242467 0.077223 -0.907015
v -0.242625 0.035663 -0.907015
v -0.249889 0.035692 -0.900256
v -0.249725 0.077251 -0.900255
v 0.148233 0.023006 -0.925718
v 0.493971 0.088305 -0.905324
v 0.142784 0.022995 -0.920649
v 0.142650 0.086427 -0.925718
v 0.148087 0.089325 -0.925718
v 0.142644 0.089314 -0.920648
v 0.494556 0.024876 -0.900255
v 0.493944 0.091193 -0.900254
v 0.140962 0.025878 -0.667340
v 0.496346 0.027780 -0.667339
v 0.488495 0.092105 -0.667338
v 0.148235 0.022044 -0.667340
v 0.489107 0.024827 -0.905325
v 0.318662 0.076502 -0.905325
v 0.488504 0.091144 -0.905324
v 0.318314 0.142821 -0.905324
v 0.148085 0.090288 -0.667339
v 0.318308 0.090906 -0.667339
v 0.489116 0.023865 -0.667340
v 0.318667 0.022662 -0.667340
v 0.442869 0.023472 -0.900255
v 0.194474 0.075039 -0.920649
v 0.442325 0.091714 -0.900254
v 0.194272 0.143283 -0.920648
v 0.442356 0.087865 -0.907014
v 0.194283 0.139434 -0.927408
v 0.494530 0.027763 -0.905325
v 0.494250 0.058034 -0.905325
v 0.142778 0.025882 -0.925718
v 0.142714 0.056155 -0.925718
v 0.140835 0.086423 -0.667340
v 0.140898 0.056151 -0.667340
v 0.495785 0.088323 -0.667338
v 0.496066 0.058051 -0.667339
v 0.442838 0.027321 -0.907015
v 0.442597 0.057593 -0.907015
v 0.194462 0.078888 -0.927408
v 0.194373 0.109161 -0.927408
v 0.318378 0.130441 -0.907014
v 0.318597 0.088881 -0.907014
v 0.488616 0.078764 -0.907014
v 0.488994 0.037206 -0.907014
v 0.496258 0.037272 -0.900254
v 0.495873 0.078830 -0.900254
v 0.148114 0.076945 -0.927408
v 0.148205 0.035386 -0.927408
v 0.140942 0.035371 -0.920648
v 0.140855 0.076931 -0.920648
v 0.539184 0.025311 -0.905325
v 0.884216 0.121294 -0.871134
v 0.533734 0.025255 -0.900256
v 0.533085 0.088685 -0.905325
v 0.538496 0.091627 -0.905325
v 0.533056 0.091571 -0.900255
v 0.885566 0.057876 -0.866064
v 0.884155 0.124181 -0.866063
v 0.531888 0.028123 -0.667340
v 0.887321 0.033589 -0.667339
v 0.878697 0.097816 -0.667338
v 0.539194 0.024349 -0.667340
v 0.880116 0.057762 -0.871134
v 0.709646 0.027476 -0.905325
v 0.878718 0.124066 -0.871134
v 0.708632 0.093788 -0.905324
v 0.538486 0.092589 -0.667340
v 0.708617 0.112145 -0.667339
v 0.880136 0.029587 -0.667340
v 0.709661 0.026514 -0.667340
v 0.833884 0.055867 -0.866064
v 0.585443 0.024854 -0.900255
v 0.832558 0.124098 -0.866064
v 0.584649 0.093094 -0.900255
v 0.832633 0.120250 -0.872824
v 0.584694 0.089244 -0.907015
v 0.885505 0.060762 -0.871134
v 0.884861 0.091029 -0.871134
v 0.533704 0.028142 -0.905325
v 0.533395 0.058413 -0.905325
v 0.531271 0.088666 -0.667340
v 0.531579 0.058394 -0.667340
v 0.886029 0.094121 -0.667338
v 0.886675 0.063856 -0.667339
v 0.833809 0.059715 -0.872824
v 0.833220 0.089983 -0.872824
v 0.585398 0.028704 -0.907015
v 0.585046 0.058974 -0.907015
v 0.708821 0.081409 -0.907015
v 0.709456 0.039854 -0.907015
v 0.878979 0.111689 -0.872824
v 0.879855 0.070138 -0.872824
v 0.887119 0.070292 -0.866064
v 0.886231 0.111843 -0.866064
v 0.538624 0.079247 -0.907015
v 0.539055 0.037690 -0.907015
v 0.531791 0.037616 -0.900256
v 0.531368 0.079174 -0.900255
v 0.930198 0.031647 -0.905325
v 1.274145 0.105466 -0.905324
v 0.924748 0.031523 -0.900256
v 0.923304 0.094940 -0.905325
v 0.928675 0.097949 -0.905325
v 0.923239 0.097826 -0.900255
v 1.276569 0.042080 -0.900255
v 1.274035 0.108351 -0.900254
v 0.922865 0.034369 -0.667340
v 1.278275 0.045034 -0.667339
v 1.268567 0.109107 -0.667339
v 0.930220 0.030685 -0.667340
v 1.271120 0.041873 -0.905325
v 1.100666 0.036124 -0.938668
v 1.268603 0.108145 -0.905324
v 1.098680 0.102414 -0.938668
v 0.928653 0.098912 -0.667340
v 1.098651 0.103376 -0.667339
v 1.271156 0.040912 -0.667340
v 1.100696 0.035162 -0.667340
v 1.224911 0.039216 -0.900255
v 0.976473 0.031784 -0.900255
v 1.222476 0.107417 -0.900254
v 0.974782 0.100007 -0.900254
v 1.222612 0.103570 -0.907014
v 0.974878 0.096159 -0.907014
v 1.276460 0.044965 -0.905325
v 1.275302 0.075215 -0.905324
v 0.924682 0.034410 -0.905325
v 0.923993 0.064674 -0.905325
v 0.921492 0.094899 -0.667340
v 0.922179 0.064633 -0.667340
v 1.275956 0.105535 -0.667339
v 1.277117 0.075284 -0.667339
v 1.224773 0.043063 -0.907015
v 1.223693 0.073317 -0.907014
v 0.976377 0.035632 -0.907015
v 0.975627 0.065896 -0.907015
v 1.099051 0.090040 -0.940358
v 1.100295 0.048499 -0.940358
v 1.269073 0.095774 -0.907015
v 1.270651 0.054245 -0.907015
v 1.277912 0.054520 -0.900255
v 1.276320 0.096049 -0.900254
v 0.928959 0.085573 -0.907015
v 0.929914 0.044024 -0.907015
v 0.922650 0.043859 -0.900255
v 0.921707 0.085408 -0.900255
v 1.321193 0.043829 -0.869618
v 1.663554 0.124478 -0.905324
v 1.315743 0.043611 -0.864548
v 1.313192 0.106992 -0.869618
v 1.318507 0.110095 -0.869618
v 1.313077 0.109876 -0.864548
v 1.667408 0.061162 -0.900255
v 1.663380 0.127359 -0.900254
v 1.313811 0.046422 -0.667340
v 1.669047 0.064155 -0.667339
v 1.657900 0.127993 -0.667338
v 1.321232 0.042868 -0.667340
v 1.661963 0.060834 -0.905325
v 1.491606 0.051485 -0.905325
v 1.657958 0.127032 -0.905324
v 1.488298 0.117722 -0.905324
v 1.318468 0.111056 -0.667339
v 1.488251 0.122102 -0.667339
v 1.662021 0.059873 -0.667339
v 1.491654 0.050524 -0.667340
v 1.615805 0.057158 -0.900255
v 1.367474 0.044789 -0.864548
v 1.611886 0.125289 -0.900254
v 1.364544 0.112970 -0.864547
v 1.612107 0.121447 -0.907014
v 1.364710 0.109125 -0.871307
v 1.667233 0.064044 -0.905325
v 1.665393 0.094261 -0.905325
v 1.315627 0.046495 -0.869618
v 1.314410 0.076743 -0.869618
v 1.311382 0.106919 -0.667340
v 1.312596 0.076671 -0.667340
v 1.665362 0.124588 -0.667338
v 1.667205 0.094371 -0.667339
v 1.615583 0.061001 -0.907015
v 1.613846 0.091224 -0.907015
v 1.367309 0.048635 -0.871308
v 1.366009 0.078880 -0.871307
v 1.488916 0.105358 -0.907014
v 1.490989 0.063849 -0.907014
v 1.658706 0.114675 -0.907014
v 1.661216 0.073191 -0.907015
v 1.668469 0.073630 -0.900254
v 1.665940 0.115112 -0.900254
v 1.319009 0.097725 -0.871308
v 1.320691 0.056200 -0.871308
v 1.313431 0.055908 -0.864548
v 1.311763 0.097434 -0.864548
v 1.711996 0.063932 -0.905325
v 2.052078 0.153494 -0.905324
v 1.706552 0.063587 -0.900256
v 1.702533 0.126892 -0.905325
v 1.707770 0.130116 -0.905325
v 1.702350 0.129773 -0.900255
v 2.057782 0.090318 -0.900255
v 2.051818 0.156369 -0.900254
v 1.704554 0.066353 -0.667340
v 2.059334 0.093357 -0.667339
v 2.046327 0.156842 -0.667338
v 1.712057 0.062972 -0.667340
v 2.052346 0.089830 -0.905325
v 1.882237 0.075782 -0.905325
v 2.046413 0.155883 -0.905324
v 1.877205 0.141910 -0.905324
v 1.707709 0.131077 -0.667339
v 1.877131 0.142870 -0.667339
v 2.052432 0.088871 -0.667339
v 1.882311 0.074822 -0.667340
v 2.006290 0.084829 -0.900255
v 1.758260 0.065983 -0.900255
v 2.000447 0.152822 -0.932228
v 1.753695 0.134074 -0.900255
v 2.000777 0.148987 -0.938989
v 1.753953 0.130233 -0.907015
v 2.057522 0.093194 -0.905325
v 2.054800 0.123343 -0.905324
v 1.706368 0.066467 -0.905325
v 1.704451 0.096680 -0.905325
v 1.700727 0.126777 -0.667340
v 1.702640 0.096565 -0.667340
v 2.053880 0.153656 -0.667338
v 2.056606 0.123507 -0.667339
v 2.005961 0.088664 -0.938989
v 2.003369 0.118825 -0.938989
v 1.758002 0.069823 -0.907015
v 1.755978 0.100029 -0.907015
v 1.878144 0.129566 -0.907015
v 1.881297 0.088126 -0.907015
v 2.047521 0.143553 -0.907014
v 2.051238 0.102160 -0.907014
v 2.058478 0.102811 -0.900254
v 2.054735 0.144202 -0.900254
v 1.708559 0.117762 -0.907015
v 1.711207 0.076287 -0.907015
v 1.703954 0.075827 -0.900255
v 1.701326 0.117303 -0.900255
v 2.102288 0.094411 -0.905325
v 2.439089 0.195377 -0.905324
v 2.096854 0.093902 -0.900256
v 2.090938 0.157058 -0.905325
v 2.096072 0.160439 -0.905325
v 2.090669 0.159933 -0.900255
v 2.447160 0.132460 -0.900255
v 2.438722 0.198240 -0.900254
v 2.094774 0.096607 -0.667340
v 2.448597 0.135555 -0.667339
v 2.433222 0.198507 -0.667339
v 2.102379 0.093453 -0.667340
v 2.441743 0.131767 -0.905325
v 2.272149 0.111681 -0.857232
v 2.433343 0.197553 -0.905324
v 2.264899 0.177603 -0.857231
v 2.095982 0.161396 -0.667339
v 2.264794 0.157590 -0.667339
v 2.441864 0.130813 -0.667340
v 2.272255 0.110725 -0.667340
v 2.395878 0.125067 -0.900255
v 2.148491 0.097878 -0.900255
v 2.387568 0.192803 -0.900254
v 2.141817 0.165794 -0.900255
v 2.388037 0.188982 -0.907014
v 2.142192 0.161963 -0.907014
v 2.446793 0.135323 -0.905325
v 2.442941 0.165350 -0.905324
v 2.096584 0.096776 -0.905325
v 2.093761 0.126917 -0.905325
v 2.089137 0.156890 -0.667340
v 2.091955 0.126749 -0.667340
v 2.440882 0.195606 -0.667338
v 2.444739 0.165581 -0.667339
v 2.395409 0.128887 -0.907015
v 2.391723 0.158935 -0.907015
v 2.148113 0.101708 -0.907015
v 2.145154 0.131836 -0.907015
v 2.266253 0.165298 -0.858921
v 2.270796 0.123987 -0.858922
v 2.434912 0.185272 -0.907015
v 2.440175 0.144047 -0.907015
v 2.447387 0.144970 -0.900254
v 2.442091 0.186191 -0.900254
v 2.097233 0.148113 -0.907015
v 2.101128 0.106736 -0.907015
v 2.093890 0.106059 -0.900255
v 2.090021 0.147438 -0.900255
v 2.491503 0.138248 -0.905325
v 2.823540 0.253633 -0.905324
v 2.486090 0.137530 -0.900255
v 2.477749 0.200412 -0.905325
v 2.482743 0.203986 -0.905325
v 2.477368 0.203273 -0.900255
v 2.834621 0.191177 -0.900255
v 2.823034 0.256476 -0.900254
v 2.483906 0.140153 -0.667340
v 2.835910 0.194337 -0.667339
v 2.817535 0.256481 -0.667338
v 2.491631 0.137294 -0.667340
v 2.829241 0.190225 -0.905325
v 2.660620 0.162446 -0.852466
v 2.817703 0.255534 -0.905324
v 2.650544 0.227996 -0.852465
v 2.482615 0.204941 -0.667339
v 2.650398 0.228947 -0.667339
v 2.829408 0.189278 -0.667340
v 2.660767 0.161495 -0.667340
v 2.783710 0.181365 -0.847396
v 2.537561 0.143527 -0.900255
v 2.772261 0.248641 -0.847395
v 2.528193 0.211125 -0.900255
v 2.772907 0.244846 -0.854155
v 2.528722 0.207312 -0.907015
v 2.834117 0.194019 -0.905324
v 2.828828 0.223826 -0.905324
v 2.485709 0.140392 -0.905325
v 2.481729 0.170402 -0.905325
v 2.475957 0.200174 -0.667340
v 2.479931 0.170163 -0.667340
v 2.825317 0.253948 -0.667338
v 2.830614 0.224143 -0.667339
v 2.783064 0.185159 -0.854156
v 2.777985 0.215003 -0.854156
v 2.537033 0.147340 -0.907015
v 2.532878 0.177326 -0.907015
v 2.652425 0.215760 -0.854156
v 2.658740 0.174682 -0.854156
v 2.819857 0.243342 -0.907014
v 2.827086 0.202417 -0.907015
v 2.834249 0.203683 -0.900254
v 2.826978 0.244602 -0.900254
v 2.484378 0.191715 -0.907015
v 2.489868 0.150519 -0.907015
v 2.482659 0.149564 -0.900255
v 2.477203 0.190763 -0.900255
v 2.878663 0.199122 -0.905325
v 3.203704 0.332571 -0.905324
v 2.873288 0.198137 -0.900255
v 2.861861 0.260532 -0.905325
v 2.866667 0.264348 -0.905325
v 2.861341 0.263372 -0.900255
v 3.218612 0.270915 -0.900255
v 3.203026 0.335377 -0.900254
v 2.870976 0.200649 -0.667340
v 3.219706 0.274148 -0.667339
v 3.197545 0.335048 -0.667338
v 2.878838 0.198176 -0.667340
v 3.213294 0.269635 -0.905325
v 3.062137 0.207688 -0.927984
v 3.197771 0.334113 -0.905324
v 3.048469 0.272584 -0.927984
v 2.866492 0.265294 -0.667339
v 3.032553 0.297953 -0.667339
v 3.213520 0.268700 -0.667339
v 3.046618 0.231174 -0.667340
v 3.184053 0.233617 -0.922914
v 2.924435 0.206707 -0.900255
v 3.168617 0.300092 -0.922913
v 2.911640 0.273741 -0.900254
v 3.169489 0.296343 -0.929674
v 2.912362 0.269960 -0.907014
v 3.217934 0.273721 -0.905325
v 3.210818 0.303146 -0.905324
v 2.872767 0.200977 -0.905325
v 2.867314 0.230754 -0.905325
v 2.860085 0.260207 -0.667340
v 2.865531 0.230428 -0.667340
v 3.205457 0.332993 -0.667338
v 3.212582 0.303571 -0.667339
v 3.183184 0.237366 -0.929674
v 3.176334 0.266854 -0.929674
v 2.923713 0.210488 -0.907015
v 2.918037 0.240224 -0.907014
v 3.051020 0.260470 -0.929674
v 3.059586 0.219802 -0.929674
v 3.200668 0.322077 -0.907014
v 3.210396 0.281671 -0.907014
v 3.217472 0.283375 -0.900254
v 3.207692 0.323767 -0.900254
v 2.868906 0.252172 -0.907015
v 2.876424 0.211298 -0.907015
v 2.869269 0.209987 -0.900256
v 2.861794 0.250869 -0.900255
v -3.016843 0.226736 -0.904010
v -3.374714 0.307123 -0.851152
v -3.003782 0.290228 -0.904010
v -3.357802 0.369700 -0.851151
v -3.015605 0.225717 -0.667339
v -3.359205 0.306769 -0.667340
v -3.002257 0.290680 -0.667338
v -3.341884 0.370787 -0.667340
v -3.066368 0.236344 -0.905325
v -3.326095 0.293512 -0.852466
v -3.052488 0.301194 -0.905324
v -3.309412 0.357698 -0.852466
v -3.292096 0.358630 -0.667339
v -3.052286 0.302135 -0.667339
v -3.066570 0.235403 -0.667340
v -3.309264 0.292580 -0.667340
v -3.013113 0.237844 -0.905324
v -3.004748 0.278553 -0.905324
v -3.373046 0.318719 -0.852466
v -3.362191 0.358837 -0.852466
v -3.346860 0.359307 -0.667340
v -3.357728 0.319193 -0.667340
v -3.002978 0.278190 -0.667338
v -3.011332 0.237479 -0.667339
v -3.063777 0.248449 -0.907015
v -3.055079 0.289089 -0.907014
v -3.322982 0.305493 -0.854156
v -3.312527 0.345716 -0.854156
v -2.630817 0.190673 -0.928076
v -2.975546 0.218395 -0.904011
v -2.621204 0.254779 -0.928075
v -2.962897 0.281972 -0.904011
v -2.629528 0.157735 -0.667339
v -2.977082 0.217937 -0.667340
v -2.619704 0.223323 -0.667338
v -2.964127 0.282979 -0.667340
v -2.680754 0.197552 -0.929391
v -2.926187 0.208022 -0.905325
v -2.670511 0.263076 -0.929390
v -2.913735 0.273161 -0.905324
v -2.913554 0.274107 -0.667339
v -2.670363 0.232038 -0.667339
v -2.680902 0.164613 -0.667340
v -2.926368 0.207076 -0.667340
v -2.627694 0.201967 -0.929390
v -2.621538 0.243068 -0.929390
v -2.974664 0.230079 -0.905325
v -2.966545 0.270838 -0.905325
v -2.968318 0.271191 -0.667340
v -2.976448 0.230434 -0.667340
v -2.619750 0.210813 -0.667339
v -2.625896 0.169710 -0.667339
v -2.678842 0.209783 -0.931080
v -2.672423 0.250844 -0.931080
v -2.923862 0.220181 -0.907015
v -2.916059 0.261002 -0.907014
v -2.242232 0.109195 -0.904010
v -2.589168 0.116724 -0.863224
v -2.235331 0.173649 -0.904010
v -2.579879 0.180877 -0.863224
v -2.240904 0.108301 -0.667339
v -2.590677 0.152018 -0.667340
v -2.233852 0.174244 -0.667338
v -2.581162 0.217651 -0.667340
v -2.292386 0.113923 -0.905325
v -2.539377 0.108918 -0.864539
v -2.285005 0.179831 -0.905324
v -2.530258 0.174608 -0.864538
v -2.530126 0.211393 -0.667339
v -2.284898 0.180787 -0.667339
v -2.292493 0.112967 -0.667340
v -2.539509 0.143797 -0.667340
v -2.239587 0.120610 -0.905324
v -2.235168 0.161934 -0.905324
v -2.588901 0.128438 -0.864539
v -2.582938 0.169567 -0.864538
v -2.584729 0.205659 -0.667340
v -2.590701 0.164531 -0.667340
v -2.233368 0.161742 -0.667339
v -2.237780 0.120417 -0.667339
v -2.291008 0.126226 -0.907015
v -2.286383 0.167528 -0.907015
v -2.537674 0.121181 -0.866229
v -2.531960 0.162346 -0.866228
v -1.852269 0.074294 -0.904011
v -2.200389 0.104808 -0.937056
v -1.847495 0.138940 -0.904010
v -2.193742 0.169289 -0.937055
v -1.850913 0.073443 -0.667339
v -2.201873 0.104209 -0.667340
v -1.846035 0.139583 -0.667338
v -2.195065 0.170178 -0.667340
v -1.902528 0.077337 -0.905325
v -2.150352 0.099027 -0.905325
v -1.897392 0.143458 -0.905324
v -2.143854 0.165027 -0.905325
v -2.143760 0.176334 -0.667339
v -1.897318 0.144417 -0.667339
v -1.902602 0.076378 -0.667340
v -2.150446 0.098069 -0.667340
v -1.850002 0.085789 -0.905324
v -1.846945 0.127237 -0.905324
v -2.200603 0.116524 -0.938370
v -2.196336 0.157864 -0.938370
v -2.198137 0.158049 -0.667340
v -2.202411 0.116710 -0.667340
v -1.845140 0.127104 -0.667339
v -1.848190 0.085656 -0.667339
v -1.901569 0.089680 -0.907015
v -1.898351 0.131115 -0.907015
v -2.149139 0.111347 -0.907015
v -2.145067 0.152707 -0.907015
v -1.461621 0.050769 -0.904010
v -1.810325 0.071271 -0.858693
v -1.458501 0.115517 -0.904010
v -1.805750 0.135932 -0.858692
v -1.460245 0.049955 -0.667339
v -1.811790 0.070624 -0.667340
v -1.457058 0.116198 -0.667338
v -1.807102 0.136778 -0.667340
v -1.511921 0.052506 -0.905325
v -1.760156 0.067074 -0.860007
v -1.508535 0.118740 -0.905324
v -1.755711 0.133245 -0.860006
v -1.755646 0.134205 -0.667339
v -1.508487 0.119700 -0.667339
v -1.511971 0.051546 -0.667340
v -1.760220 0.066114 -0.667340
v -1.459650 0.062320 -0.905325
v -1.457653 0.103832 -0.905324
v -1.810915 0.082973 -0.860007
v -1.807977 0.124429 -0.860007
v -1.809784 0.124557 -0.667340
v -1.812727 0.083102 -0.667340
v -1.455842 0.103745 -0.667339
v -1.457834 0.062233 -0.667339
v -1.511290 0.064870 -0.907015
v -1.509168 0.106376 -0.907015
v -1.759326 0.079426 -0.861697
v -1.756541 0.120893 -0.861696
v -1.070683 0.035998 -0.922041
v -1.419632 0.048806 -0.904011
v -1.068825 0.100794 -0.922040
v -1.416665 0.113560 -0.904011
v -1.069292 0.035210 -0.667339
v -1.421078 0.048122 -0.667340
v -1.067395 0.101502 -0.667338
v -1.418038 0.114372 -0.667340
v -1.120992 0.036740 -0.905325
v -1.369393 0.045834 -0.905325
v -1.118945 0.103027 -0.905324
v -1.366540 0.112092 -0.905324
v -1.366498 0.113053 -0.667339
v -1.118915 0.103989 -0.667339
v -1.121021 0.035778 -0.667340
v -1.369435 0.044872 -0.667340
v -1.068938 0.047585 -0.923355
v -1.067750 0.089128 -0.923355
v -1.420511 0.060489 -0.905325
v -1.418605 0.102005 -0.905325
v -1.420416 0.102088 -0.667340
v -1.422326 0.060572 -0.667340
v -1.065938 0.089076 -0.667339
v -1.067123 0.047533 -0.667339
v -1.120609 0.049114 -0.907015
v -1.119327 0.090653 -0.907015
v -1.368861 0.058202 -0.907015
v -1.367073 0.099724 -0.907014
v -0.679675 0.027782 -0.931201
v -1.028678 0.034838 -0.904011
v -0.678744 0.092598 -0.931201
v -1.026936 0.099637 -0.904010
v -0.678272 0.027014 -0.667339
v -1.030112 0.034127 -0.667340
v -0.677322 0.093326 -0.667338
v -1.028325 0.100422 -0.667340
v -0.729972 0.027792 -0.932516
v -0.978412 0.032794 -0.905325
v -0.728915 0.094102 -0.932516
v -0.976764 0.099093 -0.905325
v -0.976740 0.100055 -0.667339
v -0.728900 0.095065 -0.667339
v -0.729987 0.026830 -0.667340
v -0.978436 0.031832 -0.667340
v -0.678094 0.039392 -0.932516
v -0.677499 0.080947 -0.932516
v -1.029779 0.046502 -0.905325
v -1.028659 0.088047 -0.905325
v -1.030471 0.088095 -0.667340
v -1.031595 0.046551 -0.667340
v -0.675686 0.080922 -0.667338
v -0.676279 0.039366 -0.667339
v -0.729775 0.040170 -0.934206
v -0.729113 0.081724 -0.934206
v -0.978104 0.045170 -0.907015
v -0.977072 0.086717 -0.907015
v -0.288702 0.024225 -0.904010
v -0.637670 0.027208 -0.859826
v -0.288400 0.089047 -0.904010
v -0.636820 0.092024 -0.859825
v -0.287293 0.023470 -0.667339
v -0.639093 0.026478 -0.667340
v -0.286986 0.089788 -0.667338
v -0.638220 0.092792 -0.667340
v -0.338984 0.023734 -0.905325
v -0.587394 0.025840 -0.861140
v -0.338609 0.090053 -0.905324
v -0.586619 0.092155 -0.861139
v -0.586608 0.093117 -0.667339
v -0.338603 0.091015 -0.667339
v -0.338990 0.022772 -0.667340
v -0.587405 0.024878 -0.667340
v -0.287236 0.035850 -0.905324
v -0.287043 0.077409 -0.905324
v -0.638930 0.038857 -0.861140
v -0.638383 0.080413 -0.861140
v -0.640197 0.080437 -0.667340
v -0.640746 0.038881 -0.667340
v -0.285229 0.077401 -0.667339
v -0.285420 0.035842 -0.667339
v -0.338914 0.036114 -0.907015
v -0.338679 0.077673 -0.907014
v -0.587249 0.038219 -0.862830
v -0.586763 0.079776 -0.862829
v 0.102201 0.023672 -0.904010
v -0.246705 0.024048 -0.904011
v 0.102105 0.088494 -0.904010
v -0.246454 0.088870 -0.904010
v 0.103615 0.022925 -0.667339
v -0.248121 0.023304 -0.667340
v 0.103515 0.089244 -0.667338
v -0.247862 0.089623 -0.667340
v 0.051929 0.022868 -0.864538
v -0.196433 0.023129 -0.905325
v 0.051881 0.089187 -0.864538
v -0.196234 0.089448 -0.905324
v -0.196231 0.090411 -0.667339
v 0.051879 0.090149 -0.667339
v 0.051930 0.021905 -0.667340
v -0.196435 0.022167 -0.667340
v 0.103596 0.035305 -0.905325
v 0.103534 0.076864 -0.905324
v -0.248073 0.035685 -0.905325
v -0.247910 0.077244 -0.905325
v -0.249725 0.077251 -0.667340
v -0.249889 0.035692 -0.667340
v 0.105348 0.076867 -0.667339
v 0.105412 0.035307 -0.667339
v 0.051921 0.035247 -0.866228
v 0.051889 0.076807 -0.866228
v -0.196395 0.035509 -0.907015
v -0.196271 0.077068 -0.907015
v 0.493137 0.025612 -0.904010
v 0.144195 0.023746 -0.924404
v 0.492541 0.090432 -0.904010
v 0.144057 0.088568 -0.924404
v 0.494556 0.024876 -0.667340
v 0.142784 0.022995 -0.667340
v 0.493944 0.091193 -0.667338
v 0.142644 0.089314 -0.667340
v 0.442861 0.024435 -0.905325
v 0.194471 0.076001 -0.925718
v 0.442333 0.090752 -0.905324
v 0.194274 0.142320 -0.925718
v 0.194271 0.090405 -0.667339
v 0.442325 0.091714 -0.667339
v 0.442869 0.023472 -0.667340
v 0.194473 0.022161 -0.667340
v 0.494442 0.037255 -0.905325
v 0.494059 0.078813 -0.905324
v 0.142758 0.035375 -0.925718
v 0.142670 0.076934 -0.925718
v 0.140855 0.076931 -0.667340
v 0.140942 0.035371 -0.667340
v 0.495873 0.078830 -0.667339
v 0.496258 0.037272 -0.667339
v 0.442763 0.036814 -0.907015
v 0.442431 0.078372 -0.907014
v 0.194435 0.088381 -0.927408
v 0.194311 0.129940 -0.927408
v 0.884138 0.058595 -0.869820
v 0.535140 0.026018 -0.904011
v 0.882761 0.123403 -0.869819
v 0.534474 0.090837 -0.904010
v 0.885566 0.030664 -0.667339
v 0.533734 0.025255 -0.667340
v 0.884155 0.096969 -0.667338
v 0.533056 0.091571 -0.667340
v 0.833865 0.056828 -0.871134
v 0.585431 0.025816 -0.905325
v 0.832577 0.123136 -0.871134
v 0.584661 0.092132 -0.905325
v 0.584649 0.093094 -0.667339
v 0.832558 0.114281 -0.667339
v 0.833884 0.028655 -0.667340
v 0.585443 0.024854 -0.667340
v 0.885303 0.070253 -0.871134
v 0.884418 0.111804 -0.871134
v 0.533607 0.037634 -0.905325
v 0.533182 0.079192 -0.905325
v 0.531368 0.079173 -0.667340
v 0.531791 0.037616 -0.667340
v 0.886231 0.084630 -0.667339
v 0.887119 0.043080 -0.667339
v 0.833625 0.069206 -0.872824
v 0.832817 0.110758 -0.872824
v 0.585288 0.038196 -0.907015
v 0.584805 0.079752 -0.907015
v 1.275128 0.042774 -0.904011
v 0.926144 0.032303 -0.904011
v 1.272655 0.107549 -0.904010
v 0.924665 0.097109 -0.904010
v 1.276569 0.042080 -0.667339
v 0.924748 0.031523 -0.667340
v 1.274035 0.108351 -0.667338
v 0.923239 0.097826 -0.667340
v 1.224875 0.040178 -0.905325
v 0.976449 0.032746 -0.905325
v 1.222509 0.106455 -0.905324
v 0.974807 0.099045 -0.905324
v 0.974782 0.100007 -0.667339
v 1.222476 0.107417 -0.667339
v 1.224911 0.039216 -0.667340
v 0.976473 0.031784 -0.667340
v 1.276096 0.054451 -0.905324
v 1.274508 0.095980 -0.905324
v 0.924466 0.043900 -0.905325
v 0.923521 0.085449 -0.905325
v 0.921707 0.085408 -0.667340
v 0.922650 0.043859 -0.667340
v 1.276320 0.096049 -0.667339
v 1.277912 0.054520 -0.667339
v 1.224434 0.052550 -0.907015
v 1.222952 0.094083 -0.907014
v 0.976142 0.045122 -0.907015
v 0.975113 0.086669 -0.907015
v 1.665951 0.061824 -0.904010
v 1.317126 0.044415 -0.868304
v 1.662019 0.126528 -0.904010
v 1.314515 0.109185 -0.868303
v 1.667408 0.061162 -0.667340
v 1.315743 0.043611 -0.667340
v 1.663380 0.127360 -0.667338
v 1.313077 0.109876 -0.667340
v 1.615749 0.058119 -0.905325
v 1.367433 0.045751 -0.869618
v 1.611941 0.124328 -0.905324
v 1.364585 0.112009 -0.869617
v 1.364544 0.116389 -0.667339
v 1.611886 0.125289 -0.667339
v 1.615805 0.057158 -0.667340
v 1.367474 0.044788 -0.667340
v 1.666656 0.073520 -0.905325
v 1.664131 0.115002 -0.905324
v 1.315246 0.055980 -0.869618
v 1.313575 0.097506 -0.869618
v 1.311763 0.097434 -0.667340
v 1.313431 0.055908 -0.667340
v 1.665940 0.115112 -0.667339
v 1.668469 0.073630 -0.667339
v 1.615039 0.070478 -0.907015
v 1.612653 0.111969 -0.907015
v 1.366901 0.058119 -0.871308
v 1.365117 0.099641 -0.871307
v 2.056306 0.090937 -0.904010
v 1.707915 0.064423 -0.904011
v 2.050485 0.155498 -0.904010
v 1.703803 0.129115 -0.904010
v 2.057782 0.090318 -0.667339
v 1.706552 0.063587 -0.667340
v 2.051818 0.156369 -0.667338
v 1.702350 0.129773 -0.667340
v 2.006208 0.085787 -0.937299
v 1.758196 0.066943 -0.905325
v 2.000530 0.151863 -0.937298
v 1.753758 0.133115 -0.905324
v 1.753695 0.134074 -0.667339
v 2.000447 0.152822 -0.667339
v 2.006290 0.084829 -0.667340
v 1.758259 0.065983 -0.667340
v 2.056668 0.102648 -0.905325
v 2.052932 0.144039 -0.905324
v 1.705767 0.075942 -0.905325
v 1.703135 0.117418 -0.905325
v 1.701326 0.117304 -0.667340
v 1.703954 0.075827 -0.667340
v 2.054735 0.144202 -0.667339
v 2.058478 0.102811 -0.667339
v 2.005149 0.098122 -0.938989
v 2.001590 0.139529 -0.938989
v 1.757368 0.079295 -0.907015
v 1.754588 0.120762 -0.907015
v 2.445661 0.133022 -0.904010
v 2.098193 0.094779 -0.904011
v 2.437423 0.197320 -0.904010
v 2.092140 0.159318 -0.904010
v 2.447160 0.132460 -0.667339
v 2.096854 0.093902 -0.667340
v 2.438722 0.198240 -0.667338
v 2.090669 0.159933 -0.667340
v 2.395761 0.126022 -0.905325
v 2.148396 0.098835 -0.905325
v 2.387686 0.191848 -0.905324
v 2.141911 0.164837 -0.905324
v 2.141817 0.144825 -0.667339
v 2.387568 0.192803 -0.667339
v 2.395878 0.125067 -0.667340
v 2.148491 0.097878 -0.667340
v 2.445584 0.144739 -0.905324
v 2.440297 0.185961 -0.905324
v 2.095699 0.106228 -0.905325
v 2.091824 0.147607 -0.905325
v 2.090021 0.147438 -0.667340
v 2.093890 0.106059 -0.667340
v 2.442091 0.186191 -0.667339
v 2.447387 0.144970 -0.667339
v 2.394253 0.138310 -0.907015
v 2.389193 0.179560 -0.907014
v 2.147185 0.111156 -0.907015
v 2.143121 0.152516 -0.907015
v 2.833097 0.191667 -0.904010
v 2.487394 0.138458 -0.904011
v 2.821784 0.255494 -0.904010
v 2.478862 0.202716 -0.904011
v 2.834621 0.191177 -0.667339
v 2.486090 0.137530 -0.667340
v 2.823034 0.256476 -0.667338
v 2.477368 0.203273 -0.667340
v 2.783548 0.182313 -0.852466
v 2.537429 0.144480 -0.905325
v 2.772423 0.247693 -0.852465
v 2.528325 0.210172 -0.905325
v 2.528193 0.211125 -0.667339
v 2.772261 0.248641 -0.667339
v 2.783710 0.181365 -0.667340
v 2.537561 0.143527 -0.667340
v 2.832458 0.203366 -0.905324
v 2.825198 0.244287 -0.905324
v 2.484461 0.149802 -0.905325
v 2.478996 0.191001 -0.905325
v 2.477203 0.190763 -0.667340
v 2.482659 0.149564 -0.667340
v 2.826978 0.244602 -0.667338
v 2.834249 0.203683 -0.667339
v 2.781471 0.194517 -0.854156
v 2.774500 0.235488 -0.854155
v 2.535730 0.156743 -0.907015
v 2.530025 0.197909 -0.907015
v 3.217059 0.271310 -0.904010
v 2.874547 0.199128 -0.904011
v 3.201840 0.334321 -0.904010
v 2.862858 0.262888 -0.904010
v 3.218612 0.270915 -0.667339
v 2.873288 0.198137 -0.667340
v 3.203026 0.335377 -0.667338
v 2.861341 0.263372 -0.667340
v 3.183835 0.234554 -0.927984
v 2.924254 0.207652 -0.905325
v 3.168836 0.299155 -0.927984
v 2.911820 0.272796 -0.905324
v 2.911640 0.273741 -0.667339
v 3.152900 0.324520 -0.667339
v 3.168337 0.258044 -0.667340
v 2.924435 0.206707 -0.667340
v 3.215703 0.282948 -0.905324
v 3.205935 0.323344 -0.905324
v 2.871058 0.210314 -0.905325
v 2.863571 0.251194 -0.905325
v 2.861794 0.250869 -0.667340
v 2.869269 0.209987 -0.667340
v 3.207692 0.323767 -0.667339
v 3.217472 0.283375 -0.667339
v 3.181036 0.246613 -0.929674
v 3.171636 0.287096 -0.929674
v 2.921933 0.219813 -0.907015
v 2.914142 0.260635 -0.907014
v -3.398893 1.613170 0.911821
v -3.384127 0.005907 0.899704
v -3.384127 1.613170 0.899704
v -3.372010 0.005907 0.884939
v -3.363006 0.005907 0.868094
v -3.363006 1.613170 0.868094
v -3.357461 0.005907 0.849815
v -3.355589 0.005907 0.830807
v -3.357461 0.005907 0.811798
v -3.357461 1.613170 0.811798
v -3.363006 0.005907 0.793520
v -3.363006 1.613170 0.793520
v -3.372010 1.613170 0.776674
v -3.384127 0.005907 0.761909
v -3.398893 0.005907 0.749792
v -3.415738 1.613170 0.740788
v -3.434016 0.005907 0.735243
v -3.453025 0.005907 0.733371
v -3.453025 1.613170 0.733371
v -3.472034 0.005907 0.735243
v -3.490312 1.613170 0.740788
v -3.521922 0.005907 0.761909
v -3.543044 1.613170 0.793520
v -3.548589 0.005907 0.811798
v -3.548589 1.613170 0.811798
v -3.550460 1.613170 0.830807
v -3.543044 0.005907 0.868094
v -3.534040 1.613170 0.884939
v -3.521922 0.005907 0.899704
v -3.490312 1.613170 0.920825
v 3.308999 0.005906 0.928242
v 3.308999 1.613169 0.928242
v 3.328007 0.005906 0.926370
v 3.328007 1.613169 0.926370
v 3.346285 0.005906 0.920825
v 3.363131 0.005906 0.911821
v 3.377895 0.005906 0.899704
v 3.377895 1.613169 0.899704
v 3.390013 0.005906 0.884939
v 3.390013 1.613169 0.884939
v 3.399018 0.005906 0.868094
v 3.399018 1.613169 0.868094
v 3.404562 0.005906 0.849815
v 3.404562 1.613169 0.849815
v 3.406433 0.005906 0.830807
v 3.404562 0.005906 0.811798
v 3.404562 1.613169 0.811798
v 3.399018 0.005906 0.793520
v 3.399018 1.613169 0.793520
v 3.390013 0.005906 0.776674
v 3.390013 1.613169 0.776674
v 3.377895 1.613169 0.761909
v 3.363131 0.005906 0.749792
v 3.363131 1.613169 0.749792
v 3.346285 0.005906 0.740788
v 3.346285 1.613169 0.740788
v 3.328007 0.005906 0.735243
v 3.308999 1.613169 0.733371
v 3.289989 1.613169 0.735243
v 3.271711 0.005906 0.740788
v 3.271711 1.613169 0.740788
v 3.254865 1.613169 0.749792
v 3.240102 0.005906 0.761909
v 3.240102 1.613169 0.761909
v 3.227983 0.005906 0.776674
v 3.227983 1.613169 0.776674
v 3.213435 0.005906 0.811798
v 3.213435 0.005906 0.849815
v 3.213435 1.613169 0.849815
v 3.227983 1.613169 0.884939
v 3.240102 1.613169 0.899704
v 3.254865 0.005906 0.911821
v 3.254865 1.613169 0.911821
v 3.271711 0.005906 0.920825
v 3.289989 0.005906 0.926370
v -3.453025 0.005907 0.928242
v -3.434016 0.005907 0.926370
v -3.434016 1.613170 0.926370
v -3.453025 1.613170 0.928242
v -3.415738 0.005907 0.920825
v -3.415738 1.613170 0.920825
v -3.398893 0.005907 0.911821
v -3.372010 1.613170 0.884939
v -3.357461 1.613170 0.849815
v -3.355589 1.613170 0.830807
v -3.372010 0.005907 0.776674
v -3.384127 1.613170 0.761909
v -3.398893 1.613170 0.749792
v -3.415738 0.005907 0.740788
v -3.434016 1.613170 0.735243
v -3.472034 1.613170 0.735243
v -3.490312 0.005907 0.740788
v -3.507157 0.005907 0.749792
v -3.507157 1.613170 0.749792
v -3.521922 1.613170 0.761909
v -3.534040 0.005907 0.776674
v -3.534040 1.613170 0.776674
v -3.543044 0.005907 0.793520
v -3.550460 0.005907 0.830807
v -3.548588 0.005907 0.849815
v -3.548588 1.613170 0.849815
v -3.543044 1.613170 0.868094
v -3.534040 0.005907 0.884939
v -3.521922 1.613170 0.899704
v -3.507157 0.005907 0.911821
v -3.507157 1.613170 0.911821
v -3.490312 0.005907 0.920825
v -3.472034 0.005907 0.926370
v -3.472034 1.613170 0.926370
v 3.346285 1.613169 0.920825
v 3.363131 1.613169 0.911821
v 3.406433 1.613169 0.830807
v 3.377895 0.005906 0.761909
v 3.328007 1.613169 0.735243
v 3.308999 0.005906 0.733371
v 3.289989 0.005906 0.735243
v 3.254865 0.005906 0.749792
v 3.218981 0.005906 0.793520
v 3.218981 1.613169 0.793520
v 3.213435 1.613169 0.811798
v 3.211562 0.005906 0.830807
v 3.211562 1.613169 0.830807
v 3.218981 0.005906 0.868094
v 3.218981 1.613169 0.868094
v 3.227983 0.005906 0.884939
v 3.240102 0.005906 0.899704
v 3.271711 1.613169 0.920825
v 3.289989 1.613169 0.926370
v -6.141235 0.011508 -0.874266
v -6.126328 -0.010934 -0.847324
v -6.141235 0.011508 -0.820383
v -6.156143 0.033949 -0.847324
v -5.576343 0.371620 -0.874266
v -5.562166 0.348711 -0.847324
v -5.576343 0.371620 -0.820383
v -5.590519 0.394530 -0.847324
v -5.047013 0.689464 -0.874266
v -5.033317 0.666264 -0.847324
v -5.047013 0.689464 -0.820383
v -5.060710 0.712664 -0.847324
v -4.578771 0.961222 -0.874266
v -4.565346 0.937864 -0.847324
v -4.578771 0.961222 -0.820383
v -4.592196 0.984581 -0.847324
v -4.186183 1.184650 -0.874266
v -4.172968 1.161172 -0.847324
v -4.186183 1.184650 -0.820383
v -4.199399 1.208127 -0.847324
v -3.872868 1.359071 -0.874266
v -3.860070 1.335365 -0.847324
v -3.872868 1.359071 -0.820383
v -3.885667 1.382778 -0.847324
v -3.631487 1.485383 -0.874266
v -3.619915 1.461054 -0.847324
v -3.631487 1.485383 -0.820383
v -3.643059 1.509713 -0.847324
v -3.443750 1.566051 -0.874266
v -3.434896 1.540606 -0.847324
v -3.443750 1.566051 -0.820383
v -3.452603 1.591496 -0.847324
v 6.144254 -0.195571 0.890655
v 6.144254 0.055372 0.890655
v 6.153938 -0.195571 0.889701
v 6.153938 0.055372 0.889701
v 6.163250 -0.195571 0.886876
v 6.163250 0.055372 0.886876
v 6.171832 -0.195571 0.882289
v 6.171832 0.055372 0.882289
v 6.179354 -0.195571 0.876115
v 6.179354 0.055372 0.876115
v 6.185528 -0.195571 0.868593
v 6.185528 0.055372 0.868593
v 6.190115 -0.195571 0.860011
v 6.190115 0.055372 0.860011
v 6.192940 -0.195571 0.850699
v 6.192940 0.055372 0.850699
v 6.193893 -0.195571 0.841014
v 6.193893 0.055372 0.841014
v 6.192940 -0.195571 0.831330
v 6.192940 0.055372 0.831330
v 6.190115 -0.195571 0.822018
v 6.190115 0.055372 0.822018
v 6.185528 -0.195571 0.813436
v 6.185528 0.055372 0.813436
v 6.179354 -0.195571 0.805913
v 6.179354 0.055372 0.805913
v 6.171832 -0.195571 0.799740
v 6.171832 0.055372 0.799740
v 6.163250 -0.195571 0.795153
v 6.163250 0.055372 0.795153
v 6.153938 -0.195571 0.792328
v 6.153938 0.055372 0.792328
v 6.144254 -0.195571 0.791374
v 6.144254 0.055372 0.791374
v 6.134569 -0.195571 0.792328
v 6.134569 0.055372 0.792328
v 6.125257 -0.195571 0.795153
v 6.125257 0.055372 0.795153
v 6.116675 -0.195571 0.799740
v 6.116675 0.055372 0.799740
v 6.109152 -0.195571 0.805913
v 6.109152 0.055372 0.805913
v 6.102979 -0.195571 0.813436
v 6.102979 0.055372 0.813436
v 6.098392 -0.195571 0.822018
v 6.098392 0.055372 0.822018
v 6.095567 -0.195571 0.831330
v 6.095567 0.055372 0.831330
v 6.094614 -0.195571 0.841014
v 6.094614 0.055372 0.841014
v 6.095567 -0.195571 0.850699
v 6.095567 0.055372 0.850699
v 6.098392 -0.195571 0.860011
v 6.098392 0.055372 0.860011
v 6.102979 -0.195571 0.868593
v 6.102979 0.055372 0.868593
v 6.109153 -0.195571 0.876115
v 6.109153 0.055372 0.876115
v 6.116675 -0.195571 0.882289
v 6.116675 0.055372 0.882289
v 6.125257 -0.195571 0.886876
v 6.125257 0.055372 0.886876
v 6.134569 -0.195571 0.889701
v 6.134569 0.055372 0.889701
v -6.171793 -0.195570 0.890655
v -6.171793 0.055373 0.890655
v -6.162109 -0.195570 0.889701
v -6.162109 0.055373 0.889701
v -6.152797 -0.195570 0.886876
v -6.152797 0.055373 0.886876
v -6.144215 -0.195570 0.882289
v -6.144215 0.055373 0.882289
v -6.136692 -0.195570 0.876115
v -6.136692 0.055373 0.876115
v -6.130519 -0.195570 0.868593
v -6.130519 0.055373 0.868593
v -6.125932 -0.195570 0.860011
v -6.125932 0.055373 0.860011
v -6.123107 -0.195570 0.850699
v -6.123107 0.055373 0.850699
v -6.122153 -0.195570 0.841014
v -6.122153 0.055373 0.841014
v -6.123107 -0.195570 0.831330
v -6.123107 0.055373 0.831330
v -6.125932 -0.195570 0.822018
v -6.125932 0.055373 0.822018
v -6.130519 -0.195570 0.813436
v -6.130519 0.055373 0.813436
v -6.136692 -0.195570 0.805913
v -6.136692 0.055373 0.805913
v -6.144215 -0.195570 0.799740
v -6.144215 0.055373 0.799740
v -6.152797 -0.195570 0.795153
v -6.152797 0.055373 0.795153
v -6.162109 -0.195570 0.792328
v -6.162109 0.055373 0.792328
v -6.171793 -0.195570 0.791374
v -6.171793 0.055373 0.791374
v -6.181478 -0.195570 0.792328
v -6.181478 0.055373 0.792328
v -6.190790 -0.195570 0.795153
v -6.190790 0.055373 0.795153
v -6.199372 -0.195570 0.799740
v -6.199372 0.055373 0.799740
v -6.206894 -0.195570 0.805913
v -6.206894 0.055373 0.805913
v -6.213068 -0.195570 0.813436
v -6.213068 0.055373 0.813436
v -6.217655 -0.195570 0.822018
v -6.217655 0.055373 0.822018
v -6.220479 -0.195570 0.831330
v -6.220479 0.055373 0.831330
v -6.221433 -0.195570 0.841014
v -6.221433 0.055373 0.841014
v -6.220479 -0.195570 0.850699
v -6.220479 0.055373 0.850699
v -6.217655 -0.195570 0.860011
v -6.217655 0.055373 0.860011
v -6.213067 -0.195570 0.868593
v -6.213067 0.055373 0.868593
v -6.206894 -0.195570 0.876115
v -6.206894 0.055373 0.876115
v -6.199372 -0.195570 0.882289
v -6.199372 0.055373 0.882289
v -6.190789 -0.195570 0.886876
v -6.190789 0.055373 0.886876
v -6.181477 -0.195570 0.889701
v -6.181477 0.055373 0.889701
v 6.112548 0.011506 -0.820383
v 6.097641 -0.010935 -0.847325
v 6.112548 0.011506 -0.874266
v 6.127455 0.033948 -0.847325
v 5.547656 0.371619 -0.820383
v 5.533478 0.348709 -0.847325
v 5.547656 0.371619 -0.874266
v 5.561832 0.394528 -0.847325
v 5.018326 0.689463 -0.820383
v 5.004629 0.666263 -0.847324
v 5.018326 0.689463 -0.874266
v 5.032022 0.712663 -0.847324
v 4.550083 0.961221 -0.820383
v 4.536657 0.937863 -0.847324
v 4.550083 0.961221 -0.874266
v 4.563507 0.984580 -0.847324
v 4.157495 1.184649 -0.820383
v 4.144280 1.161171 -0.847324
v 4.157495 1.184649 -0.874266
v 4.170712 1.208126 -0.847324
v 3.844181 1.359071 -0.820383
v 3.831382 1.335364 -0.847324
v 3.844181 1.359071 -0.874266
v 3.856979 1.382778 -0.847324
v 3.602799 1.485383 -0.820383
v 3.591228 1.461053 -0.847324
v 3.602799 1.485383 -0.874266
v 3.614371 1.509712 -0.847324
v 3.415062 1.566050 -0.820383
v 3.406209 1.540605 -0.847324
v 3.415062 1.566050 -0.874266
v 3.423915 1.591495 -0.847324
v 6.114218 0.009862 -0.882168
v 6.117393 -0.000973 -0.878995
v 6.114218 -0.011808 -0.882168
v 6.106556 -0.016296 -0.889830
v 6.098894 -0.011808 -0.897492
v 6.095720 -0.000973 -0.900666
v 6.098894 0.009862 -0.897492
v 6.106556 0.014350 -0.889830
v 6.105240 0.009862 -0.869234
v 6.109282 -0.000973 -0.867284
v 6.105240 -0.011808 -0.869234
v 6.095481 -0.016296 -0.873944
v 6.085722 -0.011808 -0.878653
v 6.081680 -0.000973 -0.880603
v 6.085722 0.009862 -0.878653
v 6.095481 0.014350 -0.873944
v 6.102506 0.009862 -0.859873
v 6.106928 -0.000973 -0.859110
v 6.102506 -0.011808 -0.859873
v 6.091827 -0.016296 -0.861717
v 6.081149 -0.011808 -0.863560
v 6.076727 -0.000973 -0.864323
v 6.081149 0.009862 -0.863560
v 6.091827 0.014350 -0.861717
v 6.102224 0.009862 -0.853212
v 6.106713 -0.000973 -0.853212
v 6.102224 -0.011808 -0.853212
v 6.091388 -0.016296 -0.853212
v 6.080553 -0.011808 -0.853212
v 6.076064 -0.000973 -0.853212
v 6.080553 0.009862 -0.853212
v 6.091388 0.014350 -0.853212
v 6.102506 0.009862 -0.846552
v 6.106928 -0.000973 -0.847315
v 6.102506 -0.011808 -0.846552
v 6.091827 -0.016296 -0.844708
v 6.081149 -0.011808 -0.842865
v 6.076727 -0.000973 -0.842101
v 6.081149 0.009862 -0.842865
v 6.091827 0.014350 -0.844708
v 6.105240 0.009862 -0.837190
v 6.109282 -0.000973 -0.839141
v 6.105240 -0.011808 -0.837190
v 6.095481 -0.016296 -0.832481
v 6.085722 -0.011808 -0.827772
v 6.081680 -0.000973 -0.825822
v 6.085722 0.009862 -0.827772
v 6.095481 0.014350 -0.832481
v 6.114218 0.009862 -0.824256
v 6.117393 -0.000973 -0.827430
v 6.114218 -0.011808 -0.824256
v 6.106556 -0.016296 -0.816595
v 6.098894 -0.011808 -0.808933
v 6.095720 -0.000973 -0.805759
v 6.098894 0.009862 -0.808933
v 6.106556 0.014350 -0.816595
v 6.127152 0.009862 -0.815278
v 6.129103 -0.000973 -0.819320
v 6.127152 -0.011808 -0.815278
v 6.122443 -0.016296 -0.805519
v 6.117733 -0.011808 -0.795761
v 6.115784 -0.000973 -0.791719
v 6.117733 0.009862 -0.795761
v 6.122443 0.014350 -0.805519
v 6.136513 0.009862 -0.812543
v 6.137277 -0.000973 -0.816966
v 6.136513 -0.011808 -0.812543
v 6.134669 -0.016296 -0.801866
v 6.132827 -0.011808 -0.791188
v 6.132063 -0.000973 -0.786765
v 6.132827 0.009862 -0.791188
v 6.134669 0.014350 -0.801866
v 6.143174 0.009862 -0.812263
v 6.143174 -0.000973 -0.816751
v 6.143174 -0.011808 -0.812263
v 6.143174 -0.016296 -0.801427
v 6.143174 -0.011808 -0.790592
v 6.143174 -0.000973 -0.786103
v 6.143174 0.009862 -0.790592
v 6.143174 0.014350 -0.801427
v 6.149835 0.009862 -0.812543
v 6.149072 -0.000973 -0.816966
v 6.149835 -0.011808 -0.812543
v 6.151678 -0.016296 -0.801866
v 6.153522 -0.011808 -0.791188
v 6.154285 -0.000973 -0.786766
v 6.153522 0.009862 -0.791188
v 6.151678 0.014350 -0.801866
v 6.159196 0.009862 -0.815278
v 6.157246 -0.000973 -0.819320
v 6.159196 -0.011808 -0.815278
v 6.163905 -0.016296 -0.805519
v 6.168614 -0.011808 -0.795761
v 6.170565 -0.000973 -0.791719
v 6.168614 0.009862 -0.795761
v 6.163905 0.014350 -0.805519
v 6.172130 0.009862 -0.824257
v 6.168956 -0.000973 -0.827430
v 6.172130 -0.011808 -0.824257
v 6.179792 -0.016296 -0.816595
v 6.187453 -0.011808 -0.808933
v 6.190627 -0.000973 -0.805759
v 6.187453 0.009862 -0.808933
v 6.179792 0.014350 -0.816595
v 6.181108 0.009862 -0.837190
v 6.177066 -0.000973 -0.839141
v 6.181108 -0.011808 -0.837190
v 6.190867 -0.016296 -0.832481
v 6.200626 -0.011808 -0.827772
v 6.204668 -0.000973 -0.825822
v 6.200626 0.009862 -0.827772
v 6.190867 0.014350 -0.832481
v 6.183843 0.009862 -0.846552
v 6.179420 -0.000973 -0.847315
v 6.183843 -0.011808 -0.846552
v 6.194520 -0.016296 -0.844708
v 6.205198 -0.011808 -0.842865
v 6.209620 -0.000973 -0.842101
v 6.205198 0.009862 -0.842865
v 6.194520 0.014350 -0.844708
v 6.184124 0.009862 -0.853212
v 6.179635 -0.000973 -0.853212
v 6.184124 -0.011808 -0.853212
v 6.194960 -0.016296 -0.853212
v 6.205795 -0.011808 -0.853212
v 6.210283 -0.000973 -0.853212
v 6.205795 0.009862 -0.853212
v 6.194960 0.014350 -0.853212
v 6.183843 0.009862 -0.859873
v 6.179420 -0.000973 -0.859110
v 6.183843 -0.011808 -0.859873
v 6.194520 -0.016296 -0.861717
v 6.205198 -0.011808 -0.863560
v 6.209620 -0.000973 -0.864323
v 6.205198 0.009862 -0.863560
v 6.194520 0.014350 -0.861717
v 6.181108 0.009862 -0.869235
v 6.177066 -0.000973 -0.867284
v 6.181108 -0.011808 -0.869235
v 6.190867 -0.016296 -0.873944
v 6.200626 -0.011808 -0.878653
v 6.204668 -0.000973 -0.880603
v 6.200626 0.009862 -0.878653
v 6.190867 0.014350 -0.873944
v 6.172130 0.009862 -0.882168
v 6.168956 -0.000973 -0.878995
v 6.172130 -0.011808 -0.882168
v 6.179792 -0.016296 -0.889830
v 6.187453 -0.011808 -0.897492
v 6.190627 -0.000973 -0.900666
v 6.187453 0.009862 -0.897492
v 6.179792 0.014350 -0.889830
v 6.159196 0.009862 -0.891147
v 6.157246 -0.000973 -0.887104
v 6.159196 -0.011808 -0.891147
v 6.163905 -0.016296 -0.900905
v 6.168614 -0.011808 -0.910664
v 6.170565 -0.000973 -0.914706
v 6.168614 0.009862 -0.910664
v 6.163905 0.014350 -0.900905
v 6.149835 0.009862 -0.893881
v 6.149072 -0.000973 -0.889459
v 6.149835 -0.011808 -0.893881
v 6.151678 -0.016296 -0.904559
v 6.153522 -0.011808 -0.915236
v 6.154285 -0.000973 -0.919659
v 6.153522 0.009862 -0.915236
v 6.151678 0.014350 -0.904559
v 6.143174 0.009862 -0.894162
v 6.143174 -0.000973 -0.889674
v 6.143174 -0.011808 -0.894162
v 6.143174 -0.016296 -0.904998
v 6.143174 -0.011808 -0.915833
v 6.143174 -0.000973 -0.920321
v 6.143174 0.009862 -0.915833
v 6.143174 0.014350 -0.904998
v 6.136513 0.009862 -0.893881
v 6.137277 -0.000973 -0.889459
v 6.136513 -0.011808 -0.893881
v 6.134669 -0.016296 -0.904559
v 6.132827 -0.011808 -0.915236
v 6.132063 -0.000973 -0.919659
v 6.132827 0.009862 -0.915236
v 6.134669 0.014350 -0.904559
v 6.127152 0.009862 -0.891147
v 6.129103 -0.000973 -0.887104
v 6.127152 -0.011808 -0.891147
v 6.122443 -0.016296 -0.900905
v 6.117733 -0.011808 -0.910664
v 6.115784 -0.000973 -0.914706
v 6.117733 0.009862 -0.910664
v 6.122443 0.014350 -0.900905
v 6.114218 0.043619 -0.882168
v 6.117393 0.032784 -0.878995
v 6.114218 0.021948 -0.882168
v 6.106556 0.017460 -0.889830
v 6.098894 0.021948 -0.897492
v 6.095720 0.032784 -0.900666
v 6.098894 0.043619 -0.897492
v 6.106556 0.048107 -0.889830
v 6.106817 0.043619 -0.872352
v 6.110704 0.032784 -0.870110
v 6.106817 0.021948 -0.872352
v 6.097430 0.017460 -0.877765
v 6.088044 0.021948 -0.883178
v 6.084156 0.032784 -0.885421
v 6.088044 0.043619 -0.883178
v 6.097430 0.048107 -0.877765
v 6.103370 0.043619 -0.864123
v 6.107674 0.032784 -0.862846
v 6.103370 0.021948 -0.864123
v 6.092982 0.017460 -0.867206
v 6.082595 0.021948 -0.870289
v 6.078292 0.032784 -0.871566
v 6.082595 0.043619 -0.870289
v 6.092982 0.048107 -0.867206
v 6.102346 0.043619 -0.858238
v 6.106810 0.032784 -0.857773
v 6.102346 0.021948 -0.858238
v 6.091569 0.017460 -0.859361
v 6.080791 0.021948 -0.860484
v 6.076326 0.032784 -0.860949
v 6.080791 0.043619 -0.860484
v 6.091569 0.048107 -0.859361
v 6.102224 0.043619 -0.853212
v 6.106713 0.032784 -0.853212
v 6.102224 0.021948 -0.853212
v 6.091388 0.017460 -0.853212
v 6.080553 0.021948 -0.853212
v 6.076064 0.032784 -0.853212
v 6.080553 0.043619 -0.853212
v 6.091388 0.048107 -0.853212
v 6.102346 0.043619 -0.848186
v 6.106810 0.032784 -0.848651
v 6.102346 0.021948 -0.848186
v 6.091569 0.017460 -0.847064
v 6.080791 0.021948 -0.845941
v 6.076326 0.032784 -0.845476
v 6.080791 0.043619 -0.845941
v 6.091569 0.048107 -0.847064
v 6.103370 0.043619 -0.842302
v 6.107674 0.032784 -0.843579
v 6.103370 0.021948 -0.842302
v 6.092982 0.017460 -0.839219
v 6.082595 0.021948 -0.836136
v 6.078292 0.032784 -0.834859
v 6.082595 0.043619 -0.836136
v 6.092982 0.048107 -0.839219
v 6.106817 0.043619 -0.834073
v 6.110704 0.032784 -0.836315
v 6.106817 0.021948 -0.834073
v 6.097430 0.017460 -0.828660
v 6.088044 0.021948 -0.823246
v 6.084156 0.032784 -0.821004
v 6.088044 0.043619 -0.823246
v 6.097430 0.048107 -0.828660
v 6.114218 0.043619 -0.824256
v 6.117393 0.032784 -0.827430
v 6.114218 0.021948 -0.824256
v 6.106556 0.017460 -0.816595
v 6.098894 0.021948 -0.808933
v 6.095720 0.032784 -0.805759
v 6.098894 0.043619 -0.808933
v 6.106556 0.048107 -0.816595
v 6.124034 0.043619 -0.816855
v 6.126277 0.032784 -0.820743
v 6.124034 0.021948 -0.816855
v 6.118622 0.017460 -0.807468
v 6.113208 0.021948 -0.798082
v 6.110965 0.032784 -0.794194
v 6.113208 0.043619 -0.798082
v 6.118622 0.048107 -0.807468
v 6.132263 0.043619 -0.813409
v 6.133540 0.032784 -0.817712
v 6.132263 0.021948 -0.813409
v 6.129180 0.017460 -0.803021
v 6.126098 0.021948 -0.792634
v 6.124821 0.032784 -0.788331
v 6.126098 0.043619 -0.792634
v 6.129180 0.048107 -0.803021
v 6.138148 0.043619 -0.812384
v 6.138614 0.032784 -0.816848
v 6.138148 0.021948 -0.812384
v 6.137026 0.017460 -0.801607
v 6.135902 0.021948 -0.790830
v 6.135437 0.032784 -0.786366
v 6.135902 0.043619 -0.790830
v 6.137026 0.048107 -0.801607
v 6.143174 0.043619 -0.812263
v 6.143174 0.032784 -0.816751
v 6.143174 0.021948 -0.812263
v 6.143174 0.017460 -0.801427
v 6.143174 0.021948 -0.790592
v 6.143174 0.032784 -0.786103
v 6.143174 0.043619 -0.790592
v 6.143174 0.048107 -0.801427
v 6.148200 0.043619 -0.812384
v 6.147735 0.032784 -0.816848
v 6.148200 0.021948 -0.812384
v 6.149323 0.017460 -0.801607
v 6.150445 0.021948 -0.790830
v 6.150910 0.032784 -0.786366
v 6.150445 0.043619 -0.790830
v 6.149323 0.048107 -0.801607
v 6.154084 0.043619 -0.813409
v 6.152808 0.032784 -0.817712
v 6.154084 0.021948 -0.813409
v 6.157167 0.017460 -0.803021
v 6.160251 0.021948 -0.792634
v 6.161528 0.032784 -0.788331
v 6.160251 0.043619 -0.792634
v 6.157167 0.048107 -0.803021
v 6.162314 0.043619 -0.816855
v 6.160071 0.032784 -0.820743
v 6.162314 0.021948 -0.816855
v 6.167727 0.017460 -0.807468
v 6.173140 0.021948 -0.798082
v 6.175383 0.032784 -0.794194
v 6.173140 0.043619 -0.798082
v 6.167727 0.048107 -0.807468
v 6.172130 0.043619 -0.824256
v 6.168956 0.032784 -0.827430
v 6.172130 0.021948 -0.824256
v 6.179792 0.017460 -0.816595
v 6.187453 0.021948 -0.808933
v 6.190627 0.032784 -0.805759
v 6.187453 0.043619 -0.808933
v 6.179792 0.048107 -0.816595
v 6.179531 0.043619 -0.834073
v 6.175644 0.032784 -0.836315
v 6.179531 0.021948 -0.834073
v 6.188918 0.017460 -0.828660
v 6.198304 0.021948 -0.823246
v 6.202192 0.032784 -0.821004
v 6.198304 0.043619 -0.823246
v 6.188918 0.048107 -0.828660
v 6.182978 0.043619 -0.842302
v 6.178675 0.032784 -0.843579
v 6.182978 0.021948 -0.842302
v 6.193365 0.017460 -0.839219
v 6.203753 0.021948 -0.836136
v 6.208055 0.032784 -0.834859
v 6.203753 0.043619 -0.836136
v 6.193365 0.048107 -0.839219
v 6.184002 0.043619 -0.848186
v 6.179538 0.032784 -0.848651
v 6.184002 0.021948 -0.848186
v 6.194779 0.017460 -0.847064
v 6.205556 0.021948 -0.845941
v 6.210021 0.032784 -0.845476
v 6.205556 0.043619 -0.845941
v 6.194779 0.048107 -0.847064
v 6.184124 0.043619 -0.853212
v 6.179635 0.032784 -0.853212
v 6.184124 0.021948 -0.853212
v 6.194960 0.017460 -0.853212
v 6.205795 0.021948 -0.853212
v 6.210283 0.032784 -0.853212
v 6.205795 0.043619 -0.853212
v 6.194960 0.048107 -0.853212
v 6.184002 0.043619 -0.858238
v 6.179538 0.032784 -0.857773
v 6.184002 0.021948 -0.858238
v 6.194779 0.017460 -0.859361
v 6.205556 0.021948 -0.860484
v 6.210021 0.032784 -0.860949
v 6.205556 0.043619 -0.860484
v 6.194779 0.048107 -0.859361
v 6.182978 0.043619 -0.864123
v 6.178675 0.032784 -0.862846
v 6.182978 0.021948 -0.864123
v 6.193365 0.017460 -0.867206
v 6.203753 0.021948 -0.870289
v 6.208055 0.032784 -0.871566
v 6.203753 0.043619 -0.870289
v 6.193365 0.048107 -0.867206
v 6.179531 0.043619 -0.872352
v 6.175644 0.032784 -0.870110
v 6.179531 0.021948 -0.872352
v 6.188918 0.017460 -0.877765
v 6.198304 0.021948 -0.883178
v 6.202192 0.032784 -0.885421
v 6.198304 0.043619 -0.883178
v 6.188918 0.048107 -0.877765
v 6.172130 0.043619 -0.882168
v 6.168956 0.032784 -0.878995
v 6.172130 0.021948 -0.882168
v 6.179792 0.017460 -0.889830
v 6.187453 0.021948 -0.897492
v 6.190627 0.032784 -0.900666
v 6.187453 0.043619 -0.897492
v 6.179792 0.048107 -0.889830
v 6.162314 0.043619 -0.889570
v 6.160071 0.032784 -0.885682
v 6.162314 0.021948 -0.889570
v 6.167727 0.017460 -0.898956
v 6.173140 0.021948 -0.908343
v 6.175383 0.032784 -0.912231
v 6.173140 0.043619 -0.908343
v 6.167727 0.048107 -0.898956
v 6.154084 0.043619 -0.893016
v 6.152808 0.032784 -0.888713
v 6.154084 0.021948 -0.893016
v 6.157167 0.017460 -0.903404
v 6.160251 0.021948 -0.913791
v 6.161528 0.032784 -0.918094
v 6.160251 0.043619 -0.913791
v 6.157167 0.048107 -0.903404
v 6.148200 0.043619 -0.894041
v 6.147735 0.032784 -0.889577
v 6.148200 0.021948 -0.894041
v 6.149323 0.017460 -0.904818
v 6.150445 0.021948 -0.915595
v 6.150910 0.032784 -0.920059
v 6.150445 0.043619 -0.915595
v 6.149323 0.048107 -0.904818
v 6.143174 0.043619 -0.894162
v 6.143174 0.032784 -0.889674
v 6.143174 0.021948 -0.894162
v 6.143174 0.017460 -0.904998
v 6.143174 0.021948 -0.915833
v 6.143174 0.032784 -0.920321
v 6.143174 0.043619 -0.915833
v 6.143174 0.048107 -0.904998
v 6.138148 0.043619 -0.894041
v 6.138614 0.032784 -0.889577
v 6.138148 0.021948 -0.894041
v 6.137026 0.017460 -0.904818
v 6.135902 0.021948 -0.915595
v 6.135437 0.032784 -0.920059
v 6.135902 0.043619 -0.915595
v 6.137026 0.048107 -0.904818
v 6.132263 0.043619 -0.893016
v 6.133540 0.032784 -0.888713
v 6.132263 0.021948 -0.893016
v 6.129180 0.017460 -0.903404
v 6.126098 0.021948 -0.913791
v 6.124821 0.032784 -0.918094
v 6.126098 0.043619 -0.913791
v 6.129180 0.048107 -0.903404
v 6.124034 0.043619 -0.889570
v 6.126277 0.032784 -0.885682
v 6.124034 0.021948 -0.889570
v 6.118622 0.017460 -0.898956
v 6.113208 0.021948 -0.908343
v 6.110965 0.032784 -0.912231
v 6.113208 0.043619 -0.908343
v 6.118622 0.048107 -0.898956
v -6.201830 0.043620 -0.882168
v -6.198656 0.032784 -0.878995
v -6.201830 0.021949 -0.882168
v -6.209492 0.017461 -0.889830
v -6.217154 0.021949 -0.897492
v -6.220327 0.032784 -0.900666
v -6.217154 0.043620 -0.897492
v -6.209492 0.048108 -0.889830
v -6.212803 0.043620 -0.863726
v -6.208553 0.032784 -0.862285
v -6.212803 0.021949 -0.863726
v -6.223065 0.017461 -0.867206
v -6.233326 0.021949 -0.870685
v -6.237577 0.032784 -0.872126
v -6.233326 0.043620 -0.870685
v -6.223065 0.048108 -0.867206
v -6.213824 0.043620 -0.853212
v -6.209335 0.032784 -0.853212
v -6.213824 0.021949 -0.853212
v -6.224659 0.017461 -0.853212
v -6.235495 0.021949 -0.853212
v -6.239983 0.032784 -0.853212
v -6.235495 0.043620 -0.853212
v -6.224659 0.048108 -0.853212
v -6.212803 0.043620 -0.842698
v -6.208553 0.032784 -0.844140
v -6.212803 0.021949 -0.842698
v -6.223065 0.017461 -0.839219
v -6.233326 0.021949 -0.835740
v -6.237577 0.032784 -0.834298
v -6.233326 0.043620 -0.835740
v -6.223065 0.048108 -0.839219
v -6.201830 0.043620 -0.824256
v -6.198656 0.032784 -0.827430
v -6.201830 0.021949 -0.824256
v -6.209492 0.017461 -0.816595
v -6.217154 0.021949 -0.808933
v -6.220327 0.032784 -0.805759
v -6.217154 0.043620 -0.808933
v -6.209492 0.048108 -0.816595
v -6.183388 0.043620 -0.813283
v -6.181947 0.032784 -0.817533
v -6.183388 0.021949 -0.813283
v -6.186867 0.017461 -0.803021
v -6.190347 0.021949 -0.792760
v -6.191788 0.032784 -0.788509
v -6.190347 0.043620 -0.792760
v -6.186867 0.048108 -0.803021
v -6.172874 0.043620 -0.812263
v -6.172874 0.032784 -0.816751
v -6.172874 0.021949 -0.812263
v -6.172874 0.017461 -0.801427
v -6.172874 0.021949 -0.790592
v -6.172874 0.032784 -0.786103
v -6.172874 0.043620 -0.790592
v -6.172874 0.048108 -0.801427
v -6.162360 0.043620 -0.813283
v -6.163801 0.032784 -0.817533
v -6.162360 0.021949 -0.813283
v -6.158880 0.017461 -0.803021
v -6.155401 0.021949 -0.792760
v -6.153960 0.032784 -0.788509
v -6.155401 0.043620 -0.792760
v -6.158880 0.048108 -0.803021
v -6.143918 0.043620 -0.824256
v -6.147091 0.032784 -0.827430
v -6.143918 0.021949 -0.824256
v -6.136256 0.017461 -0.816595
v -6.128594 0.021949 -0.808933
v -6.125421 0.032784 -0.805759
v -6.128594 0.043620 -0.808933
v -6.136256 0.048108 -0.816595
v -6.132944 0.043620 -0.842698
v -6.137195 0.032784 -0.844140
v -6.132944 0.021949 -0.842698
v -6.122683 0.017461 -0.839219
v -6.112421 0.021949 -0.835740
v -6.108171 0.032784 -0.834298
v -6.112421 0.043620 -0.835740
v -6.122683 0.048108 -0.839219
v -6.131924 0.043620 -0.853212
v -6.136412 0.032784 -0.853212
v -6.131924 0.021949 -0.853212
v -6.121089 0.017461 -0.853212
v -6.110253 0.021949 -0.853212
v -6.105765 0.032784 -0.853212
v -6.110253 0.043620 -0.853212
v -6.121089 0.048108 -0.853212
v -6.132944 0.043620 -0.863726
v -6.137195 0.032784 -0.862285
v -6.132944 0.021949 -0.863726
v -6.122683 0.017461 -0.867206
v -6.112421 0.021949 -0.870685
v -6.108171 0.032784 -0.872126
v -6.112421 0.043620 -0.870685
v -6.122683 0.048108 -0.867206
v -6.143918 0.043620 -0.882168
v -6.147091 0.032784 -0.878995
v -6.143918 0.021949 -0.882168
v -6.136256 0.017461 -0.889830
v -6.128594 0.021949 -0.897492
v -6.125421 0.032784 -0.900666
v -6.128594 0.043620 -0.897492
v -6.136256 0.048108 -0.889830
v -6.162360 0.043620 -0.893142
v -6.163801 0.032784 -0.888891
v -6.162360 0.021949 -0.893142
v -6.158880 0.017461 -0.903404
v -6.155401 0.021949 -0.913665
v -6.153960 0.032784 -0.917916
v -6.155401 0.043620 -0.913665
v -6.158880 0.048108 -0.903404
v -6.172874 0.043620 -0.894162
v -6.172874 0.032784 -0.889674
v -6.172874 0.021949 -0.894162
v -6.172874 0.017461 -0.904998
v -6.172874 0.021949 -0.915833
v -6.172874 0.032784 -0.920321
v -6.172874 0.043620 -0.915833
v -6.172874 0.048108 -0.904998
v -6.183388 0.043620 -0.893142
v -6.181947 0.032784 -0.888891
v -6.183388 0.021949 -0.893142
v -6.186867 0.017461 -0.903404
v -6.190347 0.021949 -0.913665
v -6.191788 0.032784 -0.917916
v -6.190347 0.043620 -0.913665
v -6.186867 0.048108 -0.903404
v 3.245244 1.584534 -0.900779
v 3.251263 1.563985 -0.894761
v 3.245244 1.543436 -0.900779
v 3.230713 1.534925 -0.915310
v 3.216184 1.543436 -0.929840
v 3.210165 1.563985 -0.935858
v 3.216184 1.584534 -0.929840
v 3.230713 1.593045 -0.915310
v 3.228217 1.584534 -0.876251
v 3.235882 1.563985 -0.872552
v 3.228217 1.543436 -0.876251
v 3.209710 1.534925 -0.885182
v 3.191203 1.543436 -0.894112
v 3.183537 1.563985 -0.897811
v 3.191203 1.584534 -0.894112
v 3.209710 1.593045 -0.885182
v 3.223031 1.584534 -0.858498
v 3.231419 1.563985 -0.857050
v 3.223031 1.543436 -0.858498
v 3.202782 1.534925 -0.861994
v 3.182532 1.543436 -0.865490
v 3.174145 1.563985 -0.866938
v 3.182532 1.584534 -0.865490
v 3.202782 1.593045 -0.861994
v 3.222498 1.584534 -0.845866
v 3.231009 1.563985 -0.845866
v 3.222498 1.543436 -0.845866
v 3.201949 1.534925 -0.845866
v 3.181401 1.543436 -0.845866
v 3.172889 1.563985 -0.845866
v 3.181401 1.584534 -0.845866
v 3.201949 1.593045 -0.845866
v 3.223031 1.584534 -0.833235
v 3.231419 1.563985 -0.834683
v 3.223031 1.543436 -0.833235
v 3.202782 1.534925 -0.829739
v 3.182532 1.543436 -0.826243
v 3.174145 1.563985 -0.824795
v 3.177308 1.584534 -0.830719
v 3.202782 1.593045 -0.829739
v 3.228216 1.584534 -0.815481
v 3.235882 1.563985 -0.819181
v 3.228216 1.543436 -0.815481
v 3.209710 1.534925 -0.806551
v 3.191203 1.543436 -0.797621
v 3.183537 1.563985 -0.793922
v 3.185979 1.584534 -0.802097
v 3.209710 1.593045 -0.806551
v 3.245244 1.584534 -0.790953
v 3.251263 1.563985 -0.796972
v 3.245244 1.543436 -0.790953
v 3.230713 1.534925 -0.776423
v 3.216184 1.543436 -0.761893
v 3.210165 1.563985 -0.755874
v 3.216184 1.584534 -0.761893
v 3.230713 1.593045 -0.776423
v 3.269772 1.584534 -0.773926
v 3.273471 1.563985 -0.781592
v 3.269772 1.543436 -0.773926
v 3.260842 1.534925 -0.755420
v 3.251911 1.543436 -0.736913
v 3.248212 1.563985 -0.729247
v 3.251911 1.584534 -0.736913
v 3.260842 1.593045 -0.755420
v 3.287525 1.584534 -0.768740
v 3.288973 1.563985 -0.777128
v 3.287525 1.543436 -0.768740
v 3.284029 1.534925 -0.748491
v 3.280534 1.543436 -0.728241
v 3.279085 1.563985 -0.719854
v 3.280534 1.584534 -0.728241
v 3.284029 1.593045 -0.748491
v 3.300157 1.584534 -0.768208
v 3.300157 1.563985 -0.776719
v 3.300157 1.543436 -0.768208
v 3.300157 1.534925 -0.747659
v 3.300157 1.543436 -0.727110
v 3.300157 1.563985 -0.718598
v 3.300157 1.584534 -0.727110
v 3.300157 1.593045 -0.747659
v 3.312788 1.584534 -0.768740
v 3.311340 1.563985 -0.777128
v 3.312788 1.543436 -0.768740
v 3.316285 1.534925 -0.748491
v 3.319780 1.543436 -0.728241
v 3.321228 1.563985 -0.719854
v 3.319780 1.584534 -0.728241
v 3.316285 1.593045 -0.748491
v 3.330542 1.584534 -0.773926
v 3.326842 1.563985 -0.781592
v 3.330542 1.543436 -0.773926
v 3.339473 1.534925 -0.755420
v 3.348403 1.543436 -0.736913
v 3.352102 1.563985 -0.729247
v 3.348403 1.584534 -0.736913
v 3.339473 1.593045 -0.755420
v 3.355070 1.584534 -0.790953
v 3.349051 1.563985 -0.796972
v 3.355070 1.543436 -0.790953
v 3.369600 1.534925 -0.776423
v 3.384130 1.543436 -0.761893
v 3.390149 1.563985 -0.755874
v 3.384130 1.584534 -0.761893
v 3.369600 1.593045 -0.776423
v 3.372097 1.584534 -0.815481
v 3.364431 1.563985 -0.819181
v 3.372097 1.543436 -0.815481
v 3.390603 1.534925 -0.806551
v 3.409110 1.543436 -0.797621
v 3.416776 1.563985 -0.793922
v 3.409110 1.584534 -0.797621
v 3.390603 1.593045 -0.806551
v 3.377283 1.584534 -0.833235
v 3.368896 1.563985 -0.834683
v 3.377283 1.543436 -0.833235
v 3.397532 1.534925 -0.829739
v 3.417781 1.543436 -0.826243
v 3.426168 1.563985 -0.824795
v 3.417781 1.584534 -0.826243
v 3.397532 1.593045 -0.829739
v 3.377815 1.584534 -0.845866
v 3.369304 1.563985 -0.845866
v 3.377815 1.543436 -0.845866
v 3.398365 1.534925 -0.845866
v 3.418913 1.543436 -0.845866
v 3.427424 1.563985 -0.845866
v 3.418913 1.584534 -0.845866
v 3.398365 1.593045 -0.845866
v 3.377283 1.584534 -0.858498
v 3.368896 1.563985 -0.857050
v 3.377283 1.543436 -0.858498
v 3.397532 1.534925 -0.861994
v 3.417781 1.543436 -0.865490
v 3.426168 1.563985 -0.866938
v 3.417781 1.584534 -0.865490
v 3.397532 1.593045 -0.861994
v 3.372096 1.584534 -0.876251
v 3.364431 1.563985 -0.872552
v 3.372096 1.543436 -0.876251
v 3.390603 1.534925 -0.885182
v 3.409110 1.543436 -0.894112
v 3.416776 1.563985 -0.897811
v 3.409110 1.584534 -0.894112
v 3.390603 1.593045 -0.885182
v 3.355069 1.584534 -0.900779
v 3.349051 1.563985 -0.894761
v 3.355069 1.543436 -0.900779
v 3.369600 1.534925 -0.915310
v 3.384130 1.543436 -0.929840
v 3.390148 1.563985 -0.935858
v 3.384130 1.584534 -0.929840
v 3.369600 1.593045 -0.915310
v 3.330542 1.584534 -0.917806
v 3.326842 1.563985 -0.910141
v 3.330542 1.543436 -0.917806
v 3.339472 1.534925 -0.936313
v 3.348403 1.543436 -0.954820
v 3.352102 1.563985 -0.962486
v 3.348403 1.584534 -0.954820
v 3.339472 1.593045 -0.936313
v 3.312788 1.584534 -0.922993
v 3.311340 1.563985 -0.914605
v 3.312788 1.543436 -0.922993
v 3.316285 1.534925 -0.943242
v 3.319780 1.543436 -0.963491
v 3.321228 1.563985 -0.971879
v 3.319780 1.584534 -0.963491
v 3.316285 1.593045 -0.943242
v 3.300157 1.584534 -0.923525
v 3.300157 1.563985 -0.915013
v 3.300157 1.543436 -0.923525
v 3.300157 1.534925 -0.944074
v 3.300157 1.543436 -0.964623
v 3.300157 1.563985 -0.973134
v 3.300157 1.584534 -0.964623
v 3.300157 1.593045 -0.944074
v 3.287525 1.584534 -0.922993
v 3.288973 1.563985 -0.914605
v 3.287525 1.543436 -0.922993
v 3.284029 1.534925 -0.943242
v 3.280534 1.543436 -0.963491
v 3.279085 1.563985 -0.971879
v 3.280534 1.584534 -0.963491
v 3.284029 1.593045 -0.943242
v 3.269772 1.584534 -0.917806
v 3.273471 1.563985 -0.910141
v 3.269772 1.543436 -0.917806
v 3.260842 1.534925 -0.936313
v 3.251911 1.543436 -0.954820
v 3.248213 1.563985 -0.962486
v 3.251911 1.584534 -0.954820
v 3.260842 1.593045 -0.936313
v 3.245244 1.520517 -0.900779
v 3.251263 1.499969 -0.894761
v 3.245244 1.479419 -0.900779
v 3.230713 1.470908 -0.915310
v 3.216184 1.479419 -0.929840
v 3.210165 1.499969 -0.935858
v 3.216184 1.520517 -0.929840
v 3.230713 1.529029 -0.915310
v 3.228217 1.520517 -0.876251
v 3.235882 1.499969 -0.872552
v 3.228217 1.479419 -0.876251
v 3.209710 1.470908 -0.885182
v 3.191203 1.479419 -0.894112
v 3.183537 1.499969 -0.897811
v 3.191203 1.520517 -0.894112
v 3.209710 1.529029 -0.885182
v 3.223031 1.520517 -0.858498
v 3.231419 1.499969 -0.857050
v 3.223031 1.479419 -0.858498
v 3.202782 1.470908 -0.861994
v 3.182532 1.479419 -0.865490
v 3.174145 1.499969 -0.866938
v 3.182532 1.520517 -0.865490
v 3.202782 1.529029 -0.861994
v 3.222498 1.520517 -0.845866
v 3.231009 1.499969 -0.845866
v 3.222498 1.479419 -0.845866
v 3.201949 1.470908 -0.845866
v 3.181401 1.479419 -0.845866
v 3.172889 1.499969 -0.845866
v 3.181401 1.520517 -0.845866
v 3.201949 1.529029 -0.845866
v 3.223031 1.520517 -0.833235
v 3.231419 1.499969 -0.834683
v 3.223031 1.479419 -0.833235
v 3.202782 1.470908 -0.829739
v 3.182532 1.479419 -0.826243
v 3.174145 1.499969 -0.824795
v 3.182532 1.520517 -0.826243
v 3.202782 1.529029 -0.829739
v 3.228216 1.520517 -0.815481
v 3.235882 1.499969 -0.819181
v 3.228216 1.479419 -0.815481
v 3.209710 1.470908 -0.806551
v 3.191203 1.479419 -0.797621
v 3.183537 1.499969 -0.793922
v 3.191203 1.520517 -0.797621
v 3.209710 1.529029 -0.806551
v 3.245244 1.520517 -0.790953
v 3.251263 1.499969 -0.796972
v 3.245244 1.479419 -0.790953
v 3.230713 1.470908 -0.776423
v 3.216184 1.479419 -0.761893
v 3.210165 1.499969 -0.755874
v 3.216184 1.520517 -0.761893
v 3.230713 1.529029 -0.776423
v 3.269772 1.520517 -0.773926
v 3.273471 1.499969 -0.781592
v 3.269772 1.479419 -0.773926
v 3.260842 1.470908 -0.755420
v 3.251911 1.479419 -0.736913
v 3.248212 1.499969 -0.729247
v 3.251911 1.520517 -0.736913
v 3.260842 1.529029 -0.755420
v 3.287525 1.520517 -0.768740
v 3.288973 1.499969 -0.777128
v 3.287525 1.479419 -0.768740
v 3.284029 1.470908 -0.748491
v 3.280534 1.479419 -0.728241
v 3.279085 1.499969 -0.719854
v 3.280534 1.520517 -0.728241
v 3.284029 1.529029 -0.748491
v 3.300157 1.520517 -0.768208
v 3.300157 1.499969 -0.776719
v 3.300157 1.479419 -0.768208
v 3.300157 1.470908 -0.747659
v 3.300157 1.479419 -0.727110
v 3.300157 1.499969 -0.718598
v 3.300157 1.520517 -0.727110
v 3.300157 1.529029 -0.747659
v 3.312788 1.520517 -0.768740
v 3.311340 1.499969 -0.777128
v 3.312788 1.479419 -0.768740
v 3.316285 1.470908 -0.748491
v 3.319780 1.479419 -0.728241
v 3.321228 1.499969 -0.719854
v 3.319780 1.520517 -0.728241
v 3.316285 1.529029 -0.748491
v 3.330542 1.520517 -0.773926
v 3.326842 1.499969 -0.781592
v 3.330542 1.479419 -0.773926
v 3.339473 1.470908 -0.755420
v 3.348403 1.479419 -0.736913
v 3.352102 1.499969 -0.729247
v 3.348403 1.520517 -0.736913
v 3.339473 1.529029 -0.755420
v 3.355070 1.520517 -0.790953
v 3.349051 1.499969 -0.796972
v 3.355070 1.479419 -0.790953
v 3.369600 1.470908 -0.776423
v 3.384130 1.479419 -0.761893
v 3.390149 1.499969 -0.755874
v 3.384130 1.520517 -0.761893
v 3.369600 1.529029 -0.776423
v 3.372097 1.520517 -0.815481
v 3.364431 1.499969 -0.819181
v 3.372097 1.479419 -0.815481
v 3.390603 1.470908 -0.806551
v 3.409110 1.479419 -0.797621
v 3.416776 1.499969 -0.793922
v 3.409110 1.520517 -0.797621
v 3.390603 1.529029 -0.806551
v 3.377283 1.520517 -0.833235
v 3.368896 1.499969 -0.834683
v 3.377283 1.479419 -0.833235
v 3.397532 1.470908 -0.829739
v 3.417781 1.479419 -0.826243
v 3.426168 1.499969 -0.824795
v 3.417781 1.520517 -0.826243
v 3.397532 1.529029 -0.829739
v 3.377815 1.520517 -0.845866
v 3.369304 1.499969 -0.845866
v 3.377815 1.479419 -0.845866
v 3.398365 1.470908 -0.845866
v 3.418913 1.479419 -0.845866
v 3.427424 1.499969 -0.845866
v 3.418913 1.520517 -0.845866
v 3.398365 1.529029 -0.845866
v 3.377283 1.520517 -0.858498
v 3.368896 1.499969 -0.857050
v 3.377283 1.479419 -0.858498
v 3.397532 1.470908 -0.861994
v 3.417781 1.479419 -0.865490
v 3.426168 1.499969 -0.866938
v 3.417781 1.520517 -0.865490
v 3.397532 1.529029 -0.861994
v 3.372096 1.520517 -0.876251
v 3.364431 1.499969 -0.872552
v 3.372096 1.479419 -0.876251
v 3.390603 1.470908 -0.885182
v 3.409110 1.479419 -0.894112
v 3.416776 1.499969 -0.897811
v 3.409110 1.520517 -0.894112
v 3.390603 1.529029 -0.885182
v 3.355069 1.520517 -0.900779
v 3.349051 1.499969 -0.894761
v 3.355069 1.479419 -0.900779
v 3.369600 1.470908 -0.915310
v 3.384130 1.479419 -0.929840
v 3.390148 1.499969 -0.935858
v 3.384130 1.520517 -0.929840
v 3.369600 1.529029 -0.915310
v 3.330542 1.520517 -0.917806
v 3.326842 1.499969 -0.910141
v 3.330542 1.479419 -0.917806
v 3.339472 1.470908 -0.936313
v 3.348403 1.479419 -0.954820
v 3.352102 1.499969 -0.962486
v 3.348403 1.520517 -0.954820
v 3.339472 1.529029 -0.936313
v 3.312788 1.520517 -0.922993
v 3.311340 1.499969 -0.914605
v 3.312788 1.479419 -0.922993
v 3.316285 1.470908 -0.943242
v 3.319780 1.479419 -0.963491
v 3.321228 1.499969 -0.971879
v 3.319780 1.520517 -0.963491
v 3.316285 1.529029 -0.943242
v 3.300157 1.520517 -0.923525
v 3.300157 1.499969 -0.915013
v 3.300157 1.479419 -0.923525
v 3.300157 1.470908 -0.944074
v 3.300157 1.479419 -0.964623
v 3.300157 1.499969 -0.973134
v 3.300157 1.520517 -0.964623
v 3.300157 1.529029 -0.944074
v 3.287525 1.520517 -0.922993
v 3.288973 1.499969 -0.914605
v 3.287525 1.479419 -0.922993
v 3.284029 1.470908 -0.943242
v 3.280534 1.479419 -0.963491
v 3.279085 1.499969 -0.971879
v 3.280534 1.520517 -0.963491
v 3.284029 1.529029 -0.943242
v 3.269772 1.520517 -0.917806
v 3.273471 1.499969 -0.910141
v 3.269772 1.479419 -0.917806
v 3.260842 1.470908 -0.936313
v 3.251911 1.479419 -0.954820
v 3.248213 1.499969 -0.962486
v 3.251911 1.520517 -0.954820
v 3.260842 1.529029 -0.936313
v -3.508062 1.520518 -0.900779
v -3.502044 1.499969 -0.894761
v -3.508062 1.479420 -0.900779
v -3.522593 1.470909 -0.915310
v -3.537122 1.479420 -0.929840
v -3.543141 1.499969 -0.935858
v -3.537122 1.520518 -0.929840
v -3.522593 1.529029 -0.915310
v -3.525089 1.520518 -0.876251
v -3.517424 1.499969 -0.872552
v -3.525089 1.479420 -0.876251
v -3.543596 1.470909 -0.885182
v -3.562103 1.479420 -0.894112
v -3.569769 1.499969 -0.897811
v -3.562103 1.520518 -0.894112
v -3.543596 1.529029 -0.885182
v -3.530276 1.520518 -0.858498
v -3.521888 1.499969 -0.857050
v -3.530276 1.479420 -0.858498
v -3.550525 1.470909 -0.861994
v -3.570774 1.479420 -0.865490
v -3.579161 1.499969 -0.866938
v -3.570774 1.520518 -0.865490
v -3.550525 1.529029 -0.861994
v -3.530808 1.520518 -0.845866
v -3.522296 1.499969 -0.845866
v -3.530808 1.479420 -0.845866
v -3.551357 1.470909 -0.845866
v -3.571906 1.479420 -0.845866
v -3.580417 1.499969 -0.845866
v -3.571906 1.520518 -0.845866
v -3.551357 1.529029 -0.845866
v -3.530276 1.520518 -0.833235
v -3.521888 1.499969 -0.834683
v -3.530276 1.479420 -0.833235
v -3.550525 1.470909 -0.829739
v -3.570774 1.479420 -0.826243
v -3.579161 1.499969 -0.824795
v -3.570774 1.520518 -0.826243
v -3.550525 1.529029 -0.829739
v -3.525089 1.520518 -0.815481
v -3.517424 1.499969 -0.819181
v -3.525089 1.479420 -0.815481
v -3.543596 1.470909 -0.806551
v -3.562103 1.479420 -0.797621
v -3.569769 1.499969 -0.793922
v -3.562103 1.520518 -0.797621
v -3.543596 1.529029 -0.806551
v -3.508062 1.520518 -0.790953
v -3.502044 1.499969 -0.796972
v -3.508062 1.479420 -0.790953
v -3.522593 1.470909 -0.776423
v -3.537122 1.479420 -0.761893
v -3.543141 1.499969 -0.755874
v -3.537122 1.520518 -0.761893
v -3.522593 1.529029 -0.776423
v -3.483534 1.520518 -0.773926
v -3.479835 1.499969 -0.781592
v -3.483534 1.479420 -0.773926
v -3.492465 1.470909 -0.755420
v -3.501395 1.479420 -0.736913
v -3.505094 1.499969 -0.729247
v -3.501395 1.520518 -0.736913
v -3.492465 1.529029 -0.755420
v -3.465781 1.520518 -0.768740
v -3.464333 1.499969 -0.777128
v -3.465781 1.479420 -0.768740
v -3.469277 1.470909 -0.748491
v -3.472773 1.479420 -0.728241
v -3.474221 1.499969 -0.719854
v -3.472773 1.520518 -0.728241
v -3.469277 1.529029 -0.748491
v -3.453149 1.520518 -0.768208
v -3.453149 1.499969 -0.776719
v -3.453149 1.479420 -0.768208
v -3.453149 1.470909 -0.747659
v -3.453149 1.479420 -0.727110
v -3.453149 1.499969 -0.718598
v -3.453149 1.520518 -0.727110
v -3.453149 1.529029 -0.747659
v -3.440518 1.520518 -0.768740
v -3.441965 1.499969 -0.777128
v -3.440518 1.479420 -0.768740
v -3.437021 1.470909 -0.748491
v -3.433526 1.479420 -0.728241
v -3.432078 1.499969 -0.719854
v -3.433526 1.520518 -0.728241
v -3.437021 1.529029 -0.748491
v -3.422764 1.520518 -0.773926
v -3.426463 1.499969 -0.781592
v -3.422764 1.479420 -0.773926
v -3.413834 1.470909 -0.755420
v -3.404903 1.479420 -0.736913
v -3.401204 1.499969 -0.729247
v -3.404903 1.520518 -0.736913
v -3.413834 1.529029 -0.755420
v -3.398236 1.520518 -0.790953
v -3.404255 1.499969 -0.796972
v -3.398236 1.479420 -0.790953
v -3.383706 1.470909 -0.776423
v -3.369176 1.479420 -0.761893
v -3.363157 1.499969 -0.755874
v -3.369176 1.520518 -0.761893
v -3.383706 1.529029 -0.776423
v -3.381209 1.520518 -0.815481
v -3.388875 1.499969 -0.819181
v -3.381209 1.479420 -0.815481
v -3.362702 1.470909 -0.806551
v -3.344196 1.479420 -0.797621
v -3.336530 1.499969 -0.793922
v -3.344196 1.520518 -0.797621
v -3.362702 1.529029 -0.806551
v -3.376023 1.520518 -0.833235
v -3.384410 1.499969 -0.834683
v -3.376023 1.479420 -0.833235
v -3.355773 1.470909 -0.829739
v -3.335524 1.479420 -0.826243
v -3.327137 1.499969 -0.824795
v -3.335524 1.520518 -0.826243
v -3.355773 1.529029 -0.829739
v -3.375490 1.520518 -0.845866
v -3.384002 1.499969 -0.845866
v -3.375490 1.479420 -0.845866
v -3.354942 1.470909 -0.845866
v -3.334393 1.479420 -0.845866
v -3.325881 1.499969 -0.845866
v -3.334393 1.520518 -0.845866
v -3.354942 1.529029 -0.845866
v -3.376023 1.520518 -0.858498
v -3.384410 1.499969 -0.857050
v -3.376023 1.479420 -0.858498
v -3.355773 1.470909 -0.861994
v -3.335524 1.479420 -0.865490
v -3.327137 1.499969 -0.866938
v -3.335524 1.520518 -0.865490
v -3.355773 1.529029 -0.861994
v -3.381209 1.520518 -0.876251
v -3.388875 1.499969 -0.872552
v -3.381209 1.479420 -0.876251
v -3.362702 1.470909 -0.885182
v -3.344196 1.479420 -0.894112
v -3.336530 1.499969 -0.897811
v -3.344196 1.520518 -0.894112
v -3.362702 1.529029 -0.885182
v -3.398236 1.520518 -0.900779
v -3.404255 1.499969 -0.894761
v -3.398236 1.479420 -0.900779
v -3.383706 1.470909 -0.915310
v -3.369176 1.479420 -0.929840
v -3.363157 1.499969 -0.935858
v -3.369176 1.520518 -0.929840
v -3.383706 1.529029 -0.915310
v -3.422764 1.520518 -0.917806
v -3.426463 1.499969 -0.910141
v -3.422764 1.479420 -0.917806
v -3.413834 1.470909 -0.936313
v -3.404903 1.479420 -0.954820
v -3.401204 1.499969 -0.962486
v -3.404903 1.520518 -0.954820
v -3.413834 1.529029 -0.936313
v -3.440518 1.520518 -0.922993
v -3.441965 1.499969 -0.914605
v -3.440518 1.479420 -0.922993
v -3.437021 1.470909 -0.943242
v -3.433526 1.479420 -0.963491
v -3.432078 1.499969 -0.971879
v -3.433526 1.520518 -0.963491
v -3.437021 1.529029 -0.943242
v -3.453149 1.520518 -0.923525
v -3.453149 1.499969 -0.915013
v -3.453149 1.479420 -0.923525
v -3.453149 1.470909 -0.944074
v -3.453149 1.479420 -0.964623
v -3.453149 1.499969 -0.973134
v -3.453149 1.520518 -0.964623
v -3.453149 1.529029 -0.944074
v -3.465781 1.520518 -0.922993
v -3.464333 1.499969 -0.914605
v -3.465781 1.479420 -0.922993
v -3.469277 1.470909 -0.943242
v -3.472773 1.479420 -0.963491
v -3.474221 1.499969 -0.971879
v -3.472773 1.520518 -0.963491
v -3.469277 1.529029 -0.943242
v -3.483534 1.520518 -0.917806
v -3.479835 1.499969 -0.910141
v -3.483534 1.479420 -0.917806
v -3.492464 1.470909 -0.936313
v -3.501395 1.479420 -0.954820
v -3.505094 1.499969 -0.962486
v -3.501395 1.520518 -0.954820
v -3.492464 1.529029 -0.936313
v -3.508062 1.584534 -0.900779
v -3.502044 1.563986 -0.894761
v -3.508062 1.543437 -0.900779
v -3.522593 1.534925 -0.915310
v -3.537122 1.543437 -0.929840
v -3.543141 1.563986 -0.935858
v -3.537122 1.584534 -0.929840
v -3.522593 1.593046 -0.915310
v -3.525089 1.584534 -0.876251
v -3.517424 1.563986 -0.872552
v -3.525089 1.543437 -0.876251
v -3.543596 1.534925 -0.885182
v -3.562103 1.543437 -0.894112
v -3.569769 1.563986 -0.897811
v -3.562103 1.584534 -0.894112
v -3.543596 1.593046 -0.885182
v -3.530276 1.584534 -0.858498
v -3.521888 1.563986 -0.857050
v -3.530276 1.543437 -0.858498
v -3.550525 1.534925 -0.861994
v -3.570774 1.543437 -0.865490
v -3.579161 1.563986 -0.866938
v -3.570774 1.584534 -0.865490
v -3.550525 1.593046 -0.861994
v -3.530808 1.584534 -0.845866
v -3.522296 1.563986 -0.845866
v -3.530808 1.543437 -0.845866
v -3.551357 1.534925 -0.845866
v -3.571906 1.543437 -0.845866
v -3.580417 1.563986 -0.845866
v -3.571906 1.584534 -0.845866
v -3.551357 1.593046 -0.845866
v -3.530276 1.584534 -0.833235
v -3.521888 1.563986 -0.834683
v -3.530276 1.543437 -0.833235
v -3.550525 1.534925 -0.829739
v -3.570774 1.543437 -0.826243
v -3.579161 1.563986 -0.824795
v -3.570774 1.584534 -0.826243
v -3.550525 1.593046 -0.829739
v -3.525089 1.584534 -0.815481
v -3.517424 1.563986 -0.819181
v -3.525089 1.543437 -0.815481
v -3.543596 1.534925 -0.806551
v -3.562103 1.543437 -0.797621
v -3.569769 1.563986 -0.793922
v -3.562103 1.584534 -0.797621
v -3.543596 1.593046 -0.806551
v -3.508062 1.584534 -0.790953
v -3.502044 1.563986 -0.796972
v -3.508062 1.543437 -0.790953
v -3.522593 1.534925 -0.776423
v -3.537122 1.543437 -0.761893
v -3.543141 1.563986 -0.755874
v -3.537122 1.584534 -0.761893
v -3.522593 1.593046 -0.776423
v -3.483534 1.584534 -0.773926
v -3.479835 1.563986 -0.781592
v -3.483534 1.543437 -0.773926
v -3.492465 1.534925 -0.755420
v -3.501395 1.543437 -0.736913
v -3.505094 1.563986 -0.729247
v -3.501395 1.584534 -0.736913
v -3.492465 1.593046 -0.755420
v -3.465781 1.584534 -0.768740
v -3.464333 1.563986 -0.777128
v -3.465781 1.543437 -0.768740
v -3.469277 1.534925 -0.748491
v -3.472773 1.543437 -0.728241
v -3.474221 1.563986 -0.719854
v -3.472773 1.584534 -0.728241
v -3.469277 1.593046 -0.748491
v -3.453149 1.584534 -0.768208
v -3.453149 1.563986 -0.776719
v -3.453149 1.543437 -0.768208
v -3.453149 1.534925 -0.747659
v -3.453149 1.543437 -0.727110
v -3.453149 1.563986 -0.718598
v -3.453149 1.584534 -0.727110
v -3.453149 1.593046 -0.747659
v -3.440518 1.584534 -0.768740
v -3.441965 1.563986 -0.777128
v -3.440518 1.543437 -0.768740
v -3.437021 1.534925 -0.748491
v -3.433526 1.543437 -0.728241
v -3.432078 1.563986 -0.719854
v -3.433526 1.584534 -0.728241
v -3.437021 1.593046 -0.748491
v -3.422764 1.584534 -0.773926
v -3.426463 1.563986 -0.781592
v -3.422764 1.543437 -0.773926
v -3.413834 1.534925 -0.755420
v -3.404903 1.543437 -0.736913
v -3.401204 1.563986 -0.729247
v -3.404903 1.584534 -0.736913
v -3.413834 1.593046 -0.755420
v -3.398236 1.584534 -0.790953
v -3.404255 1.563986 -0.796972
v -3.398236 1.543437 -0.790953
v -3.383706 1.534925 -0.776423
v -3.369176 1.543437 -0.761893
v -3.363157 1.563986 -0.755874
v -3.369176 1.584534 -0.761893
v -3.383706 1.593046 -0.776423
v -3.381209 1.584534 -0.815481
v -3.388875 1.563986 -0.819181
v -3.381209 1.543437 -0.815481
v -3.362702 1.534925 -0.806551
v -3.344196 1.543437 -0.797621
v -3.336530 1.563986 -0.793922
v -3.344196 1.584534 -0.797621
v -3.362702 1.593046 -0.806551
v -3.376023 1.584534 -0.833235
v -3.384410 1.563986 -0.834683
v -3.376023 1.543437 -0.833235
v -3.355773 1.534925 -0.829739
v -3.335524 1.543437 -0.826243
v -3.327137 1.563986 -0.824795
v -3.335524 1.584534 -0.826243
v -3.355773 1.593046 -0.829739
v -3.375490 1.584534 -0.845866
v -3.384002 1.563986 -0.845866
v -3.375490 1.543437 -0.845866
v -3.354942 1.534925 -0.845866
v -3.334393 1.543437 -0.845866
v -3.325881 1.563986 -0.845866
v -3.334393 1.584534 -0.845866
v -3.354942 1.593046 -0.845866
v -3.376023 1.584534 -0.858498
v -3.384410 1.563986 -0.857050
v -3.376023 1.543437 -0.858498
v -3.355773 1.534925 -0.861994
v -3.335524 1.543437 -0.865490
v -3.327137 1.563986 -0.866938
v -3.335524 1.584534 -0.865490
v -3.355773 1.593046 -0.861994
v -3.381209 1.584534 -0.876251
v -3.388875 1.563986 -0.872552
v -3.381209 1.543437 -0.876251
v -3.362702 1.534925 -0.885182
v -3.344196 1.543437 -0.894112
v -3.336530 1.563986 -0.897811
v -3.344196 1.584534 -0.894112
v -3.362702 1.593046 -0.885182
v -3.398236 1.584534 -0.900779
v -3.404255 1.563986 -0.894761
v -3.398236 1.543437 -0.900779
v -3.383706 1.534925 -0.915310
v -3.369176 1.543437 -0.929840
v -3.363157 1.563986 -0.935858
v -3.369176 1.584534 -0.929840
v -3.383706 1.593046 -0.915310
v -3.422764 1.584534 -0.917806
v -3.426463 1.563986 -0.910141
v -3.422764 1.543437 -0.917806
v -3.413834 1.534925 -0.936313
v -3.404903 1.543437 -0.954820
v -3.401204 1.563986 -0.962486
v -3.404903 1.584534 -0.954820
v -3.413834 1.593046 -0.936313
v -3.440518 1.584534 -0.922993
v -3.441965 1.563986 -0.914605
v -3.440518 1.543437 -0.922993
v -3.437021 1.534925 -0.943242
v -3.433526 1.543437 -0.963491
v -3.432078 1.563986 -0.971879
v -3.433526 1.584534 -0.963491
v -3.437021 1.593046 -0.943242
v -3.453149 1.584534 -0.923525
v -3.453149 1.563986 -0.915013
v -3.453149 1.543437 -0.923525
v -3.453149 1.534925 -0.944074
v -3.453149 1.543437 -0.964623
v -3.453149 1.563986 -0.973134
v -3.453149 1.584534 -0.964623
v -3.453149 1.593046 -0.944074
v -3.465781 1.584534 -0.922993
v -3.464333 1.563986 -0.914605
v -3.465781 1.543437 -0.922993
v -3.469277 1.534925 -0.943242
v -3.472773 1.543437 -0.963491
v -3.474221 1.563986 -0.971879
v -3.472773 1.584534 -0.963491
v -3.469277 1.593046 -0.943242
v -3.483534 1.584534 -0.917806
v -3.479835 1.563986 -0.910141
v -3.483534 1.543437 -0.917806
v -3.492464 1.534925 -0.936313
v -3.501395 1.543437 -0.954820
v -3.505094 1.563986 -0.962486
v -3.501395 1.584534 -0.954820
v -3.492464 1.593046 -0.936313
v 3.305335 1.557120 -0.861649
v 3.299451 1.562973 -0.881681
v 3.285249 1.577099 -0.889980
v 3.271047 1.591226 -0.881681
v 3.265162 1.597078 -0.861649
v 3.271047 1.591226 -0.841618
v 3.285249 1.577099 -0.833318
v 3.299451 1.562973 -0.841618
v 2.767518 1.384179 -0.861649
v 2.765419 1.392209 -0.881681
v 2.760352 1.411589 -0.889980
v 2.755285 1.430969 -0.881681
v 2.753186 1.438999 -0.861649
v 2.755285 1.430969 -0.841618
v 2.760352 1.411589 -0.833318
v 2.765419 1.392209 -0.841618
v 2.190954 1.263709 -0.861649
v 2.189563 1.271891 -0.881681
v 2.186205 1.291639 -0.889980
v 2.182847 1.311387 -0.881681
v 2.181456 1.319569 -0.861649
v 2.182847 1.311387 -0.841618
v 2.186205 1.291639 -0.833318
v 2.189563 1.271891 -0.841618
v 1.576651 1.182811 -0.861649
v 1.575801 1.191068 -0.881681
v 1.573750 1.210994 -0.889980
v 1.571698 1.230920 -0.881681
v 1.570848 1.239176 -0.861649
v 1.571698 1.230920 -0.841618
v 1.573750 1.210994 -0.833318
v 1.575801 1.191068 -0.841618
v 0.935433 1.135107 -0.861649
v 0.934993 1.143395 -0.881681
v 0.933933 1.163398 -0.889980
v 0.932872 1.183402 -0.881681
v 0.932433 1.191689 -0.861649
v 0.932872 1.183402 -0.841618
v 0.933933 1.163398 -0.833318
v 0.934993 1.143395 -0.841618
v 0.278148 1.114270 -0.861649
v 0.278016 1.122569 -0.881681
v 0.277699 1.142598 -0.889980
v 0.277381 1.162627 -0.881681
v 0.277250 1.170926 -0.861649
v 0.277381 1.162627 -0.841618
v 0.277699 1.142598 -0.833318
v 0.278016 1.122569 -0.841618
v -0.384457 1.114271 -0.861649
v -0.384326 1.122569 -0.881681
v -0.384008 1.142598 -0.889980
v -0.383691 1.162627 -0.881681
v -0.383559 1.170926 -0.861649
v -0.383691 1.162627 -0.841618
v -0.384008 1.142598 -0.833318
v -0.384326 1.122569 -0.841618
v -1.041741 1.135108 -0.861649
v -1.041302 1.143395 -0.881681
v -1.040241 1.163399 -0.889980
v -1.039181 1.183402 -0.881681
v -1.038741 1.191690 -0.861649
v -1.039181 1.183402 -0.841618
v -1.040241 1.163399 -0.833318
v -1.041302 1.143395 -0.841618
v -1.682959 1.182811 -0.861649
v -1.682109 1.191067 -0.881681
v -1.680057 1.210994 -0.889980
v -1.678006 1.230920 -0.881681
v -1.677156 1.239176 -0.861649
v -1.678006 1.230920 -0.841618
v -1.680057 1.210994 -0.833318
v -1.682109 1.191067 -0.841618
v -2.297261 1.263709 -0.861649
v -2.295869 1.271890 -0.881681
v -2.292511 1.291639 -0.889980
v -2.289153 1.311387 -0.881681
v -2.287762 1.319569 -0.861649
v -2.289153 1.311387 -0.841618
v -2.292511 1.291639 -0.833318
v -2.295869 1.271890 -0.841618
v -2.873824 1.384179 -0.861649
v -2.871725 1.392209 -0.881681
v -2.866659 1.411589 -0.889980
v -2.861592 1.430969 -0.881681
v -2.859493 1.438998 -0.861649
v -2.861592 1.430969 -0.841618
v -2.866659 1.411589 -0.833318
v -2.871725 1.392209 -0.841618
v -3.411641 1.557119 -0.861649
v -3.405756 1.562972 -0.881681
v -3.391554 1.577099 -0.889980
v -3.377352 1.591225 -0.881681
v -3.371467 1.597078 -0.861649
v -3.377352 1.591225 -0.841618
v -3.391554 1.577099 -0.833318
v -3.405756 1.562972 -0.841618
v -2.269854 1.286131 -0.836571
v -2.249822 1.286131 -0.844871
v -2.241523 1.286131 -0.864903
v -2.249822 1.286131 -0.884934
v -2.269854 1.286131 -0.893234
v -2.289885 1.286131 -0.884934
v -2.298185 1.286131 -0.864903
v -2.289885 1.286131 -0.844871
v -2.269854 1.178266 -0.836571
v -2.249822 1.178266 -0.844871
v -2.241523 1.178266 -0.864902
v -2.249822 1.178266 -0.884934
v -2.269854 1.178266 -0.893234
v -2.289885 1.178266 -0.884934
v -2.298185 1.178266 -0.864902
v -2.289885 1.178266 -0.844871
v -2.269854 1.072775 -0.836572
v -2.249822 1.072775 -0.844872
v -2.241523 1.072775 -0.864903
v -2.249822 1.072775 -0.884934
v -2.269854 1.072775 -0.893234
v -2.289885 1.072775 -0.884934
v -2.298185 1.072775 -0.864903
v -2.289885 1.072775 -0.844872
v -2.269854 0.969207 -0.836572
v -2.249822 0.969207 -0.844872
v -2.241523 0.969207 -0.864903
v -2.249822 0.969207 -0.884934
v -2.269854 0.969207 -0.893234
v -2.289885 0.969207 -0.884934
v -2.298185 0.969207 -0.864903
v -2.289885 0.969207 -0.844872
v -2.269854 0.867162 -0.836571
v -2.249822 0.867162 -0.844871
v -2.241523 0.867162 -0.864903
v -2.249822 0.867162 -0.884934
v -2.269854 0.867162 -0.893234
v -2.289885 0.867162 -0.884934
v -2.298185 0.867162 -0.864903
v -2.289885 0.867162 -0.844871
v -2.269854 0.766281 -0.836571
v -2.249822 0.766281 -0.844871
v -2.241523 0.766281 -0.864902
v -2.249822 0.766281 -0.884933
v -2.269854 0.766281 -0.893233
v -2.289885 0.766281 -0.884933
v -2.298185 0.766281 -0.864902
v -2.289885 0.766281 -0.844871
v -2.269854 0.666258 -0.836571
v -2.249822 0.666258 -0.844871
v -2.241523 0.666258 -0.864902
v -2.249822 0.666258 -0.884934
v -2.269854 0.666258 -0.893234
v -2.289885 0.666258 -0.884934
v -2.298185 0.666258 -0.864902
v -2.289885 0.666258 -0.844871
v -2.269854 0.566830 -0.836571
v -2.249822 0.566830 -0.844871
v -2.241523 0.566830 -0.864903
v -2.249822 0.566830 -0.884934
v -2.269854 0.566830 -0.893234
v -2.289885 0.566830 -0.884934
v -2.298185 0.566830 -0.864903
v -2.289885 0.566830 -0.844871
v -2.269854 0.467786 -0.836571
v -2.249822 0.467786 -0.844871
v -2.241523 0.467786 -0.864902
v -2.249822 0.467786 -0.884933
v -2.269854 0.467786 -0.893233
v -2.289885 0.467786 -0.884933
v -2.298185 0.467786 -0.864902
v -2.289885 0.467786 -0.844871
v -2.269854 0.368959 -0.836571
v -2.249822 0.368959 -0.844871
v -2.241523 0.368959 -0.864902
v -2.249822 0.368959 -0.884934
v -2.269854 0.368959 -0.893234
v -2.289885 0.368959 -0.884934
v -2.298185 0.368959 -0.864902
v -2.289885 0.368959 -0.844871
v -2.269854 0.270231 -0.836571
v -2.249822 0.270231 -0.844871
v -2.241523 0.270231 -0.864902
v -2.249822 0.270231 -0.884934
v -2.269854 0.270231 -0.893234
v -2.289885 0.270231 -0.884934
v -2.298185 0.270231 -0.864902
v -2.289885 0.270231 -0.844871
v -2.269854 0.171530 -0.836571
v -2.249822 0.171530 -0.844871
v -2.241523 0.171530 -0.864902
v -2.249822 0.171530 -0.884934
v -2.269854 0.171530 -0.893234
v -2.289885 0.171530 -0.884934
v -2.298185 0.171530 -0.864902
v -2.289885 0.171530 -0.844871
v -1.113165 1.167497 -0.836575
v -1.093134 1.167497 -0.844875
v -1.084834 1.167497 -0.864906
v -1.093134 1.167497 -0.884938
v -1.113165 1.167497 -0.893238
v -1.133197 1.167497 -0.884938
v -1.141497 1.167497 -0.864906
v -1.133197 1.167497 -0.844875
v -1.113165 1.059632 -0.836575
v -1.093134 1.059632 -0.844875
v -1.084834 1.059632 -0.864906
v -1.093134 1.059632 -0.884938
v -1.113165 1.059632 -0.893237
v -1.133197 1.059632 -0.884938
v -1.141497 1.059632 -0.864906
v -1.133197 1.059632 -0.844875
v -1.113165 0.954140 -0.836575
v -1.093134 0.954140 -0.844875
v -1.084834 0.954140 -0.864907
v -1.093134 0.954140 -0.884938
v -1.113165 0.954140 -0.893238
v -1.133197 0.954140 -0.884938
v -1.141497 0.954140 -0.864907
v -1.133197 0.954140 -0.844875
v -1.113165 0.850574 -0.836575
v -1.093134 0.850574 -0.844875
v -1.084834 0.850574 -0.864907
v -1.093134 0.850574 -0.884938
v -1.113165 0.850574 -0.893238
v -1.133197 0.850574 -0.884938
v -1.141497 0.850574 -0.864907
v -1.133197 0.850574 -0.844875
v -1.113165 0.748527 -0.836575
v -1.093134 0.748527 -0.844875
v -1.084834 0.748527 -0.864906
v -1.093134 0.748527 -0.884938
v -1.113165 0.748527 -0.893238
v -1.133197 0.748527 -0.884938
v -1.141497 0.748527 -0.864906
v -1.133197 0.748527 -0.844875
v -1.113165 0.647647 -0.836575
v -1.093134 0.647647 -0.844875
v -1.084834 0.647647 -0.864906
v -1.093134 0.647647 -0.884938
v -1.113165 0.647647 -0.893237
v -1.133197 0.647647 -0.884938
v -1.141497 0.647647 -0.864906
v -1.133197 0.647647 -0.844875
v -1.113165 0.547623 -0.836575
v -1.093134 0.547623 -0.844875
v -1.084834 0.547623 -0.864906
v -1.093134 0.547623 -0.884938
v -1.113165 0.547623 -0.893238
v -1.133197 0.547623 -0.884938
v -1.141497 0.547623 -0.864906
v -1.133197 0.547623 -0.844875
v -1.113165 0.448195 -0.836575
v -1.093134 0.448195 -0.844875
v -1.084834 0.448195 -0.864906
v -1.093134 0.448195 -0.884938
v -1.113165 0.448195 -0.893238
v -1.133197 0.448195 -0.884938
v -1.141497 0.448195 -0.864906
v -1.133197 0.448195 -0.844875
v -1.113165 0.349152 -0.836575
v -1.093134 0.349152 -0.844875
v -1.084834 0.349152 -0.864906
v -1.093134 0.349152 -0.884938
v -1.113165 0.349152 -0.893238
v -1.133197 0.349152 -0.884938
v -1.141497 0.349152 -0.864906
v -1.133197 0.349152 -0.844875
v -1.113165 0.250324 -0.836575
v -1.093134 0.250324 -0.844875
v -1.084834 0.250324 -0.864906
v -1.093134 0.250324 -0.884938
v -1.113165 0.250324 -0.893237
v -1.133197 0.250324 -0.884938
v -1.141497 0.250324 -0.864906
v -1.133197 0.250324 -0.844875
v -1.113165 0.151597 -0.836575
v -1.093134 0.151597 -0.844875
v -1.084834 0.151597 -0.864906
v -1.093134 0.151597 -0.884938
v -1.113165 0.151597 -0.893237
v -1.133197 0.151597 -0.884938
v -1.141497 0.151597 -0.864906
v -1.133197 0.151597 -0.844875
v -1.113165 0.052896 -0.836575
v -1.093134 0.052896 -0.844875
v -1.084834 0.052896 -0.864906
v -1.093134 0.052896 -0.884938
v -1.113165 0.052896 -0.893237
v -1.133197 0.052896 -0.884938
v -1.141497 0.052896 -0.864906
v -1.133197 0.052896 -0.844875
v 1.065856 1.167496 -0.864903
v 1.074155 1.167496 -0.844872
v 1.094187 1.167496 -0.836572
v 1.114218 1.167496 -0.844872
v 1.122518 1.167496 -0.864903
v 1.114218 1.167496 -0.884934
v 1.094187 1.167496 -0.893234
v 1.074155 1.167496 -0.884935
v 1.065856 1.059631 -0.864903
v 1.074156 1.059631 -0.844872
v 1.094187 1.059631 -0.836572
v 1.114218 1.059631 -0.844872
v 1.122518 1.059631 -0.864903
v 1.114218 1.059631 -0.884934
v 1.094187 1.059631 -0.893234
v 1.074156 1.059631 -0.884934
v 1.065856 0.954140 -0.864903
v 1.074155 0.954140 -0.844872
v 1.094187 0.954140 -0.836572
v 1.114218 0.954140 -0.844872
v 1.122518 0.954140 -0.864903
v 1.114218 0.954140 -0.884934
v 1.094187 0.954140 -0.893234
v 1.074155 0.954140 -0.884935
v 1.065856 0.850573 -0.864903
v 1.074155 0.850573 -0.844872
v 1.094187 0.850573 -0.836572
v 1.114218 0.850573 -0.844872
v 1.122518 0.850573 -0.864903
v 1.114218 0.850573 -0.884934
v 1.094187 0.850573 -0.893234
v 1.074155 0.850573 -0.884934
v 1.065856 0.748527 -0.864903
v 1.074155 0.748527 -0.844872
v 1.094187 0.748527 -0.836572
v 1.114218 0.748527 -0.844872
v 1.122518 0.748527 -0.864903
v 1.114218 0.748527 -0.884934
v 1.094187 0.748527 -0.893234
v 1.074155 0.748527 -0.884934
v 1.065856 0.647647 -0.864903
v 1.074155 0.647647 -0.844872
v 1.094187 0.647647 -0.836572
v 1.114218 0.647647 -0.844872
v 1.122518 0.647647 -0.864903
v 1.114218 0.647647 -0.884934
v 1.094187 0.647647 -0.893234
v 1.074155 0.647647 -0.884934
v 1.065856 0.547623 -0.864903
v 1.074155 0.547623 -0.844872
v 1.094187 0.547623 -0.836572
v 1.114218 0.547623 -0.844872
v 1.122518 0.547623 -0.864903
v 1.114218 0.547623 -0.884934
v 1.094187 0.547623 -0.893234
v 1.074155 0.547623 -0.884934
v 1.065856 0.448195 -0.864903
v 1.074155 0.448195 -0.844872
v 1.094187 0.448195 -0.836572
v 1.114218 0.448195 -0.844872
v 1.122518 0.448195 -0.864903
v 1.114218 0.448195 -0.884934
v 1.094187 0.448195 -0.893234
v 1.074155 0.448195 -0.884934
v 1.065856 0.349151 -0.864903
v 1.074155 0.349151 -0.844872
v 1.094187 0.349151 -0.836572
v 1.114218 0.349151 -0.844872
v 1.122518 0.349151 -0.864903
v 1.114218 0.349151 -0.884934
v 1.094187 0.349151 -0.893234
v 1.074155 0.349151 -0.884934
v 1.065856 0.250324 -0.864903
v 1.074155 0.250324 -0.844872
v 1.094186 0.250324 -0.836572
v 1.114218 0.250324 -0.844872
v 1.122518 0.250324 -0.864903
v 1.114218 0.250324 -0.884934
v 1.094186 0.250324 -0.893234
v 1.074155 0.250324 -0.884934
v 1.065856 0.151596 -0.864903
v 1.074155 0.151596 -0.844872
v 1.094186 0.151596 -0.836572
v 1.114218 0.151596 -0.844872
v 1.122518 0.151596 -0.864903
v 1.114218 0.151596 -0.884934
v 1.094186 0.151596 -0.893234
v 1.074155 0.151596 -0.884934
v 1.065856 0.052896 -0.864903
v 1.074155 0.052896 -0.844872
v 1.094186 0.052896 -0.836572
v 1.114218 0.052896 -0.844872
v 1.122518 0.052896 -0.864903
v 1.114218 0.052896 -0.884934
v 1.094186 0.052896 -0.893234
v 1.074155 0.052896 -0.884934
v 2.250882 1.286131 -0.836572
v 2.270914 1.286131 -0.844873
v 2.279214 1.286131 -0.864903
v 2.270914 1.286131 -0.884935
v 2.250882 1.286131 -0.893235
v 2.230851 1.286131 -0.884935
v 2.222551 1.286131 -0.864903
v 2.230851 1.286131 -0.844873
v 2.250882 1.178267 -0.836572
v 2.270914 1.178267 -0.844873
v 2.279214 1.178267 -0.864904
v 2.270914 1.178267 -0.884935
v 2.250882 1.178267 -0.893235
v 2.230851 1.178267 -0.884935
v 2.222551 1.178267 -0.864904
v 2.230851 1.178267 -0.844873
v 2.250882 1.072775 -0.836572
v 2.270914 1.072775 -0.844873
v 2.279214 1.072775 -0.864903
v 2.270914 1.072775 -0.884935
v 2.250882 1.072775 -0.893235
v 2.230851 1.072775 -0.884935
v 2.222551 1.072775 -0.864903
v 2.230851 1.072775 -0.844873
v 2.250882 0.969208 -0.836572
v 2.270914 0.969208 -0.844873
v 2.279214 0.969208 -0.864903
v 2.270914 0.969208 -0.884935
v 2.250882 0.969208 -0.893235
v 2.230851 0.969208 -0.884935
v 2.222551 0.969208 -0.864903
v 2.230851 0.969208 -0.844873
v 2.250882 0.867162 -0.836572
v 2.270914 0.867162 -0.844873
v 2.279214 0.867162 -0.864904
v 2.270914 0.867162 -0.884935
v 2.250882 0.867162 -0.893235
v 2.230851 0.867162 -0.884935
v 2.222551 0.867162 -0.864904
v 2.230851 0.867162 -0.844873
v 2.250882 0.766281 -0.836573
v 2.270914 0.766281 -0.844873
v 2.279214 0.766281 -0.864904
v 2.270914 0.766281 -0.884935
v 2.250882 0.766281 -0.893235
v 2.230851 0.766281 -0.884935
v 2.222551 0.766281 -0.864904
v 2.230851 0.766281 -0.844873
v 2.250882 0.666257 -0.836572
v 2.270914 0.666257 -0.844873
v 2.279214 0.666257 -0.864903
v 2.270914 0.666257 -0.884935
v 2.250882 0.666257 -0.893235
v 2.230851 0.666257 -0.884935
v 2.222551 0.666257 -0.864903
v 2.230851 0.666257 -0.844873
v 2.250882 0.566829 -0.836572
v 2.270914 0.566829 -0.844873
v 2.279214 0.566829 -0.864903
v 2.270914 0.566829 -0.884935
v 2.250882 0.566829 -0.893235
v 2.230851 0.566829 -0.884935
v 2.222551 0.566829 -0.864903
v 2.230851 0.566829 -0.844873
v 2.250882 0.467786 -0.836572
v 2.270914 0.467786 -0.844873
v 2.279214 0.467786 -0.864904
v 2.270914 0.467786 -0.884935
v 2.250882 0.467786 -0.893235
v 2.230851 0.467786 -0.884935
v 2.222551 0.467786 -0.864904
v 2.230851 0.467786 -0.844873
v 2.250882 0.368959 -0.836572
v 2.270914 0.368959 -0.844873
v 2.279214 0.368959 -0.864904
v 2.270914 0.368959 -0.884935
v 2.250882 0.368959 -0.893235
v 2.230851 0.368959 -0.884935
v 2.222551 0.368959 -0.864904
v 2.230851 0.368959 -0.844873
v 2.250882 0.270231 -0.836572
v 2.270914 0.270231 -0.844872
v 2.279214 0.270231 -0.864903
v 2.270914 0.270231 -0.884935
v 2.250882 0.270231 -0.893235
v 2.230851 0.270231 -0.884935
v 2.222551 0.270231 -0.864903
v 2.230851 0.270231 -0.844872
v 2.250882 0.171530 -0.836572
v 2.270914 0.171530 -0.844872
v 2.279214 0.171530 -0.864903
v 2.270914 0.171530 -0.884935
v 2.250882 0.171530 -0.893235
v 2.230851 0.171530 -0.884935
v 2.222551 0.171530 -0.864903
v 2.230851 0.171530 -0.844872
v -0.000020 1.148970 -0.836571
v 0.020012 1.148970 -0.844870
v 0.028312 1.148970 -0.864902
v 0.020012 1.148970 -0.884933
v -0.000020 1.148970 -0.893232
v -0.020051 1.148970 -0.884933
v -0.028351 1.148970 -0.864902
v -0.020051 1.148970 -0.844870
v -0.000020 1.053619 -0.836571
v 0.020012 1.053619 -0.844870
v 0.028312 1.053619 -0.864902
v 0.020012 1.053619 -0.884933
v -0.000020 1.053619 -0.893232
v -0.020051 1.053619 -0.884933
v -0.028351 1.053619 -0.864902
v -0.020051 1.053619 -0.844870
v -0.000020 0.957400 -0.836571
v 0.020012 0.957400 -0.844870
v 0.028312 0.957400 -0.864902
v 0.020012 0.957400 -0.884933
v -0.000020 0.957400 -0.893232
v -0.020051 0.957400 -0.884933
v -0.028351 0.957400 -0.864902
v -0.020051 0.957400 -0.844870
v -0.000020 0.860480 -0.836571
v 0.020012 0.860480 -0.844870
v 0.028312 0.860480 -0.864902
v 0.020012 0.860480 -0.884933
v -0.000020 0.860480 -0.893232
v -0.020051 0.860480 -0.884933
v -0.028351 0.860480 -0.864902
v -0.020051 0.860480 -0.844870
v -0.000020 0.763004 -0.836571
v 0.020012 0.763004 -0.844870
v 0.028312 0.763004 -0.864902
v 0.020012 0.763004 -0.884933
v -0.000020 0.763004 -0.893232
v -0.020051 0.763004 -0.884933
v -0.028351 0.763004 -0.864902
v -0.020051 0.763004 -0.844870
v -0.000020 0.665103 -0.836571
v 0.020012 0.665103 -0.844870
v 0.028312 0.665103 -0.864902
v 0.020012 0.665103 -0.884933
v -0.000020 0.665103 -0.893232
v -0.020051 0.665103 -0.884933
v -0.028351 0.665103 -0.864902
v -0.020051 0.665103 -0.844870
v -0.000020 0.566888 -0.836571
v 0.020012 0.566888 -0.844870
v 0.028312 0.566888 -0.864902
v 0.020012 0.566888 -0.884933
v -0.000020 0.566888 -0.893232
v -0.020051 0.566888 -0.884933
v -0.028351 0.566888 -0.864902
v -0.020051 0.566888 -0.844870
v -0.000020 0.468455 -0.836571
v 0.020012 0.468455 -0.844870
v 0.028312 0.468455 -0.864902
v 0.020012 0.468455 -0.884933
v -0.000020 0.468455 -0.893232
v -0.020051 0.468455 -0.884933
v -0.028351 0.468455 -0.864902
v -0.020051 0.468455 -0.844870
v -0.000020 0.369883 -0.836571
v 0.020012 0.369883 -0.844870
v 0.028312 0.369883 -0.864902
v 0.020012 0.369883 -0.884933
v -0.000020 0.369883 -0.893232
v -0.020051 0.369883 -0.884933
v -0.028351 0.369883 -0.864902
v -0.020051 0.369883 -0.844870
v -0.000020 0.271232 -0.836571
v 0.020012 0.271232 -0.844870
v 0.028312 0.271232 -0.864902
v 0.020012 0.271232 -0.884933
v -0.000020 0.271232 -0.893232
v -0.020051 0.271232 -0.884933
v -0.028351 0.271232 -0.864902
v -0.020051 0.271232 -0.844870
v -0.000020 0.172544 -0.836570
v 0.020012 0.172544 -0.844870
v 0.028312 0.172544 -0.864902
v 0.020012 0.172544 -0.884933
v -0.000020 0.172544 -0.893232
v -0.020051 0.172544 -0.884933
v -0.028351 0.172544 -0.864902
v -0.020051 0.172544 -0.844870
v -0.000020 0.073846 -0.836570
v 0.020012 0.073846 -0.844870
v 0.028312 0.073846 -0.864902
v 0.020012 0.073846 -0.884933
v -0.000020 0.073846 -0.893232
v -0.020051 0.073846 -0.884933
v -0.028351 0.073846 -0.864902
v -0.020051 0.073846 -0.844870
v -3.361451 0.368469 0.847396
v -3.370243 0.308136 0.854156
v -3.344377 0.368469 0.000000
v -3.001070 0.287490 0.900254
v -3.001070 0.287490 0.000000
v -3.353491 0.370314 0.847395
v -3.336417 0.370314 0.000000
v -3.371245 0.304419 0.847396
v -3.354171 0.304419 0.000000
v -3.021154 0.225876 0.000000
v -3.188203 0.262684 0.000000
v -3.021154 0.225876 0.900255
v -3.188203 0.262684 0.900255
v -3.007362 0.292712 0.000000
v -3.172532 0.342310 0.000000
v -3.007362 0.292712 0.900254
v -3.172532 0.329104 0.900254
v -3.020376 0.229646 0.907015
v -3.187319 0.266430 0.907015
v -3.173416 0.325358 0.907015
v -3.180367 0.295894 0.907015
v -3.008140 0.288942 0.907015
v -3.014258 0.259294 0.907015
v -3.013239 0.228180 0.000000
v -3.007155 0.257835 0.000000
v -3.013239 0.228179 0.900254
v -3.007155 0.257835 0.900254
v -3.360211 0.310031 0.000000
v -3.352294 0.339250 0.000000
v -3.354493 0.366597 0.854156
v -3.362368 0.337366 0.854156
v -3.377285 0.310030 0.847396
v -3.369368 0.339250 0.847396
v -2.966461 0.280500 0.900255
v -2.971159 0.219706 0.907015
v -2.966461 0.280500 0.000000
v -2.618345 0.252190 0.924320
v -2.618345 0.220201 0.000000
v -2.958632 0.282871 0.900255
v -2.958632 0.282871 0.000000
v -2.971908 0.215930 0.900256
v -2.971908 0.215930 0.000000
v -2.635073 0.157594 0.000000
v -2.803798 0.184807 0.000000
v -2.635073 0.189582 0.924321
v -2.803798 0.184807 0.900255
v -2.624919 0.225078 0.000000
v -2.792165 0.252052 0.000000
v -2.624919 0.257066 0.924320
v -2.792165 0.252052 0.900254
v -2.634501 0.193389 0.931080
v -2.803142 0.188600 0.907015
v -2.792821 0.248259 0.907015
v -2.797982 0.218430 0.907015
v -2.625492 0.253260 0.931080
v -2.629996 0.223325 0.931080
v -2.627300 0.160321 0.000000
v -2.622823 0.190261 0.000000
v -2.627300 0.192310 0.924320
v -2.622823 0.222250 0.924320
v -2.978305 0.221125 0.000000
v -2.972383 0.250813 0.000000
v -2.959381 0.279094 0.907015
v -2.965270 0.249400 0.907015
v -2.978305 0.221125 0.900256
v -2.972383 0.250813 0.900255
v -2.583365 0.179221 0.859469
v -2.584859 0.118263 0.866229
v -2.583365 0.215054 0.000000
v -2.232361 0.171181 0.900254
v -2.232361 0.171182 0.000000
v -2.575661 0.181997 0.859468
v -2.575661 0.217829 0.000000
v -2.585409 0.114453 0.859469
v -2.585409 0.150285 0.000000
v -2.246436 0.107924 0.000000
v -2.416090 0.127565 0.000000
v -2.246436 0.107924 0.900255
v -2.416090 0.127564 0.900255
v -2.239144 0.175778 0.000000
v -2.407636 0.195283 0.000000
v -2.239144 0.175778 0.900254
v -2.407636 0.195283 0.900254
v -2.246024 0.111752 0.907015
v -2.415613 0.131385 0.907015
v -2.408113 0.191463 0.907014
v -2.411862 0.161424 0.907014
v -2.239555 0.171951 0.907014
v -2.242790 0.141851 0.907014
v -2.238788 0.110978 0.000000
v -2.235574 0.141080 0.000000
v -2.238788 0.110978 0.900255
v -2.235574 0.141080 0.900254
v -2.592064 0.155136 0.000000
v -2.587715 0.185095 0.000000
v -2.576211 0.178187 0.866228
v -2.580535 0.148225 0.866228
v -2.592064 0.119304 0.859469
v -2.587715 0.149263 0.859469
v -2.197161 0.167492 0.933300
v -2.196148 0.106523 0.940060
v -2.197161 0.167492 0.000000
v -1.844442 0.136571 0.900254
v -1.844442 0.136572 0.000000
v -2.189569 0.170581 0.933299
v -2.189570 0.170581 0.000000
v -2.196541 0.102694 0.933300
v -2.196542 0.102694 0.000000
v -1.856426 0.072885 0.000000
v -2.026571 0.086584 0.000000
v -1.856426 0.072885 0.900255
v -2.026570 0.086583 0.933300
v -1.851379 0.140942 0.000000
v -2.020613 0.164917 0.000000
v -1.851379 0.140942 0.900254
v -2.020613 0.154567 0.933299
v -1.856141 0.076723 0.907015
v -2.026234 0.090418 0.940060
v -2.020949 0.150732 0.940059
v -2.023592 0.120575 0.940059
v -1.851664 0.137103 0.907015
v -1.853903 0.106913 0.907015
v -1.848887 0.076190 0.000000
v -1.846664 0.106380 0.000000
v -1.848887 0.076189 0.900255
v -1.846664 0.106380 0.900254
v -2.203387 0.107267 0.000000
v -2.200274 0.137379 0.000000
v -2.189963 0.166752 0.940060
v -2.193056 0.136637 0.940060
v -2.203387 0.107267 0.933300
v -2.200274 0.137379 0.933300
v -1.809112 0.134026 0.854937
v -1.806144 0.073122 0.861697
v -1.809112 0.134026 0.000000
v -1.455386 0.113227 0.900254
v -1.455387 0.113227 0.000000
v -1.801617 0.137357 0.854937
v -1.801617 0.137357 0.000000
v -1.806415 0.069282 0.854937
v -1.806415 0.069282 0.000000
v -1.465739 0.049255 0.000000
v -1.636116 0.058334 0.000000
v -1.465739 0.049254 0.900255
v -1.636116 0.058334 0.854937
v -1.462438 0.117420 0.000000
v -1.632110 0.108678 0.000000
v -1.462438 0.117419 0.900254
v -1.632109 0.126461 0.854936
v -1.465553 0.053099 0.907015
v -1.635890 0.062177 0.861697
v -1.632335 0.122618 0.861696
v -1.634112 0.092397 0.861697
v -1.462625 0.113574 0.907014
v -1.464089 0.083337 0.907015
v -1.458290 0.052752 0.000000
v -1.456838 0.082989 0.000000
v -1.458290 0.052751 0.900255
v -1.456838 0.082989 0.900254
v -1.813400 0.073633 0.000000
v -1.811256 0.103829 0.000000
v -1.801888 0.133517 0.861696
v -1.804016 0.103319 0.861697
v -1.813400 0.073633 0.854937
v -1.811256 0.103829 0.854937
v -1.419980 0.111570 0.900255
v -1.415499 0.050758 0.907015
v -1.419980 0.111571 0.000000
v -1.065666 0.098565 0.918284
v -1.065666 0.098565 0.000000
v -1.412566 0.115086 0.900255
v -1.412566 0.115086 0.000000
v -1.415674 0.046913 0.900255
v -1.415674 0.046913 0.000000
v -1.074770 0.034404 0.000000
v -1.245235 0.039949 0.000000
v -1.074770 0.034403 0.918285
v -1.245235 0.039949 0.928120
v -1.072802 0.102620 0.000000
v -1.242733 0.108147 0.000000
v -1.072802 0.102619 0.918284
v -1.242733 0.108147 0.928119
v -1.074659 0.038251 0.925045
v -1.245094 0.043795 0.934880
v -1.242874 0.104300 0.934879
v -1.243983 0.074048 0.934880
v -1.072914 0.098772 0.925045
v -1.073786 0.068511 0.925045
v -1.067393 0.038044 0.000000
v -1.066530 0.068305 0.000000
v -1.067393 0.038044 0.918285
v -1.066530 0.068305 0.918285
v -1.422761 0.051089 0.000000
v -1.421371 0.081330 0.000000
v -1.412742 0.111241 0.906456
v -1.414121 0.081000 0.907015
v -1.422761 0.051089 0.900256
v -1.421371 0.081330 0.900255
v -1.030215 0.097585 0.900255
v -1.024584 0.036867 0.907015
v -1.030215 0.097585 0.000000
v -0.675550 0.090414 0.927445
v -0.675550 0.090414 0.000000
v -1.022864 0.101239 0.900255
v -1.022864 0.101239 0.000000
v -1.024688 0.033019 0.900255
v -1.024688 0.033019 0.000000
v -0.683737 0.026130 0.000000
v -0.854210 0.029056 0.000000
v -0.683737 0.026129 0.927446
v -0.854210 0.029056 0.927446
v -0.682748 0.094367 0.000000
v -0.852836 0.097286 0.000000
v -0.682748 0.094367 0.927445
v -0.852836 0.097286 0.927446
v -0.683681 0.029979 0.934206
v -0.854133 0.032904 0.934206
v -0.852913 0.093437 0.934206
v -0.853523 0.063170 0.934206
v -0.682804 0.090518 0.934206
v -0.683242 0.060248 0.934206
v -0.676414 0.029875 0.000000
v -0.675982 0.060144 0.000000
v -0.676414 0.029875 0.927446
v -0.675982 0.060144 0.927445
v -1.031851 0.037061 0.000000
v -1.031033 0.067323 0.000000
v -1.022967 0.097391 0.907015
v -1.023776 0.067129 0.907015
v -1.031851 0.037061 0.900255
v -1.031033 0.067323 0.900255
v -0.640072 0.089929 0.856070
v -0.633605 0.029294 0.862830
v -0.640072 0.089929 0.000000
v -0.285185 0.086894 0.900254
v -0.285185 0.086894 0.000000
v -0.632768 0.093683 0.856070
v -0.632768 0.093683 0.000000
v -0.633655 0.025445 0.856070
v -0.633655 0.025445 0.000000
v -0.292747 0.022533 0.000000
v -0.463193 0.023639 0.000000
v -0.292747 0.022533 0.900255
v -0.463193 0.023639 0.856070
v -0.292423 0.090776 0.000000
v -0.462617 0.091880 0.000000
v -0.292423 0.090776 0.900254
v -0.462617 0.091880 0.856069
v -0.292729 0.026382 0.907015
v -0.463161 0.027488 0.862829
v -0.462649 0.088031 0.862829
v -0.462905 0.057759 0.862829
v -0.292442 0.086927 0.907014
v -0.292585 0.056655 0.907015
v -0.285464 0.026349 0.000000
v -0.285325 0.056622 0.000000
v -0.285464 0.026349 0.900255
v -0.285325 0.056622 0.900254
v -0.640872 0.029388 0.000000
v -0.640472 0.059659 0.000000
v -0.632818 0.089834 0.862829
v -0.633212 0.059564 0.862830
v -0.640872 0.029388 0.856070
v -0.640472 0.059659 0.856070
v -0.249688 0.086744 0.900255
v -0.242661 0.026171 0.907015
v -0.249688 0.086744 0.000000
v 0.105333 0.086360 0.900254
v 0.105333 0.086360 0.000000
v -0.242416 0.090565 0.900255
v -0.242416 0.090565 0.000000
v -0.242676 0.022321 0.900255
v -0.242676 0.022321 0.000000
v 0.098167 0.021955 0.000000
v -0.072251 0.021924 0.000000
v 0.098167 0.021955 0.900255
v -0.072251 0.021923 0.859469
v 0.098070 0.090199 0.000000
v -0.072180 0.090168 0.000000
v 0.098070 0.090199 0.900254
v -0.072179 0.090168 0.859468
v 0.098162 0.025804 0.907015
v -0.072247 0.025773 0.866228
v -0.072184 0.086318 0.866228
v -0.072216 0.056046 0.866228
v 0.098076 0.086349 0.907014
v 0.098119 0.056077 0.907015
v 0.105426 0.025815 0.000000
v 0.105380 0.056087 0.000000
v 0.105426 0.025815 0.900255
v 0.105380 0.056087 0.900254
v -0.249926 0.026199 0.000000
v -0.249806 0.056471 0.000000
v -0.242431 0.086716 0.907015
v -0.242546 0.056443 0.907015
v -0.249926 0.026199 0.900256
v -0.249806 0.056471 0.900255
v 0.140835 0.086423 0.920648
v 0.148226 0.025893 0.927408
v 0.140835 0.086423 0.000000
v 0.495785 0.088323 0.900254
v 0.495785 0.088323 0.000000
v 0.148085 0.090288 0.920648
v 0.148085 0.090288 0.000000
v 0.148235 0.022043 0.920649
v 0.148235 0.022044 0.000000
v 0.489116 0.023865 0.000000
v 0.318667 0.022662 0.000000
v 0.489116 0.023865 0.900255
v 0.318667 0.075540 0.900255
v 0.488495 0.092106 0.000000
v 0.318308 0.090906 0.000000
v 0.488495 0.092105 0.900254
v 0.318308 0.143783 0.900254
v 0.489080 0.027714 0.907015
v 0.318646 0.079389 0.907015
v 0.318329 0.139934 0.907014
v 0.318488 0.109662 0.907015
v 0.488530 0.088257 0.907014
v 0.488806 0.057985 0.907015
v 0.496346 0.027780 0.000000
v 0.496066 0.058051 0.000000
v 0.496346 0.027780 0.900255
v 0.496066 0.058051 0.900254
v 0.140962 0.025878 0.000000
v 0.140898 0.056151 0.000000
v 0.148093 0.086439 0.927408
v 0.148160 0.056166 0.927408
v 0.140962 0.025878 0.920649
v 0.140898 0.056151 0.920648
v 0.531271 0.088666 0.900255
v 0.539154 0.028198 0.907015
v 0.531271 0.088666 0.000000
v 0.886029 0.121333 0.866063
v 0.886029 0.094121 0.000000
v 0.538486 0.092589 0.900255
v 0.538486 0.092589 0.000000
v 0.539194 0.024349 0.900255
v 0.539194 0.024349 0.000000
v 0.880136 0.029588 0.000000
v 0.709661 0.026514 0.000000
v 0.880136 0.056799 0.866064
v 0.709661 0.026514 0.900255
v 0.878697 0.097816 0.000000
v 0.708617 0.112145 0.000000
v 0.878697 0.125028 0.866064
v 0.708617 0.094750 0.900254
v 0.880055 0.060648 0.872824
v 0.709602 0.030363 0.907015
v 0.708676 0.090901 0.907014
v 0.709139 0.060632 0.907015
v 0.878778 0.121180 0.872824
v 0.879417 0.090914 0.872824
v 0.887321 0.033589 0.000000
v 0.886675 0.063856 0.000000
v 0.887321 0.060802 0.866064
v 0.886675 0.091067 0.866064
v 0.531888 0.028123 0.000000
v 0.531579 0.058394 0.000000
v 0.538526 0.088740 0.907015
v 0.538840 0.058469 0.907015
v 0.531888 0.028123 0.900256
v 0.531579 0.058394 0.900256
v 0.921492 0.094899 0.900255
v 0.930131 0.034534 0.907015
v 0.921492 0.094899 0.000000
v 1.275956 0.105535 0.900254
v 1.275956 0.105535 0.000000
v 0.928653 0.098912 0.900255
v 0.928653 0.098912 0.000000
v 0.930220 0.030685 0.900256
v 0.930220 0.030685 0.000000
v 1.271156 0.040912 0.000000
v 1.100696 0.035162 0.000000
v 1.271156 0.040912 0.900255
v 1.100696 0.035162 0.933598
v 1.268567 0.109107 0.000000
v 1.098651 0.103376 0.000000
v 1.268567 0.109107 0.900254
v 1.098651 0.103376 0.933597
v 1.271010 0.044758 0.907015
v 1.100580 0.039010 0.940358
v 1.098765 0.099528 0.940358
v 1.099673 0.069269 0.940358
v 1.268713 0.105260 0.907015
v 1.269862 0.075009 0.907015
v 1.278275 0.045034 0.000000
v 1.277117 0.075284 0.000000
v 1.278275 0.045034 0.900255
v 1.277117 0.075284 0.900255
v 0.922865 0.034369 0.000000
v 0.922179 0.064633 0.000000
v 0.928741 0.095063 0.907015
v 0.929437 0.064798 0.907015
v 0.922865 0.034369 0.900255
v 0.922179 0.064633 0.900255
v 1.311382 0.106919 0.864548
v 1.321075 0.046714 0.871308
v 1.311382 0.106919 0.000000
v 1.665362 0.124588 0.900254
v 1.665362 0.124588 0.000000
v 1.318468 0.111056 0.864547
v 1.318468 0.111056 0.000000
v 1.321232 0.042868 0.864548
v 1.321232 0.042868 0.000000
v 1.662021 0.059873 0.000000
v 1.491653 0.050524 0.000000
v 1.662021 0.059873 0.900255
v 1.491654 0.050524 0.900255
v 1.657900 0.127993 0.000000
v 1.488251 0.122102 0.000000
v 1.657900 0.127993 0.900254
v 1.488251 0.118683 0.900254
v 1.661788 0.063715 0.907015
v 1.491462 0.054368 0.907015
v 1.488443 0.114839 0.907014
v 1.489952 0.084603 0.907015
v 1.658133 0.124151 0.907014
v 1.659961 0.093933 0.907015
v 1.669047 0.064155 0.000000
v 1.667205 0.094371 0.000000
v 1.669047 0.064155 0.900255
v 1.667205 0.094371 0.900254
v 1.313811 0.046422 0.000000
v 1.312596 0.076671 0.000000
v 1.318624 0.107210 0.871308
v 1.319850 0.076962 0.871308
v 1.313811 0.046422 0.864548
v 1.312596 0.076671 0.864548
v 1.700727 0.126777 0.900255
v 1.711812 0.066813 0.907015
v 1.700727 0.126777 0.000000
v 2.053880 0.153656 0.900254
v 2.053880 0.153656 0.000000
v 1.707709 0.131077 0.900255
v 1.707709 0.131077 0.000000
v 1.712057 0.062972 0.900255
v 1.712057 0.062972 0.000000
v 2.052432 0.088872 0.000000
v 1.882311 0.074822 0.000000
v 2.052432 0.088871 0.900255
v 1.882311 0.074822 0.900255
v 2.046327 0.156842 0.000000
v 1.877131 0.142870 0.000000
v 2.046327 0.156842 0.900254
v 1.877131 0.142870 0.900254
v 2.052088 0.092705 0.907015
v 1.882018 0.078661 0.907015
v 1.877424 0.139032 0.907015
v 1.879721 0.108846 0.907015
v 2.046671 0.153008 0.907014
v 2.049379 0.122857 0.907014
v 2.059334 0.093357 0.000000
v 2.056606 0.123507 0.000000
v 2.059334 0.093357 0.900255
v 2.056606 0.123507 0.900254
v 1.704554 0.066353 0.000000
v 1.702640 0.096565 0.000000
v 1.707954 0.127235 0.907015
v 1.709883 0.097024 0.907015
v 1.704554 0.066353 0.900256
v 1.702640 0.096565 0.900255
v 2.089137 0.156890 0.900255
v 2.102017 0.097285 0.907015
v 2.089137 0.156890 0.000000
v 2.440882 0.195606 0.900254
v 2.440882 0.195607 0.000000
v 2.095982 0.161396 0.900255
v 2.095982 0.161397 0.000000
v 2.102379 0.093453 0.900255
v 2.102379 0.093453 0.000000
v 2.441864 0.130813 0.000000
v 2.272255 0.110725 0.000000
v 2.441864 0.130813 0.900255
v 2.272255 0.110725 0.852162
v 2.433222 0.198507 0.000000
v 2.264794 0.157590 0.000000
v 2.433222 0.198507 0.900254
v 2.264794 0.178560 0.852161
v 2.441377 0.134631 0.907015
v 2.271833 0.114551 0.858922
v 2.265215 0.174734 0.858921
v 2.268524 0.144642 0.858922
v 2.433709 0.194689 0.907014
v 2.437543 0.164660 0.907015
v 2.448597 0.135555 0.000000
v 2.444739 0.165581 0.000000
v 2.448597 0.135555 0.900255
v 2.444739 0.165581 0.900254
v 2.094774 0.096607 0.000000
v 2.091955 0.126749 0.000000
v 2.096342 0.157564 0.907015
v 2.099180 0.127425 0.907015
v 2.094774 0.096607 0.900256
v 2.091955 0.126749 0.900255
v 2.475957 0.200174 0.900255
v 2.491121 0.141110 0.907015
v 2.475957 0.200174 0.000000
v 2.825317 0.253948 0.900254
v 2.825317 0.253948 0.000000
v 2.482615 0.204941 0.900255
v 2.482615 0.204941 0.000000
v 2.491631 0.137294 0.900256
v 2.491631 0.137294 0.000000
v 2.829408 0.189278 0.000000
v 2.660767 0.161495 0.000000
v 2.829408 0.189278 0.900255
v 2.660767 0.161495 0.847396
v 2.817535 0.256481 0.000000
v 2.650398 0.228947 0.000000
v 2.817535 0.256481 0.900254
v 2.650398 0.228947 0.847395
v 2.828738 0.193069 0.907015
v 2.660182 0.165300 0.854156
v 2.650983 0.225142 0.854156
v 2.655582 0.195221 0.854156
v 2.818206 0.252691 0.907014
v 2.823472 0.222879 0.907015
v 2.835910 0.194337 0.000000
v 2.830614 0.224143 0.000000
v 2.835910 0.194337 0.900254
v 2.830614 0.224143 0.900254
v 2.483906 0.140153 0.000000
v 2.479931 0.170163 0.000000
v 2.483125 0.201125 0.907015
v 2.487123 0.171117 0.907015
v 2.483906 0.140153 0.900256
v 2.479931 0.170163 0.900255
v 2.860085 0.260207 0.900255
v 2.878141 0.201962 0.907015
v 2.860085 0.260207 0.000000
v 3.205457 0.332993 0.900254
v 3.205457 0.332993 0.000000
v 2.866492 0.265294 0.900255
v 2.866492 0.265294 0.000000
v 2.878838 0.198176 0.900255
v 2.878838 0.198176 0.000000
v 3.213520 0.268700 0.000000
v 3.046618 0.231174 0.000000
v 3.213520 0.268700 0.900255
v 3.062335 0.206747 0.922914
v 3.197545 0.335048 0.000000
v 3.032553 0.297953 0.000000
v 3.197545 0.335048 0.900254
v 3.048270 0.273525 0.922913
v 3.212619 0.272442 0.907014
v 3.061543 0.210513 0.929674
v 3.049064 0.269759 0.929674
v 3.055303 0.240136 0.929674
v 3.198446 0.331306 0.907014
v 3.205533 0.301874 0.907014
v 3.219706 0.274149 0.000000
v 3.212582 0.303571 0.000000
v 3.219706 0.274148 0.900255
v 3.212582 0.303571 0.900254
v 2.870976 0.200649 0.000000
v 2.865531 0.230428 0.000000
v 2.867189 0.261508 0.907015
v 2.872664 0.231735 0.907015
v 2.870976 0.200649 0.900256
v 2.865531 0.230428 0.900255
v -3.370995 0.305348 0.852466
v -3.002838 0.287852 0.905324
v -3.376279 0.306769 0.847396
v -3.359712 0.368000 0.852466
v -3.353742 0.369384 0.852466
v -3.358958 0.370787 0.847396
v -3.015605 0.225717 0.900255
v -3.015605 0.225717 0.000000
v -3.359205 0.306769 0.000000
v -3.002257 0.290680 0.900254
v -3.002257 0.290680 0.000000
v -3.341884 0.370787 0.000000
v -3.360211 0.310031 0.667340
v -3.013239 0.228179 0.667339
v -3.007362 0.292712 0.667339
v -3.354171 0.304419 0.667340
v -3.020960 0.226818 0.905325
v -3.187982 0.263620 0.905325
v -3.007556 0.291769 0.905324
v -3.172753 0.328167 0.905325
v -3.336417 0.370314 0.667339
v -3.172532 0.342310 0.667339
v -3.021154 0.225876 0.667340
v -3.188203 0.262684 0.667340
v -3.066570 0.235403 0.000000
v -3.309264 0.292580 0.000000
v -3.066570 0.235403 0.900255
v -3.326338 0.292580 0.847396
v -3.052287 0.302135 0.000000
v -3.292096 0.358630 0.000000
v -3.052286 0.302135 0.900254
v -3.309170 0.358630 0.847395
v -3.053092 0.298371 0.907014
v -3.310139 0.354904 0.854156
v -3.015024 0.228545 0.905325
v -3.008931 0.258199 0.905324
v -3.375525 0.309556 0.852466
v -3.367619 0.338778 0.852466
v -3.344377 0.368469 0.667340
v -3.352294 0.339250 0.667340
v -3.001070 0.287490 0.667338
v -3.007155 0.257835 0.667339
v -3.065763 0.239167 0.907015
v -3.059427 0.268769 0.907015
v -3.325369 0.296306 0.854156
v -3.317754 0.325605 0.854156
v -3.175596 0.316119 0.907015
v -3.185140 0.275669 0.907015
v -3.010058 0.279645 0.907015
v -3.018458 0.238943 0.907015
v -3.011332 0.237479 0.000000
v -3.002978 0.278191 0.000000
v -3.011332 0.237479 0.900254
v -3.002978 0.278190 0.900254
v -3.357728 0.319193 0.000000
v -3.346860 0.359307 0.000000
v -3.356962 0.357431 0.854156
v -3.367774 0.317302 0.854156
v -3.374802 0.319193 0.847396
v -3.363934 0.359307 0.847396
v -2.971721 0.216874 0.905325
v -2.620132 0.252456 0.929390
v -2.977082 0.217937 0.900255
v -2.964691 0.280148 0.905325
v -2.958819 0.281926 0.905325
v -2.964127 0.282979 0.900255
v -2.629528 0.189724 0.924321
v -2.629528 0.157735 0.000000
v -2.977082 0.217937 0.000000
v -2.619704 0.255312 0.924320
v -2.619704 0.223323 0.000000
v -2.964127 0.282979 0.000000
v -2.978305 0.221125 0.667340
v -2.627300 0.160321 0.667339
v -2.624919 0.225078 0.667338
v -2.971908 0.215930 0.667340
v -2.634930 0.190534 0.929390
v -2.803634 0.185755 0.905325
v -2.625062 0.256115 0.929390
v -2.792329 0.251104 0.905324
v -2.958632 0.282871 0.667340
v -2.792165 0.252052 0.667339
v -2.635073 0.157594 0.667339
v -2.803798 0.184807 0.667340
v -2.680902 0.164613 0.000000
v -2.926368 0.207076 0.000000
v -2.680902 0.196601 0.924321
v -2.926368 0.207076 0.900255
v -2.670363 0.232038 0.000000
v -2.913554 0.274107 0.000000
v -2.670363 0.264027 0.924320
v -2.913554 0.274107 0.900254
v -2.670957 0.260224 0.931080
v -2.914277 0.270326 0.907014
v -2.629100 0.192579 0.929390
v -2.624616 0.222518 0.929390
v -2.976518 0.220769 0.905325
v -2.970604 0.250458 0.905325
v -2.966461 0.280500 0.667340
v -2.972383 0.250813 0.667340
v -2.618345 0.220201 0.667338
v -2.622823 0.190261 0.667339
v -2.680308 0.200404 0.931080
v -2.675633 0.230314 0.931081
v -2.925645 0.210857 0.907015
v -2.919961 0.240592 0.907014
v -2.794439 0.238905 0.907015
v -2.801524 0.197954 0.907015
v -2.626904 0.243873 0.931080
v -2.633088 0.202776 0.931080
v -2.625896 0.169710 0.000000
v -2.619750 0.210813 0.000000
v -2.625896 0.201698 0.924320
v -2.619750 0.242801 0.924320
v -2.976448 0.230434 0.000000
v -2.968318 0.271191 0.000000
v -2.961227 0.269783 0.907015
v -2.969312 0.229017 0.907015
v -2.976448 0.230434 0.900255
v -2.968318 0.271191 0.900255
v -2.585271 0.115406 0.864539
v -2.234159 0.171373 0.905324
v -2.590677 0.116186 0.859469
v -2.581576 0.178962 0.864538
v -2.575799 0.181045 0.864538
v -2.581162 0.181819 0.859469
v -2.240904 0.108301 0.900255
v -2.240904 0.108301 0.000000
v -2.590677 0.152018 0.000000
v -2.233852 0.174244 0.900254
v -2.233852 0.174244 0.000000
v -2.581162 0.217652 0.000000
v -2.592064 0.155136 0.667340
v -2.238788 0.110978 0.667339
v -2.239144 0.175778 0.667338
v -2.585409 0.150285 0.667340
v -2.246333 0.108881 0.905325
v -2.415970 0.128520 0.905325
v -2.239247 0.174821 0.905324
v -2.407755 0.194328 0.905324
v -2.575661 0.217829 0.667339
v -2.407636 0.195283 0.667339
v -2.246436 0.107924 0.667339
v -2.416090 0.127564 0.667340
v -2.292493 0.112967 0.000000
v -2.539509 0.143797 0.000000
v -2.292493 0.112967 0.900255
v -2.539508 0.107965 0.859469
v -2.284898 0.180787 0.000000
v -2.530126 0.211393 0.000000
v -2.284898 0.180787 0.900254
v -2.530126 0.175561 0.859468
v -2.285326 0.176962 0.907015
v -2.530654 0.171748 0.866228
v -2.240597 0.111171 0.905324
v -2.237378 0.141272 0.905324
v -2.590262 0.119043 0.864539
v -2.585920 0.149002 0.864539
v -2.583365 0.215053 0.667340
v -2.587715 0.185095 0.667340
v -2.232361 0.171181 0.667338
v -2.235574 0.141080 0.667339
v -2.292064 0.116792 0.907015
v -2.288696 0.146877 0.907015
v -2.538980 0.111778 0.866229
v -2.534817 0.141763 0.866228
v -2.409288 0.182044 0.907014
v -2.414436 0.140804 0.907014
v -2.240570 0.162512 0.907014
v -2.245010 0.121190 0.907014
v -2.237780 0.120418 0.000000
v -2.233368 0.161742 0.000000
v -2.237780 0.120417 0.900254
v -2.233368 0.161742 0.900254
v -2.590701 0.164531 0.000000
v -2.584729 0.205659 0.000000
v -2.577567 0.168792 0.866228
v -2.583503 0.127658 0.866229
v -2.590701 0.128699 0.859469
v -2.584729 0.169827 0.859469
v -2.196443 0.103651 0.938370
v -1.846247 0.136703 0.905324
v -2.201873 0.104209 0.933300
v -2.195361 0.167306 0.938369
v -2.189668 0.169624 0.938370
v -2.195065 0.170178 0.933299
v -1.850913 0.073443 0.900255
v -1.850913 0.073443 0.000000
v -2.201873 0.104209 0.000000
v -1.846035 0.139583 0.900254
v -1.846035 0.139583 0.000000
v -2.195065 0.170178 0.000000
v -2.203387 0.107267 0.667340
v -1.848887 0.076189 0.667339
v -1.851379 0.140942 0.667339
v -2.196541 0.102694 0.667340
v -1.856354 0.073844 0.905325
v -2.026486 0.087542 0.938370
v -1.851450 0.139982 0.905324
v -2.020697 0.153608 0.938369
v -2.189569 0.170581 0.667340
v -2.020613 0.164916 0.667339
v -1.856426 0.072885 0.667340
v -2.026571 0.086584 0.667340
v -1.902602 0.076378 0.000000
v -2.150446 0.098069 0.000000
v -1.902602 0.076378 0.900255
v -2.150446 0.098069 0.900255
v -1.897318 0.144417 0.000000
v -2.143760 0.176334 0.000000
v -1.897318 0.144417 0.900254
v -2.143760 0.165985 0.900255
v -1.897616 0.140579 0.907015
v -2.144137 0.162154 0.907015
v -1.850700 0.076323 0.905325
v -1.848474 0.106513 0.905324
v -2.201577 0.107081 0.938370
v -2.198469 0.137194 0.938370
v -2.197161 0.167492 0.667340
v -2.200274 0.137379 0.667340
v -1.844442 0.136572 0.667338
v -1.846664 0.106380 0.667339
v -1.902304 0.080215 0.907015
v -1.899960 0.110397 0.907015
v -2.150069 0.101900 0.907015
v -2.147103 0.132027 0.907015
v -2.021777 0.141276 0.940059
v -2.025405 0.099874 0.940059
v -1.852366 0.127636 0.907015
v -1.855439 0.086190 0.907015
v -1.848190 0.085656 0.000000
v -1.845140 0.127104 0.000000
v -1.848190 0.085656 0.900255
v -1.845140 0.127104 0.900254
v -2.202411 0.116710 0.000000
v -2.198137 0.158049 0.000000
v -2.190932 0.157308 0.940059
v -2.195178 0.115966 0.940060
v -2.202411 0.116710 0.933300
v -2.198137 0.158049 0.933300
v -1.806347 0.070241 0.860007
v -1.457197 0.113314 0.905324
v -1.811790 0.070624 0.854937
v -1.807306 0.133898 0.860007
v -1.801685 0.136397 0.860006
v -1.807102 0.136778 0.854937
v -1.460245 0.049954 0.900255
v -1.460245 0.049955 0.000000
v -1.811790 0.070624 0.000000
v -1.457058 0.116198 0.900254
v -1.457058 0.116198 0.000000
v -1.807102 0.136778 0.000000
v -1.813400 0.073633 0.667340
v -1.458290 0.052751 0.667339
v -1.462438 0.117419 0.667339
v -1.806415 0.069282 0.667340
v -1.465693 0.050216 0.905325
v -1.636059 0.059295 0.860007
v -1.462484 0.116458 0.905324
v -1.632166 0.125500 0.860006
v -1.801617 0.137357 0.667340
v -1.632109 0.108678 0.667339
v -1.465739 0.049255 0.667340
v -1.636116 0.058334 0.667340
v -1.511971 0.051546 0.000000
v -1.760220 0.066114 0.000000
v -1.511971 0.051546 0.900255
v -1.760220 0.066114 0.854937
v -1.508487 0.119700 0.000000
v -1.755646 0.134205 0.000000
v -1.508487 0.119700 0.900254
v -1.755646 0.134205 0.854936
v -1.508683 0.115856 0.907015
v -1.755904 0.130364 0.861696
v -1.460106 0.052838 0.905325
v -1.458652 0.083076 0.905325
v -1.811585 0.073504 0.860007
v -1.809445 0.103701 0.860007
v -1.809112 0.134026 0.667340
v -1.811256 0.103829 0.667340
v -1.455386 0.113227 0.667338
v -1.456838 0.082989 0.667339
v -1.511774 0.055390 0.907015
v -1.510228 0.085623 0.907015
v -1.759963 0.069955 0.861697
v -1.757933 0.100159 0.861697
v -1.632893 0.113141 0.861696
v -1.635333 0.071653 0.861697
v -1.463084 0.104092 0.907014
v -1.465094 0.062582 0.907015
v -1.457834 0.062233 0.000000
v -1.455842 0.103745 0.000000
v -1.457834 0.062233 0.900255
v -1.455842 0.103745 0.900254
v -1.812727 0.083102 0.000000
v -1.809784 0.124557 0.000000
v -1.802555 0.124048 0.861697
v -1.805477 0.082591 0.861697
v -1.812727 0.083102 0.854937
v -1.809784 0.124557 0.854937
v -1.415631 0.047874 0.905325
v -1.067478 0.098616 0.923355
v -1.421078 0.048122 0.900256
v -1.418170 0.111488 0.905325
v -1.412611 0.114125 0.905325
v -1.418038 0.114372 0.900255
v -1.069292 0.035210 0.918285
v -1.069292 0.035210 0.000000
v -1.421078 0.048122 0.000000
v -1.067395 0.101502 0.918284
v -1.067395 0.101502 0.000000
v -1.418038 0.114372 0.000000
v -1.422761 0.051089 0.667340
v -1.067393 0.038044 0.667339
v -1.072802 0.102619 0.667339
v -1.415674 0.046913 0.667340
v -1.074742 0.035366 0.923355
v -1.245199 0.040910 0.933190
v -1.072830 0.101657 0.923355
v -1.242768 0.107185 0.933189
v -1.412566 0.115086 0.667339
v -1.242733 0.108147 0.667339
v -1.074770 0.034403 0.667340
v -1.245235 0.039949 0.667340
v -1.121021 0.035778 0.000000
v -1.369435 0.044873 0.000000
v -1.121021 0.035778 0.900255
v -1.369435 0.044872 0.900255
v -1.118915 0.103990 0.000000
v -1.366498 0.113054 0.000000
v -1.118915 0.103989 0.900254
v -1.366498 0.113053 0.900254
v -1.119034 0.100142 0.907015
v -1.366664 0.109208 0.906456
v -1.069209 0.038096 0.923355
v -1.068344 0.068356 0.923355
v -1.420946 0.051006 0.905325
v -1.419558 0.081247 0.905325
v -1.419980 0.111571 0.667340
v -1.421371 0.081330 0.667340
v -1.065666 0.098565 0.667338
v -1.066530 0.068305 0.667339
v -1.120903 0.039625 0.907015
v -1.119968 0.069883 0.907015
v -1.369269 0.048718 0.907015
v -1.367967 0.078963 0.907015
v -1.243221 0.094813 0.934879
v -1.244745 0.053281 0.934880
v -1.073187 0.089283 0.925045
v -1.074385 0.047740 0.925045
v -1.067123 0.047533 0.000000
v -1.065938 0.089076 0.000000
v -1.067123 0.047533 0.918285
v -1.065938 0.089076 0.918284
v -1.422326 0.060572 0.000000
v -1.420416 0.102088 0.000000
v -1.413174 0.101758 0.907015
v -1.415067 0.060241 0.907015
v -1.422326 0.060572 0.900255
v -1.420416 0.102088 0.900255
v -1.024662 0.033981 0.905325
v -0.677363 0.090439 0.932516
v -1.030112 0.034127 0.900255
v -1.028403 0.097536 0.905325
v -1.022890 0.100277 0.905325
v -1.028325 0.100422 0.900255
v -0.678272 0.027014 0.927446
v -0.678272 0.027014 0.000000
v -1.030112 0.034127 0.000000
v -0.677322 0.093326 0.927445
v -0.677322 0.093327 0.000000
v -1.028325 0.100422 0.000000
v -1.031851 0.037061 0.667340
v -0.676414 0.029875 0.667339
v -0.682748 0.094367 0.667338
v -1.024688 0.033019 0.667340
v -0.683723 0.027092 0.932516
v -0.854191 0.030017 0.932516
v -0.682762 0.093404 0.932516
v -0.852855 0.096324 0.932516
v -1.022864 0.101239 0.667339
v -0.852836 0.097286 0.667339
v -0.683737 0.026130 0.667340
v -0.854210 0.029056 0.667340
v -0.729987 0.026830 0.000000
v -0.978436 0.031832 0.000000
v -0.729987 0.026830 0.927446
v -0.978436 0.031832 0.900255
v -0.728900 0.095065 0.000000
v -0.976740 0.100055 0.000000
v -0.728900 0.095065 0.927446
v -0.976740 0.100055 0.900255
v -0.728961 0.091216 0.934206
v -0.976835 0.096207 0.907015
v -0.678230 0.029901 0.932516
v -0.677797 0.060170 0.932516
v -1.030035 0.037013 0.905325
v -1.029219 0.067274 0.905325
v -1.030215 0.097585 0.667340
v -1.031033 0.067323 0.667340
v -0.675550 0.090414 0.667338
v -0.675982 0.060144 0.667339
v -0.729926 0.030678 0.934206
v -0.729444 0.060947 0.934206
v -0.978340 0.035680 0.907015
v -0.977588 0.065944 0.907015
v -0.853104 0.083946 0.934206
v -0.853942 0.042395 0.934206
v -0.682941 0.081026 0.934206
v -0.683544 0.039470 0.934206
v -0.676279 0.039366 0.000000
v -0.675686 0.080922 0.000000
v -0.676279 0.039366 0.927446
v -0.675685 0.080922 0.927445
v -1.031595 0.046551 0.000000
v -1.030471 0.088095 0.000000
v -1.023220 0.087902 0.907015
v -1.024331 0.046357 0.907015
v -1.031595 0.046551 0.900255
v -1.030471 0.088095 0.900255
v -0.633642 0.026407 0.861140
v -0.286999 0.086902 0.905324
v -0.639093 0.026478 0.856070
v -0.638258 0.089905 0.861140
v -0.632781 0.092721 0.861139
v -0.638220 0.092792 0.856070
v -0.287293 0.023470 0.900255
v -0.287293 0.023470 0.000000
v -0.639093 0.026478 0.000000
v -0.286986 0.089788 0.900254
v -0.286986 0.089788 0.000000
v -0.638220 0.092792 0.000000
v -0.640872 0.029388 0.667340
v -0.285464 0.026349 0.667339
v -0.292423 0.090776 0.667338
v -0.633655 0.025445 0.667340
v -0.292742 0.023495 0.905325
v -0.463185 0.024601 0.861140
v -0.292428 0.089814 0.905324
v -0.462625 0.090918 0.861139
v -0.632768 0.093683 0.667339
v -0.462617 0.091880 0.667339
v -0.292747 0.022533 0.667340
v -0.463193 0.023639 0.667340
v -0.338990 0.022772 0.000000
v -0.587405 0.024878 0.000000
v -0.338990 0.022772 0.900255
v -0.587405 0.024878 0.856070
v -0.338603 0.091015 0.000000
v -0.586608 0.093117 0.000000
v -0.338603 0.091015 0.900254
v -0.586608 0.093117 0.856069
v -0.338625 0.087165 0.907014
v -0.586653 0.089268 0.862829
v -0.287280 0.026357 0.905324
v -0.287139 0.056629 0.905324
v -0.639054 0.029365 0.861140
v -0.638656 0.059635 0.861140
v -0.640072 0.089929 0.667340
v -0.640472 0.059659 0.667340
v -0.285185 0.086894 0.667338
v -0.285325 0.056622 0.667339
v -0.338968 0.026621 0.907015
v -0.338797 0.056893 0.907015
v -0.587359 0.028727 0.862830
v -0.587007 0.058998 0.862829
v -0.462729 0.078539 0.862829
v -0.463080 0.036980 0.862829
v -0.292487 0.077435 0.907014
v -0.292683 0.035875 0.907015
v -0.285420 0.035842 0.000000
v -0.285229 0.077401 0.000000
v -0.285420 0.035842 0.900254
v -0.285229 0.077401 0.900254
v -0.640746 0.038881 0.000000
v -0.640197 0.080437 0.000000
v -0.632942 0.080342 0.862829
v -0.633482 0.038785 0.862830
v -0.640746 0.038881 0.856070
v -0.640197 0.080437 0.856070
v -0.242672 0.023283 0.905325
v 0.103519 0.086358 0.905324
v -0.248121 0.023304 0.900255
v -0.247874 0.086737 0.905325
v -0.242420 0.089602 0.905324
v -0.247862 0.089623 0.900255
v 0.103615 0.022925 0.900255
v 0.103615 0.022925 0.000000
v -0.248121 0.023304 0.000000
v 0.103515 0.089244 0.900254
v 0.103515 0.089244 0.000000
v -0.247862 0.089624 0.000000
v -0.249926 0.026199 0.667340
v 0.105426 0.025815 0.667339
v 0.098070 0.090199 0.667338
v -0.242676 0.022321 0.667340
v 0.098166 0.022917 0.905325
v -0.072250 0.022886 0.864538
v 0.098072 0.089236 0.905324
v -0.072181 0.089205 0.864538
v -0.242416 0.090565 0.667339
v -0.072179 0.090168 0.667339
v 0.098167 0.021955 0.667340
v -0.072251 0.021924 0.667340
v 0.051930 0.021905 0.000000
v -0.196435 0.022167 0.000000
v 0.051930 0.021905 0.859469
v -0.196435 0.022167 0.900255
v 0.051879 0.090149 0.000000
v -0.196231 0.090411 0.000000
v 0.051879 0.090149 0.859468
v -0.196231 0.090411 0.900254
v 0.051882 0.086300 0.866228
v -0.196242 0.086562 0.907014
v 0.103611 0.025812 0.905325
v 0.103565 0.056085 0.905325
v -0.248110 0.026192 0.905325
v -0.247992 0.056464 0.905325
v -0.249688 0.086743 0.667340
v -0.249806 0.056471 0.667340
v 0.105333 0.086360 0.667338
v 0.105380 0.056087 0.667339
v 0.051928 0.025754 0.866228
v 0.051905 0.056027 0.866228
v -0.196424 0.026016 0.907015
v -0.196333 0.056289 0.907014
v -0.072194 0.076826 0.866228
v -0.072237 0.035265 0.866228
v 0.098090 0.076856 0.907014
v 0.098148 0.035297 0.907015
v 0.105412 0.035307 0.000000
v 0.105348 0.076867 0.000000
v 0.105412 0.035307 0.900254
v 0.105348 0.076867 0.900254
v -0.249889 0.035692 0.000000
v -0.249725 0.077251 0.000000
v -0.242467 0.077223 0.907015
v -0.242625 0.035663 0.907015
v -0.249889 0.035692 0.900256
v -0.249725 0.077251 0.900255
v 0.148233 0.023006 0.925718
v 0.493971 0.088305 0.905324
v 0.142784 0.022995 0.920649
v 0.142650 0.086427 0.925718
v 0.148087 0.089325 0.925718
v 0.142644 0.089314 0.920648
v 0.494556 0.024876 0.900255
v 0.494556 0.024876 0.000000
v 0.142784 0.022995 0.000000
v 0.493944 0.091193 0.900254
v 0.493944 0.091193 0.000000
v 0.142644 0.089314 0.000000
v 0.140962 0.025878 0.667340
v 0.496346 0.027780 0.667339
v 0.488495 0.092105 0.667338
v 0.148235 0.022044 0.667340
v 0.489107 0.024827 0.905325
v 0.318662 0.076502 0.905325
v 0.488504 0.091144 0.905324
v 0.318314 0.142821 0.905324
v 0.148085 0.090288 0.667339
v 0.318308 0.090906 0.667339
v 0.489116 0.023865 0.667340
v 0.318667 0.022662 0.667340
v 0.442869 0.023472 0.000000
v 0.194474 0.022161 0.000000
v 0.442869 0.023472 0.900255
v 0.194474 0.075039 0.920649
v 0.442325 0.091714 0.000000
v 0.194272 0.090405 0.000000
v 0.442325 0.091714 0.900254
v 0.194272 0.143283 0.920648
v 0.442356 0.087865 0.907014
v 0.194283 0.139434 0.927408
v 0.494530 0.027763 0.905325
v 0.494250 0.058034 0.905325
v 0.142778 0.025882 0.925718
v 0.142714 0.056155 0.925718
v 0.140835 0.086423 0.667340
v 0.140898 0.056151 0.667340
v 0.495785 0.088323 0.667338
v 0.496066 0.058051 0.667339
v 0.442838 0.027321 0.907015
v 0.442597 0.057593 0.907015
v 0.194462 0.078888 0.927408
v 0.194373 0.109161 0.927408
v 0.318378 0.130441 0.907014
v 0.318597 0.088881 0.907014
v 0.488616 0.078764 0.907014
v 0.488994 0.037206 0.907014
v 0.496258 0.037272 0.000000
v 0.495873 0.078830 0.000000
v 0.496258 0.037272 0.900254
v 0.495873 0.078830 0.900254
v 0.140942 0.035371 0.000000
v 0.140855 0.076931 0.000000
v 0.148114 0.076945 0.927408
v 0.148205 0.035386 0.927408
v 0.140942 0.035371 0.920648
v 0.140855 0.076931 0.920648
v 0.539184 0.025311 0.905325
v 0.884216 0.121294 0.871134
v 0.533734 0.025255 0.900256
v 0.533085 0.088685 0.905325
v 0.538496 0.091627 0.905325
v 0.533056 0.091571 0.900255
v 0.885566 0.057876 0.866064
v 0.885566 0.030664 0.000000
v 0.533734 0.025255 0.000000
v 0.884155 0.124181 0.866063
v 0.884155 0.096969 0.000000
v 0.533056 0.091571 0.000000
v 0.531888 0.028123 0.667340
v 0.887321 0.033589 0.667339
v 0.878697 0.097816 0.667338
v 0.539194 0.024349 0.667340
v 0.880116 0.057762 0.871134
v 0.709646 0.027476 0.905325
v 0.878718 0.124066 0.871134
v 0.708632 0.093788 0.905324
v 0.538486 0.092589 0.667340
v 0.708617 0.112145 0.667339
v 0.880136 0.029587 0.667340
v 0.709661 0.026514 0.667340
v 0.833884 0.028655 0.000000
v 0.585443 0.024854 0.000000
v 0.833884 0.055867 0.866064
v 0.585443 0.024854 0.900255
v 0.832558 0.114281 0.000000
v 0.584649 0.093094 0.000000
v 0.832558 0.124098 0.866064
v 0.584649 0.093094 0.900255
v 0.832633 0.120250 0.872824
v 0.584694 0.089244 0.907015
v 0.885505 0.060762 0.871134
v 0.884861 0.091029 0.871134
v 0.533704 0.028142 0.905325
v 0.533395 0.058413 0.905325
v 0.531271 0.088666 0.667340
v 0.531579 0.058394 0.667340
v 0.886029 0.094121 0.667338
v 0.886675 0.063856 0.667339
v 0.833809 0.059715 0.872824
v 0.833220 0.089983 0.872824
v 0.585398 0.028704 0.907015
v 0.585046 0.058974 0.907015
v 0.708821 0.081409 0.907015
v 0.709456 0.039854 0.907015
v 0.878979 0.111689 0.872824
v 0.879855 0.070138 0.872824
v 0.887119 0.043080 0.000000
v 0.886231 0.084630 0.000000
v 0.887119 0.070292 0.866064
v 0.886231 0.111843 0.866064
v 0.531791 0.037616 0.000000
v 0.531368 0.079174 0.000000
v 0.538624 0.079247 0.907015
v 0.539055 0.037690 0.907015
v 0.531791 0.037616 0.900256
v 0.531368 0.079174 0.900255
v 0.930198 0.031647 0.905325
v 1.274145 0.105466 0.905324
v 0.924748 0.031523 0.900256
v 0.923304 0.094940 0.905325
v 0.928675 0.097949 0.905325
v 0.923239 0.097826 0.900255
v 1.276569 0.042080 0.900255
v 1.276569 0.042080 0.000000
v 0.924748 0.031523 0.000000
v 1.274035 0.108351 0.900254
v 1.274035 0.108351 0.000000
v 0.923239 0.097826 0.000000
v 0.922865 0.034369 0.667340
v 1.278275 0.045034 0.667339
v 1.268567 0.109107 0.667339
v 0.930220 0.030685 0.667340
v 1.271120 0.041873 0.905325
v 1.100666 0.036124 0.938668
v 1.268603 0.108145 0.905324
v 1.098680 0.102414 0.938668
v 0.928653 0.098912 0.667340
v 1.098651 0.103376 0.667339
v 1.271156 0.040912 0.667340
v 1.100696 0.035162 0.667340
v 1.224911 0.039216 0.000000
v 0.976473 0.031784 0.000000
v 1.224911 0.039216 0.900255
v 0.976473 0.031784 0.900255
v 1.222476 0.107417 0.000000
v 0.974782 0.100007 0.000000
v 1.222476 0.107417 0.900254
v 0.974782 0.100007 0.900254
v 1.222612 0.103570 0.907014
v 0.974878 0.096159 0.907014
v 1.276460 0.044965 0.905325
v 1.275302 0.075215 0.905324
v 0.924682 0.034410 0.905325
v 0.923993 0.064674 0.905325
v 0.921492 0.094899 0.667340
v 0.922179 0.064633 0.667340
v 1.275956 0.105535 0.667339
v 1.277117 0.075284 0.667339
v 1.224773 0.043063 0.907015
v 1.223693 0.073317 0.907014
v 0.976377 0.035632 0.907015
v 0.975627 0.065896 0.907015
v 1.099051 0.090040 0.940358
v 1.100295 0.048499 0.940358
v 1.269073 0.095774 0.907015
v 1.270651 0.054245 0.907015
v 1.277912 0.054520 0.000000
v 1.276320 0.096049 0.000000
v 1.277912 0.054520 0.900255
v 1.276320 0.096049 0.900254
v 0.922650 0.043859 0.000000
v 0.921707 0.085408 0.000000
v 0.928959 0.085573 0.907015
v 0.929914 0.044024 0.907015
v 0.922650 0.043859 0.900255
v 0.921707 0.085408 0.900255
v 1.321193 0.043829 0.869618
v 1.663554 0.124478 0.905324
v 1.315743 0.043611 0.864548
v 1.313192 0.106992 0.869618
v 1.318507 0.110095 0.869618
v 1.313077 0.109876 0.864548
v 1.667408 0.061162 0.900255
v 1.667408 0.061162 0.000000
v 1.315743 0.043611 0.000000
v 1.663380 0.127359 0.900254
v 1.663380 0.127360 0.000000
v 1.313077 0.109876 0.000000
v 1.313811 0.046422 0.667340
v 1.669047 0.064155 0.667339
v 1.657900 0.127993 0.667338
v 1.321232 0.042868 0.667340
v 1.661963 0.060834 0.905325
v 1.491606 0.051485 0.905325
v 1.657958 0.127032 0.905324
v 1.488298 0.117722 0.905324
v 1.318468 0.111056 0.667339
v 1.488251 0.122102 0.667339
v 1.662021 0.059873 0.667339
v 1.491654 0.050524 0.667340
v 1.615805 0.057158 0.000000
v 1.367474 0.044789 0.000000
v 1.615805 0.057158 0.900255
v 1.367474 0.044789 0.864548
v 1.611886 0.125289 0.000000
v 1.364544 0.116389 0.000000
v 1.611886 0.125289 0.900254
v 1.364544 0.112970 0.864547
v 1.612107 0.121447 0.907014
v 1.364710 0.109125 0.871307
v 1.667233 0.064044 0.905325
v 1.665393 0.094261 0.905325
v 1.315627 0.046495 0.869618
v 1.314410 0.076743 0.869618
v 1.311382 0.106919 0.667340
v 1.312596 0.076671 0.667340
v 1.665362 0.124588 0.667338
v 1.667205 0.094371 0.667339
v 1.615583 0.061001 0.907015
v 1.613846 0.091224 0.907015
v 1.367309 0.048635 0.871308
v 1.366009 0.078880 0.871307
v 1.488916 0.105358 0.907014
v 1.490989 0.063849 0.907014
v 1.658706 0.114675 0.907014
v 1.661216 0.073191 0.907015
v 1.668469 0.073630 0.000000
v 1.665940 0.115113 0.000000
v 1.668469 0.073630 0.900254
v 1.665940 0.115112 0.900254
v 1.313431 0.055908 0.000000
v 1.311763 0.097434 0.000000
v 1.319009 0.097725 0.871308
v 1.320691 0.056200 0.871308
v 1.313431 0.055908 0.864548
v 1.311763 0.097434 0.864548
v 1.711996 0.063932 0.905325
v 2.052078 0.153494 0.905324
v 1.706552 0.063587 0.900256
v 1.702533 0.126892 0.905325
v 1.707770 0.130116 0.905325
v 1.702350 0.129773 0.900255
v 2.057782 0.090318 0.900255
v 2.057781 0.090318 0.000000
v 1.706551 0.063587 0.000000
v 2.051818 0.156369 0.900254
v 2.051818 0.156369 0.000000
v 1.702350 0.129773 0.000000
v 1.704554 0.066353 0.667340
v 2.059334 0.093357 0.667339
v 2.046327 0.156842 0.667338
v 1.712057 0.062972 0.667340
v 2.052346 0.089830 0.905325
v 1.882237 0.075782 0.905325
v 2.046413 0.155883 0.905324
v 1.877205 0.141910 0.905324
v 1.707709 0.131077 0.667339
v 1.877131 0.142870 0.667339
v 2.052432 0.088871 0.667339
v 1.882311 0.074822 0.667340
v 2.006290 0.084829 0.000000
v 1.758260 0.065983 0.000000
v 2.006290 0.084829 0.900255
v 1.758260 0.065983 0.900255
v 2.000447 0.152822 0.000000
v 1.753695 0.134074 0.000000
v 2.000447 0.152822 0.932228
v 1.753695 0.134074 0.900255
v 2.000777 0.148987 0.938989
v 1.753953 0.130233 0.907015
v 2.057522 0.093194 0.905325
v 2.054800 0.123343 0.905324
v 1.706368 0.066467 0.905325
v 1.704451 0.096680 0.905325
v 1.700727 0.126777 0.667340
v 1.702640 0.096565 0.667340
v 2.053880 0.153656 0.667338
v 2.056606 0.123507 0.667339
v 2.005961 0.088664 0.938989
v 2.003369 0.118825 0.938989
v 1.758002 0.069823 0.907015
v 1.755978 0.100029 0.907015
v 1.878144 0.129566 0.907015
v 1.881297 0.088126 0.907015
v 2.047521 0.143553 0.907014
v 2.051238 0.102160 0.907014
v 2.058478 0.102811 0.000000
v 2.054735 0.144202 0.000000
v 2.058478 0.102811 0.900254
v 2.054735 0.144202 0.900254
v 1.703954 0.075827 0.000000
v 1.701326 0.117304 0.000000
v 1.708559 0.117762 0.907015
v 1.711207 0.076287 0.907015
v 1.703954 0.075827 0.900255
v 1.701326 0.117303 0.900255
v 2.102288 0.094411 0.905325
v 2.439089 0.195377 0.905324
v 2.096854 0.093902 0.900256
v 2.090938 0.157058 0.905325
v 2.096072 0.160439 0.905325
v 2.090669 0.159933 0.900255
v 2.447160 0.132460 0.900255
v 2.447160 0.132460 0.000000
v 2.096854 0.093902 0.000000
v 2.438722 0.198240 0.900254
v 2.438722 0.198240 0.000000
v 2.090669 0.159933 0.000000
v 2.094774 0.096607 0.667340
v 2.448597 0.135555 0.667339
v 2.433222 0.198507 0.667339
v 2.102379 0.093453 0.667340
v 2.441743 0.131767 0.905325
v 2.272149 0.111681 0.857232
v 2.433343 0.197553 0.905324
v 2.264899 0.177603 0.857231
v 2.095982 0.161396 0.667339
v 2.264794 0.157590 0.667339
v 2.441864 0.130813 0.667340
v 2.272255 0.110725 0.667340
v 2.395878 0.125067 0.000000
v 2.148491 0.097878 0.000000
v 2.395878 0.125067 0.900255
v 2.148491 0.097878 0.900255
v 2.387568 0.192803 0.000000
v 2.141817 0.144825 0.000000
v 2.387568 0.192803 0.900254
v 2.141817 0.165794 0.900255
v 2.388037 0.188982 0.907014
v 2.142192 0.161963 0.907014
v 2.446793 0.135323 0.905325
v 2.442941 0.165350 0.905324
v 2.096584 0.096776 0.905325
v 2.093761 0.126917 0.905325
v 2.089137 0.156890 0.667340
v 2.091955 0.126749 0.667340
v 2.440882 0.195606 0.667338
v 2.444739 0.165581 0.667339
v 2.395409 0.128887 0.907015
v 2.391723 0.158935 0.907015
v 2.148113 0.101708 0.907015
v 2.145154 0.131836 0.907015
v 2.266253 0.165298 0.858921
v 2.270796 0.123987 0.858922
v 2.434912 0.185272 0.907015
v 2.440175 0.144047 0.907015
v 2.447387 0.144970 0.000000
v 2.442091 0.186191 0.000000
v 2.447387 0.144970 0.900254
v 2.442091 0.186191 0.900254
v 2.093890 0.106059 0.000000
v 2.090021 0.147438 0.000000
v 2.097233 0.148113 0.907015
v 2.101128 0.106736 0.907015
v 2.093890 0.106059 0.900255
v 2.090021 0.147438 0.900255
v 2.491503 0.138248 0.905325
v 2.823540 0.253633 0.905324
v 2.486090 0.137530 0.900255
v 2.477749 0.200412 0.905325
v 2.482743 0.203986 0.905325
v 2.477368 0.203273 0.900255
v 2.834621 0.191177 0.900255
v 2.834621 0.191177 0.000000
v 2.486089 0.137530 0.000000
v 2.823034 0.256476 0.900254
v 2.823034 0.256476 0.000000
v 2.477368 0.203274 0.000000
v 2.483906 0.140153 0.667340
v 2.835910 0.194337 0.667339
v 2.817535 0.256481 0.667338
v 2.491631 0.137294 0.667340
v 2.829241 0.190225 0.905325
v 2.660620 0.162446 0.852466
v 2.817703 0.255534 0.905324
v 2.650544 0.227996 0.852465
v 2.482615 0.204941 0.667339
v 2.650398 0.228947 0.667339
v 2.829408 0.189278 0.667340
v 2.660767 0.161495 0.667340
v 2.783710 0.181365 0.000000
v 2.537561 0.143527 0.000000
v 2.783710 0.181365 0.847396
v 2.537561 0.143527 0.900255
v 2.772261 0.248641 0.000000
v 2.528193 0.211125 0.000000
v 2.772261 0.248641 0.847395
v 2.528193 0.211125 0.900255
v 2.772907 0.244846 0.854155
v 2.528722 0.207312 0.907015
v 2.834117 0.194019 0.905324
v 2.828828 0.223826 0.905324
v 2.485709 0.140392 0.905325
v 2.481729 0.170402 0.905325
v 2.475957 0.200174 0.667340
v 2.479931 0.170163 0.667340
v 2.825317 0.253948 0.667338
v 2.830614 0.224143 0.667339
v 2.783064 0.185159 0.854156
v 2.777985 0.215003 0.854156
v 2.537033 0.147340 0.907015
v 2.532878 0.177326 0.907015
v 2.652425 0.215760 0.854156
v 2.658740 0.174682 0.854156
v 2.819857 0.243342 0.907014
v 2.827086 0.202417 0.907015
v 2.834249 0.203683 0.000000
v 2.826978 0.244602 0.000000
v 2.834249 0.203683 0.900254
v 2.826978 0.244602 0.900254
v 2.482659 0.149564 0.000000
v 2.477203 0.190764 0.000000
v 2.484378 0.191715 0.907015
v 2.489868 0.150519 0.907015
v 2.482659 0.149564 0.900255
v 2.477203 0.190763 0.900255
v 2.878663 0.199122 0.905325
v 3.203704 0.332571 0.905324
v 2.873288 0.198137 0.900255
v 2.861861 0.260532 0.905325
v 2.866667 0.264348 0.905325
v 2.861341 0.263372 0.900255
v 3.218612 0.270915 0.900255
v 3.218612 0.270915 0.000000
v 2.873288 0.198137 0.000000
v 3.203026 0.335377 0.900254
v 3.203026 0.335377 0.000000
v 2.861341 0.263372 0.000000
v 2.870976 0.200649 0.667340
v 3.219706 0.274148 0.667339
v 3.197545 0.335048 0.667338
v 2.878838 0.198176 0.667340
v 3.213294 0.269635 0.905325
v 3.062137 0.207688 0.927984
v 3.197771 0.334113 0.905324
v 3.048469 0.272584 0.927984
v 2.866492 0.265294 0.667339
v 3.032553 0.297953 0.667339
v 3.213520 0.268700 0.667339
v 3.046618 0.231174 0.667340
v 3.168337 0.258044 0.000000
v 2.924435 0.206707 0.000000
v 3.184053 0.233617 0.922914
v 2.924435 0.206707 0.900255
v 3.152900 0.324520 0.000000
v 2.911640 0.273741 0.000000
v 3.168617 0.300092 0.922913
v 2.911640 0.273741 0.900254
v 3.169489 0.296343 0.929674
v 2.912362 0.269960 0.907014
v 3.217934 0.273721 0.905325
v 3.210818 0.303146 0.905324
v 2.872767 0.200977 0.905325
v 2.867314 0.230754 0.905325
v 2.860085 0.260207 0.667340
v 2.865531 0.230428 0.667340
v 3.205457 0.332993 0.667338
v 3.212582 0.303571 0.667339
v 3.183184 0.237366 0.929674
v 3.176334 0.266854 0.929674
v 2.923713 0.210488 0.907015
v 2.918037 0.240224 0.907014
v 3.051020 0.260470 0.929674
v 3.059586 0.219802 0.929674
v 3.200668 0.322077 0.907014
v 3.210396 0.281671 0.907014
v 3.217472 0.283375 0.000000
v 3.207692 0.323767 0.000000
v 3.217472 0.283375 0.900254
v 3.207692 0.323767 0.900254
v 2.869269 0.209987 0.000000
v 2.861794 0.250869 0.000000
v 2.868906 0.252172 0.907015
v 2.876424 0.211298 0.907015
v 2.869269 0.209987 0.900256
v 2.861794 0.250869 0.900255
v -3.016843 0.226736 0.904010
v -3.374714 0.307123 0.851152
v -3.003782 0.290228 0.904010
v -3.357802 0.369700 0.851151
v -3.015605 0.225717 0.667339
v -3.359205 0.306769 0.667340
v -3.002257 0.290680 0.667338
v -3.341884 0.370787 0.667340
v -3.066368 0.236344 0.905325
v -3.326095 0.293512 0.852466
v -3.052488 0.301194 0.905324
v -3.309412 0.357698 0.852466
v -3.292096 0.358630 0.667339
v -3.052286 0.302135 0.667339
v -3.066570 0.235403 0.667340
v -3.309264 0.292580 0.667340
v -3.013113 0.237844 0.905324
v -3.004748 0.278553 0.905324
v -3.373046 0.318719 0.852466
v -3.362191 0.358837 0.852466
v -3.346860 0.359307 0.667340
v -3.357728 0.319193 0.667340
v -3.002978 0.278190 0.667338
v -3.011332 0.237479 0.667339
v -3.063777 0.248449 0.907015
v -3.055079 0.289089 0.907014
v -3.322982 0.305493 0.854156
v -3.312527 0.345716 0.854156
v -2.630817 0.190673 0.928076
v -2.975546 0.218395 0.904011
v -2.621204 0.254779 0.928075
v -2.962897 0.281972 0.904011
v -2.629528 0.157735 0.667339
v -2.977082 0.217937 0.667340
v -2.619704 0.223323 0.667338
v -2.964127 0.282979 0.667340
v -2.680754 0.197552 0.929391
v -2.926187 0.208022 0.905325
v -2.670511 0.263076 0.929390
v -2.913735 0.273161 0.905324
v -2.913554 0.274107 0.667339
v -2.670363 0.232038 0.667339
v -2.680902 0.164613 0.667340
v -2.926368 0.207076 0.667340
v -2.627694 0.201967 0.929390
v -2.621538 0.243068 0.929390
v -2.974664 0.230079 0.905325
v -2.966545 0.270838 0.905325
v -2.968318 0.271191 0.667340
v -2.976448 0.230434 0.667340
v -2.619750 0.210813 0.667339
v -2.625896 0.169710 0.667339
v -2.678842 0.209783 0.931080
v -2.672423 0.250844 0.931080
v -2.923862 0.220181 0.907015
v -2.916059 0.261002 0.907014
v -2.242232 0.109195 0.904010
v -2.589168 0.116724 0.863224
v -2.235331 0.173649 0.904010
v -2.579879 0.180877 0.863224
v -2.240904 0.108301 0.667339
v -2.590677 0.152018 0.667340
v -2.233852 0.174244 0.667338
v -2.581162 0.217651 0.667340
v -2.292386 0.113923 0.905325
v -2.539377 0.108918 0.864539
v -2.285005 0.179831 0.905324
v -2.530258 0.174608 0.864538
v -2.530126 0.211393 0.667339
v -2.284898 0.180787 0.667339
v -2.292493 0.112967 0.667340
v -2.539509 0.143797 0.667340
v -2.239587 0.120610 0.905324
v -2.235168 0.161934 0.905324
v -2.588901 0.128438 0.864539
v -2.582938 0.169567 0.864538
v -2.584729 0.205659 0.667340
v -2.590701 0.164531 0.667340
v -2.233368 0.161742 0.667339
v -2.237780 0.120417 0.667339
v -2.291008 0.126226 0.907015
v -2.286383 0.167528 0.907015
v -2.537674 0.121181 0.866229
v -2.531960 0.162346 0.866228
v -1.852269 0.074294 0.904011
v -2.200389 0.104808 0.937056
v -1.847495 0.138940 0.904010
v -2.193742 0.169289 0.937055
v -1.850913 0.073443 0.667339
v -2.201873 0.104209 0.667340
v -1.846035 0.139583 0.667338
v -2.195065 0.170178 0.667340
v -1.902528 0.077337 0.905325
v -2.150352 0.099027 0.905325
v -1.897392 0.143458 0.905324
v -2.143854 0.165027 0.905325
v -2.143760 0.176334 0.667339
v -1.897318 0.144417 0.667339
v -1.902602 0.076378 0.667340
v -2.150446 0.098069 0.667340
v -1.850002 0.085789 0.905324
v -1.846945 0.127237 0.905324
v -2.200603 0.116524 0.938370
v -2.196336 0.157864 0.938370
v -2.198137 0.158049 0.667340
v -2.202411 0.116710 0.667340
v -1.845140 0.127104 0.667339
v -1.848190 0.085656 0.667339
v -1.901569 0.089680 0.907015
v -1.898351 0.131115 0.907015
v -2.149139 0.111347 0.907015
v -2.145067 0.152707 0.907015
v -1.461621 0.050769 0.904010
v -1.810325 0.071271 0.858693
v -1.458501 0.115517 0.904010
v -1.805750 0.135932 0.858692
v -1.460245 0.049955 0.667339
v -1.811790 0.070624 0.667340
v -1.457058 0.116198 0.667338
v -1.807102 0.136778 0.667340
v -1.511921 0.052506 0.905325
v -1.760156 0.067074 0.860007
v -1.508535 0.118740 0.905324
v -1.755711 0.133245 0.860006
v -1.755646 0.134205 0.667339
v -1.508487 0.119700 0.667339
v -1.511971 0.051546 0.667340
v -1.760220 0.066114 0.667340
v -1.459650 0.062320 0.905325
v -1.457653 0.103832 0.905324
v -1.810915 0.082973 0.860007
v -1.807977 0.124429 0.860007
v -1.809784 0.124557 0.667340
v -1.812727 0.083102 0.667340
v -1.455842 0.103745 0.667339
v -1.457834 0.062233 0.667339
v -1.511290 0.064870 0.907015
v -1.509168 0.106376 0.907015
v -1.759326 0.079426 0.861697
v -1.756541 0.120893 0.861696
v -1.070683 0.035998 0.922041
v -1.419632 0.048806 0.904011
v -1.068825 0.100794 0.922040
v -1.416665 0.113560 0.904011
v -1.069292 0.035210 0.667339
v -1.421078 0.048122 0.667340
v -1.067395 0.101502 0.667338
v -1.418038 0.114372 0.667340
v -1.120992 0.036740 0.905325
v -1.369393 0.045834 0.905325
v -1.118945 0.103027 0.905324
v -1.366540 0.112092 0.905324
v -1.366498 0.113053 0.667339
v -1.118915 0.103989 0.667339
v -1.121021 0.035778 0.667340
v -1.369435 0.044872 0.667340
v -1.068938 0.047585 0.923355
v -1.067750 0.089128 0.923355
v -1.420511 0.060489 0.905325
v -1.418605 0.102005 0.905325
v -1.420416 0.102088 0.667340
v -1.422326 0.060572 0.667340
v -1.065938 0.089076 0.667339
v -1.067123 0.047533 0.667339
v -1.120609 0.049114 0.907015
v -1.119327 0.090653 0.907015
v -1.368861 0.058202 0.907015
v -1.367073 0.099724 0.907014
v -0.679675 0.027782 0.931201
v -1.028678 0.034838 0.904011
v -0.678744 0.092598 0.931201
v -1.026936 0.099637 0.904010
v -0.678272 0.027014 0.667339
v -1.030112 0.034127 0.667340
v -0.677322 0.093326 0.667338
v -1.028325 0.100422 0.667340
v -0.729972 0.027792 0.932516
v -0.978412 0.032794 0.905325
v -0.728915 0.094102 0.932516
v -0.976764 0.099093 0.905325
v -0.976740 0.100055 0.667339
v -0.728900 0.095065 0.667339
v -0.729987 0.026830 0.667340
v -0.978436 0.031832 0.667340
v -0.678094 0.039392 0.932516
v -0.677499 0.080947 0.932516
v -1.029779 0.046502 0.905325
v -1.028659 0.088047 0.905325
v -1.030471 0.088095 0.667340
v -1.031595 0.046551 0.667340
v -0.675686 0.080922 0.667338
v -0.676279 0.039366 0.667339
v -0.729775 0.040170 0.934206
v -0.729113 0.081724 0.934206
v -0.978104 0.045170 0.907015
v -0.977072 0.086717 0.907015
v -0.288702 0.024225 0.904010
v -0.637670 0.027208 0.859826
v -0.288400 0.089047 0.904010
v -0.636820 0.092024 0.859825
v -0.287293 0.023470 0.667339
v -0.639093 0.026478 0.667340
v -0.286986 0.089788 0.667338
v -0.638220 0.092792 0.667340
v -0.338984 0.023734 0.905325
v -0.587394 0.025840 0.861140
v -0.338609 0.090053 0.905324
v -0.586619 0.092155 0.861139
v -0.586608 0.093117 0.667339
v -0.338603 0.091015 0.667339
v -0.338990 0.022772 0.667340
v -0.587405 0.024878 0.667340
v -0.287236 0.035850 0.905324
v -0.287043 0.077409 0.905324
v -0.638930 0.038857 0.861140
v -0.638383 0.080413 0.861140
v -0.640197 0.080437 0.667340
v -0.640746 0.038881 0.667340
v -0.285229 0.077401 0.667339
v -0.285420 0.035842 0.667339
v -0.338914 0.036114 0.907015
v -0.338679 0.077673 0.907014
v -0.587249 0.038219 0.862830
v -0.586763 0.079776 0.862829
v 0.102201 0.023672 0.904010
v -0.246705 0.024048 0.904011
v 0.102105 0.088494 0.904010
v -0.246454 0.088870 0.904010
v 0.103615 0.022925 0.667339
v -0.248121 0.023304 0.667340
v 0.103515 0.089244 0.667338
v -0.247862 0.089623 0.667340
v 0.051929 0.022868 0.864538
v -0.196433 0.023129 0.905325
v 0.051881 0.089187 0.864538
v -0.196234 0.089448 0.905324
v -0.196231 0.090411 0.667339
v 0.051879 0.090149 0.667339
v 0.051930 0.021905 0.667340
v -0.196435 0.022167 0.667340
v 0.103596 0.035305 0.905325
v 0.103534 0.076864 0.905324
v -0.248073 0.035685 0.905325
v -0.247910 0.077244 0.905325
v -0.249725 0.077251 0.667340
v -0.249889 0.035692 0.667340
v 0.105348 0.076867 0.667339
v 0.105412 0.035307 0.667339
v 0.051921 0.035247 0.866228
v 0.051889 0.076807 0.866228
v -0.196395 0.035509 0.907015
v -0.196271 0.077068 0.907015
v 0.493137 0.025612 0.904010
v 0.144195 0.023746 0.924404
v 0.492541 0.090432 0.904010
v 0.144057 0.088568 0.924404
v 0.494556 0.024876 0.667340
v 0.142784 0.022995 0.667340
v 0.493944 0.091193 0.667338
v 0.142644 0.089314 0.667340
v 0.442861 0.024435 0.905325
v 0.194471 0.076001 0.925718
v 0.442333 0.090752 0.905324
v 0.194274 0.142320 0.925718
v 0.194271 0.090405 0.667339
v 0.442325 0.091714 0.667339
v 0.442869 0.023472 0.667340
v 0.194473 0.022161 0.667340
v 0.494442 0.037255 0.905325
v 0.494059 0.078813 0.905324
v 0.142758 0.035375 0.925718
v 0.142670 0.076934 0.925718
v 0.140855 0.076931 0.667340
v 0.140942 0.035371 0.667340
v 0.495873 0.078830 0.667339
v 0.496258 0.037272 0.667339
v 0.442763 0.036814 0.907015
v 0.442431 0.078372 0.907014
v 0.194435 0.088381 0.927408
v 0.194311 0.129940 0.927408
v 0.884138 0.058595 0.869820
v 0.535140 0.026018 0.904011
v 0.882761 0.123403 0.869819
v 0.534474 0.090837 0.904010
v 0.885566 0.030664 0.667339
v 0.533734 0.025255 0.667340
v 0.884155 0.096969 0.667338
v 0.533056 0.091571 0.667340
v 0.833865 0.056828 0.871134
v 0.585431 0.025816 0.905325
v 0.832577 0.123136 0.871134
v 0.584661 0.092132 0.905325
v 0.584649 0.093094 0.667339
v 0.832558 0.114281 0.667339
v 0.833884 0.028655 0.667340
v 0.585443 0.024854 0.667340
v 0.885303 0.070253 0.871134
v 0.884418 0.111804 0.871134
v 0.533607 0.037634 0.905325
v 0.533182 0.079192 0.905325
v 0.531368 0.079173 0.667340
v 0.531791 0.037616 0.667340
v 0.886231 0.084630 0.667339
v 0.887119 0.043080 0.667339
v 0.833625 0.069206 0.872824
v 0.832817 0.110758 0.872824
v 0.585288 0.038196 0.907015
v 0.584805 0.079752 0.907015
v 1.275128 0.042774 0.904011
v 0.926144 0.032303 0.904011
v 1.272655 0.107549 0.904010
v 0.924665 0.097109 0.904010
v 1.276569 0.042080 0.667339
v 0.924748 0.031523 0.667340
v 1.274035 0.108351 0.667338
v 0.923239 0.097826 0.667340
v 1.224875 0.040178 0.905325
v 0.976449 0.032746 0.905325
v 1.222509 0.106455 0.905324
v 0.974807 0.099045 0.905324
v 0.974782 0.100007 0.667339
v 1.222476 0.107417 0.667339
v 1.224911 0.039216 0.667340
v 0.976473 0.031784 0.667340
v 1.276096 0.054451 0.905324
v 1.274508 0.095980 0.905324
v 0.924466 0.043900 0.905325
v 0.923521 0.085449 0.905325
v 0.921707 0.085408 0.667340
v 0.922650 0.043859 0.667340
v 1.276320 0.096049 0.667339
v 1.277912 0.054520 0.667339
v 1.224434 0.052550 0.907015
v 1.222952 0.094083 0.907014
v 0.976142 0.045122 0.907015
v 0.975113 0.086669 0.907015
v 1.665951 0.061824 0.904010
v 1.317126 0.044415 0.868304
v 1.662019 0.126528 0.904010
v 1.314515 0.109185 0.868303
v 1.667408 0.061162 0.667340
v 1.315743 0.043611 0.667340
v 1.663380 0.127360 0.667338
v 1.313077 0.109876 0.667340
v 1.615749 0.058119 0.905325
v 1.367433 0.045751 0.869618
v 1.611941 0.124328 0.905324
v 1.364585 0.112009 0.869617
v 1.364544 0.116389 0.667339
v 1.611886 0.125289 0.667339
v 1.615805 0.057158 0.667340
v 1.367474 0.044788 0.667340
v 1.666656 0.073520 0.905325
v 1.664131 0.115002 0.905324
v 1.315246 0.055980 0.869618
v 1.313575 0.097506 0.869618
v 1.311763 0.097434 0.667340
v 1.313431 0.055908 0.667340
v 1.665940 0.115112 0.667339
v 1.668469 0.073630 0.667339
v 1.615039 0.070478 0.907015
v 1.612653 0.111969 0.907015
v 1.366901 0.058119 0.871308
v 1.365117 0.099641 0.871307
v 2.056306 0.090937 0.904010
v 1.707915 0.064423 0.904011
v 2.050485 0.155498 0.904010
v 1.703803 0.129115 0.904010
v 2.057782 0.090318 0.667339
v 1.706552 0.063587 0.667340
v 2.051818 0.156369 0.667338
v 1.702350 0.129773 0.667340
v 2.006208 0.085787 0.937299
v 1.758196 0.066943 0.905325
v 2.000530 0.151863 0.937298
v 1.753758 0.133115 0.905324
v 1.753695 0.134074 0.667339
v 2.000447 0.152822 0.667339
v 2.006290 0.084829 0.667340
v 1.758259 0.065983 0.667340
v 2.056668 0.102648 0.905325
v 2.052932 0.144039 0.905324
v 1.705767 0.075942 0.905325
v 1.703135 0.117418 0.905325
v 1.701326 0.117304 0.667340
v 1.703954 0.075827 0.667340
v 2.054735 0.144202 0.667339
v 2.058478 0.102811 0.667339
v 2.005149 0.098122 0.938989
v 2.001590 0.139529 0.938989
v 1.757368 0.079295 0.907015
v 1.754588 0.120762 0.907015
v 2.445661 0.133022 0.904010
v 2.098193 0.094779 0.904011
v 2.437423 0.197320 0.904010
v 2.092140 0.159318 0.904010
v 2.447160 0.132460 0.667339
v 2.096854 0.093902 0.667340
v 2.438722 0.198240 0.667338
v 2.090669 0.159933 0.667340
v 2.395761 0.126022 0.905325
v 2.148396 0.098835 0.905325
v 2.387686 0.191848 0.905324
v 2.141911 0.164837 0.905324
v 2.141817 0.144825 0.667339
v 2.387568 0.192803 0.667339
v 2.395878 0.125067 0.667340
v 2.148491 0.097878 0.667340
v 2.445584 0.144739 0.905324
v 2.440297 0.185961 0.905324
v 2.095699 0.106228 0.905325
v 2.091824 0.147607 0.905325
v 2.090021 0.147438 0.667340
v 2.093890 0.106059 0.667340
v 2.442091 0.186191 0.667339
v 2.447387 0.144970 0.667339
v 2.394253 0.138310 0.907015
v 2.389193 0.179560 0.907014
v 2.147185 0.111156 0.907015
v 2.143121 0.152516 0.907015
v 2.833097 0.191667 0.904010
v 2.487394 0.138458 0.904011
v 2.821784 0.255494 0.904010
v 2.478862 0.202716 0.904011
v 2.834621 0.191177 0.667339
v 2.486090 0.137530 0.667340
v 2.823034 0.256476 0.667338
v 2.477368 0.203273 0.667340
v 2.783548 0.182313 0.852466
v 2.537429 0.144480 0.905325
v 2.772423 0.247693 0.852465
v 2.528325 0.210172 0.905325
v 2.528193 0.211125 0.667339
v 2.772261 0.248641 0.667339
v 2.783710 0.181365 0.667340
v 2.537561 0.143527 0.667340
v 2.832458 0.203366 0.905324
v 2.825198 0.244287 0.905324
v 2.484461 0.149802 0.905325
v 2.478996 0.191001 0.905325
v 2.477203 0.190763 0.667340
v 2.482659 0.149564 0.667340
v 2.826978 0.244602 0.667338
v 2.834249 0.203683 0.667339
v 2.781471 0.194517 0.854156
v 2.774500 0.235488 0.854155
v 2.535730 0.156743 0.907015
v 2.530025 0.197909 0.907015
v 3.217059 0.271310 0.904010
v 2.874547 0.199128 0.904011
v 3.201840 0.334321 0.904010
v 2.862858 0.262888 0.904010
v 3.218612 0.270915 0.667339
v 2.873288 0.198137 0.667340
v 3.203026 0.335377 0.667338
v 2.861341 0.263372 0.667340
v 3.183835 0.234554 0.927984
v 2.924254 0.207652 0.905325
v 3.168836 0.299155 0.927984
v 2.911820 0.272796 0.905324
v 2.911640 0.273741 0.667339
v 3.152900 0.324520 0.667339
v 3.168337 0.258044 0.667340
v 2.924435 0.206707 0.667340
v 3.215703 0.282948 0.905324
v 3.205935 0.323344 0.905324
v 2.871058 0.210314 0.905325
v 2.863571 0.251194 0.905325
v 2.861794 0.250869 0.667340
v 2.869269 0.209987 0.667340
v 3.207692 0.323767 0.667339
v 3.217472 0.283375 0.667339
v 3.181036 0.246613 0.929674
v 3.171636 0.287096 0.929674
v 2.921933 0.219813 0.907015
v 2.914142 0.260635 0.907014
vn -0.0000 -0.0000 -1.0000
vn -0.0000 0.8203 -0.5720
vn 0.1130 0.8171 -0.5653
vn 0.1961 -0.0000 -0.9806
vn 0.2268 0.8076 -0.5444
vn 0.3846 -0.0000 -0.9231
vn 0.3411 0.7914 -0.5073
vn 0.5580 -0.0000 -0.8298
vn 0.4542 0.7684 -0.4509
vn 0.7097 -0.0000 -0.7045
vn 0.5609 0.7398 -0.3716
vn 0.8337 -0.0000 -0.5523
vn 0.6519 0.7096 -0.2674
vn 0.9252 -0.0000 -0.3794
vn 0.7146 0.6853 -0.1406
vn 0.9812 -0.0000 -0.1930
vn 0.7371 0.6758 -0.0000
vn 1.0000 -0.0000 -0.0000
vn 0.7146 0.6853 0.1406
vn 0.9812 -0.0000 0.1930
vn 0.6519 0.7096 0.2674
vn 0.9252 -0.0000 0.3794
vn 0.5609 0.7398 0.3716
vn 0.8337 -0.0000 0.5523
vn 0.4542 0.7684 0.4509
vn 0.7097 -0.0000 0.7045
vn 0.3411 0.7914 0.5073
vn 0.5580 -0.0000 0.8298
vn 0.2268 0.8076 0.5444
vn 0.3846 -0.0000 0.9231
vn 0.1130 0.8171 0.5653
vn 0.1961 -0.0000 0.9806
vn -0.0000 0.8203 0.5720
vn -0.0000 -0.0000 1.0000
vn -0.1131 0.8171 0.5653
vn -0.1961 -0.0000 0.9806
vn -0.2268 0.8076 0.5444
vn -0.3846 -0.0000 0.9231
vn -0.3411 0.7914 0.5073
vn -0.5580 -0.0000 0.8298
vn -0.4542 0.7684 0.4509
vn -0.7097 -0.0000 0.7045
vn -0.5609 0.7398 0.3716
vn -0.8337 -0.0000 0.5523
vn -0.6519 0.7096 0.2674
vn -0.9252 -0.0000 0.3794
vn -0.7146 0.6853 0.1406
vn -0.9812 -0.0000 0.1930
vn -0.7371 0.6758 -0.0000
vn -1.0000 -0.0000 -0.0000
vn -0.7146 0.6853 -0.1406
vn -0.9812 -0.0000 -0.1930
vn -0.6520 0.7096 -0.2674
vn -0.9252 -0.0000 -0.3794
vn -0.5609 0.7398 -0.3716
vn -0.8337 -0.0000 -0.5523
vn -0.4542 0.7684 -0.4509
vn -0.7097 -0.0000 -0.7045
vn -0.3411 0.7914 -0.5073
vn -0.5580 -0.0000 -0.8298
vn -0.2268 0.8076 -0.5444
vn -0.3846 -0.0000 -0.9231
vn -0.1130 0.8171 -0.5653
vn -0.1961 -0.0000 -0.9806
vn 0.1131 0.8171 -0.5653
vn 0.8336 -0.0000 -0.5523
vn 0.9252 -0.0000 -0.3795
vn 0.7146 0.6853 -0.1405
vn 0.7146 0.6853 0.1405
vn 0.9252 -0.0000 0.3795
vn 0.8336 -0.0000 0.5523
vn 0.1131 0.8171 0.5653
vn -0.1130 0.8171 0.5653
vn -0.6519 0.7096 -0.2674
vn -0.0053 0.0084 1.0000
vn -0.0037 0.0060 1.0000
vn -0.5262 0.8503 -0.0000
vn -0.5376 0.8432 -0.0000
vn 0.5375 -0.8432 -0.0000
vn 0.5262 -0.8504 -0.0000
vn -0.0053 0.0084 -1.0000
vn -0.0037 0.0060 -1.0000
vn -0.0020 0.0034 1.0000
vn -0.5084 0.8611 -0.0000
vn 0.5084 -0.8611 -0.0000
vn -0.0020 0.0034 -1.0000
vn -0.0011 0.0019 1.0000
vn -0.4983 0.8670 -0.0000
vn 0.4983 -0.8670 -0.0000
vn -0.0011 0.0019 -1.0000
vn -0.0012 0.0022 1.0000
vn -0.4905 0.8714 -0.0000
vn 0.4905 -0.8714 -0.0000
vn -0.0012 0.0022 -1.0000
vn -0.0032 0.0060 1.0000
vn -0.4750 0.8800 -0.0000
vn 0.4751 -0.8799 -0.0000
vn -0.0032 0.0060 -1.0000
vn -0.0086 0.0182 0.9998
vn -0.4294 0.9031 -0.0000
vn 0.4296 -0.9030 -0.0000
vn -0.0086 0.0182 -0.9998
vn -0.0147 0.0346 0.9993
vn -0.3947 0.9188 -0.0000
vn 0.3949 -0.9187 -0.0000
vn -0.0147 0.0346 -0.9993
vn 0.0980 -0.0000 -0.9952
vn 0.2903 -0.0000 -0.9569
vn 0.4714 -0.0000 -0.8819
vn 0.6344 -0.0000 -0.7730
vn 0.7730 -0.0000 -0.6344
vn 0.8819 -0.0000 -0.4714
vn 0.9569 -0.0000 -0.2903
vn 0.9952 -0.0000 -0.0980
vn 0.9952 -0.0000 0.0980
vn 0.9569 -0.0000 0.2903
vn 0.8819 -0.0000 0.4714
vn 0.7730 -0.0000 0.6344
vn 0.6344 -0.0000 0.7730
vn 0.4714 -0.0000 0.8819
vn 0.2903 -0.0000 0.9569
vn 0.0980 -0.0000 0.9952
vn -0.0980 -0.0000 0.9952
vn -0.2903 -0.0000 0.9569
vn -0.4714 -0.0000 0.8819
vn -0.6343 -0.0000 0.7731
vn -0.7731 -0.0000 0.6343
vn -0.8819 -0.0000 0.4714
vn -0.9569 -0.0000 0.2903
vn -0.9952 -0.0000 0.0980
vn -0.9952 -0.0000 -0.0980
vn -0.9569 -0.0000 -0.2903
vn -0.8819 -0.0000 -0.4714
vn -0.7730 -0.0000 -0.6344
vn -0.6344 -0.0000 -0.7730
vn -0.4713 -0.0000 -0.8819
vn -0.0000 1.0000 -0.0000
vn -0.2903 -0.0000 -0.9569
vn -0.0980 -0.0000 -0.9952
vn -0.6344 -0.0000 0.7730
vn -0.7730 -0.0000 0.6344
vn -0.4714 -0.0000 -0.8819
vn 0.0053 0.0084 -1.0000
vn 0.0037 0.0060 -1.0000
vn 0.5262 0.8503 -0.0000
vn 0.5376 0.8432 -0.0000
vn -0.5375 -0.8432 -0.0000
vn -0.5262 -0.8504 -0.0000
vn 0.0053 0.0084 1.0000
vn 0.0037 0.0060 1.0000
vn 0.0020 0.0034 -1.0000
vn 0.5084 0.8611 -0.0000
vn -0.5084 -0.8611 -0.0000
vn 0.0020 0.0034 1.0000
vn 0.0011 0.0019 -1.0000
vn 0.4983 0.8670 -0.0000
vn -0.4983 -0.8670 -0.0000
vn 0.0011 0.0019 1.0000
vn 0.0012 0.0022 -1.0000
vn 0.4905 0.8714 -0.0000
vn -0.4905 -0.8714 -0.0000
vn 0.0012 0.0022 1.0000
vn 0.0032 0.0060 -1.0000
vn 0.4750 0.8800 -0.0000
vn -0.4751 -0.8799 -0.0000
vn 0.0032 0.0060 1.0000
vn 0.0086 0.0182 -0.9998
vn 0.4294 0.9031 -0.0000
vn -0.4296 -0.9030 -0.0000
vn 0.0086 0.0182 0.9998
vn 0.0147 0.0346 -0.9993
vn 0.3947 0.9188 -0.0000
vn -0.3949 -0.9187 -0.0000
vn 0.0147 0.0346 0.9993
vn 0.4713 0.7482 -0.4669
vn 0.6085 0.7399 -0.2867
vn -0.0357 0.9989 0.0307
vn -0.0150 0.9992 0.0373
vn 0.7052 -0.0000 -0.7090
vn 0.9022 -0.0000 -0.4313
vn 0.4713 -0.7482 -0.4669
vn 0.6085 -0.7399 -0.2867
vn -0.0150 -0.9992 0.0373
vn -0.0357 -0.9989 0.0307
vn -0.4999 -0.7152 0.4884
vn -0.6472 -0.6972 0.3082
vn -0.7243 -0.0000 0.6895
vn -0.9078 -0.0000 0.4195
vn -0.4999 0.7152 0.4884
vn -0.6472 0.6972 0.3082
vn 0.6744 0.7302 -0.1099
vn -0.0400 0.9991 0.0121
vn 0.9869 -0.0000 -0.1611
vn 0.6744 -0.7301 -0.1099
vn -0.0400 -0.9991 0.0121
vn -0.7135 -0.6893 0.1254
vn -0.9856 -0.0000 0.1693
vn -0.7135 0.6893 0.1254
vn 0.7002 0.7139 -0.0000
vn -0.0187 0.9998 -0.0000
vn 0.7002 -0.7139 -0.0000
vn -0.0187 -0.9998 -0.0000
vn -0.7178 -0.6962 -0.0000
vn -0.7178 0.6962 -0.0000
vn 0.6744 0.7302 0.1099
vn -0.0400 0.9991 -0.0121
vn 0.9869 -0.0000 0.1612
vn 0.6744 -0.7302 0.1099
vn -0.0400 -0.9991 -0.0121
vn -0.7135 -0.6893 -0.1254
vn -0.9856 -0.0000 -0.1693
vn -0.7135 0.6893 -0.1254
vn 0.6085 0.7399 0.2867
vn -0.0357 0.9989 -0.0307
vn 0.9022 -0.0000 0.4313
vn 0.6085 -0.7399 0.2867
vn -0.0357 -0.9989 -0.0307
vn -0.6472 -0.6972 -0.3082
vn -0.9078 -0.0000 -0.4195
vn -0.6472 0.6972 -0.3082
vn 0.4713 0.7482 0.4669
vn -0.0150 0.9992 -0.0373
vn 0.7052 -0.0000 0.7090
vn 0.4713 -0.7482 0.4669
vn -0.0150 -0.9992 -0.0374
vn -0.4999 -0.7152 -0.4884
vn -0.7243 -0.0000 -0.6895
vn -0.4999 0.7152 -0.4884
vn 0.2841 0.7531 0.5934
vn -0.0020 0.9996 -0.0284
vn 0.4269 -0.0000 0.9043
vn 0.2841 -0.7531 0.5934
vn -0.0019 -0.9996 -0.0284
vn -0.3035 -0.7299 -0.6125
vn -0.4505 -0.0000 -0.8928
vn -0.3035 0.7299 -0.6125
vn 0.1067 0.7535 0.6488
vn -0.0007 0.9998 -0.0183
vn 0.1586 -0.0000 0.9873
vn 0.1067 -0.7535 0.6488
vn -0.0007 -0.9998 -0.0183
vn -0.1195 -0.7376 -0.6645
vn -0.1797 -0.0000 -0.9837
vn -0.1195 0.7376 -0.6645
vn -0.0000 0.7479 0.6638
vn -0.0000 1.0000 -0.0076
vn -0.0000 -0.7479 0.6638
vn -0.0000 -1.0000 -0.0076
vn -0.0000 -0.7418 -0.6706
vn -0.0000 0.7418 -0.6706
vn -0.1067 0.7535 0.6487
vn 0.0007 0.9998 -0.0183
vn -0.1585 -0.0000 0.9874
vn -0.1067 -0.7535 0.6488
vn 0.0007 -0.9998 -0.0183
vn 0.1195 -0.7376 -0.6645
vn 0.1797 -0.0000 -0.9837
vn 0.1195 0.7376 -0.6645
vn -0.2841 0.7531 0.5934
vn 0.0020 0.9996 -0.0284
vn -0.4269 -0.0000 0.9043
vn -0.2841 -0.7531 0.5934
vn 0.0020 -0.9996 -0.0284
vn 0.3035 -0.7299 -0.6125
vn 0.4505 -0.0000 -0.8928
vn 0.3035 0.7299 -0.6125
vn -0.4713 0.7482 0.4669
vn 0.0150 0.9992 -0.0374
vn -0.7052 -0.0000 0.7090
vn -0.4713 -0.7482 0.4669
vn 0.0150 -0.9992 -0.0374
vn 0.4999 -0.7152 -0.4885
vn 0.7243 -0.0000 -0.6895
vn 0.4999 0.7152 -0.4885
vn -0.6085 0.7399 0.2867
vn 0.0357 0.9989 -0.0307
vn -0.9022 -0.0000 0.4313
vn -0.6085 -0.7399 0.2867
vn 0.0357 -0.9989 -0.0307
vn 0.6472 -0.6972 -0.3082
vn 0.9078 -0.0000 -0.4195
vn 0.6472 0.6972 -0.3082
vn -0.6744 0.7301 0.1099
vn 0.0400 0.9991 -0.0121
vn -0.9869 -0.0000 0.1611
vn -0.6744 -0.7302 0.1099
vn 0.0400 -0.9991 -0.0121
vn 0.7135 -0.6893 -0.1254
vn 0.9856 -0.0000 -0.1693
vn 0.7135 0.6893 -0.1254
vn -0.7002 0.7139 -0.0000
vn 0.0187 0.9998 -0.0000
vn -0.7002 -0.7139 -0.0000
vn 0.0187 -0.9998 -0.0000
vn 0.7178 -0.6962 -0.0000
vn 0.7178 0.6962 -0.0000
vn -0.6744 0.7302 -0.1099
vn 0.0400 0.9991 0.0121
vn -0.9869 -0.0000 -0.1612
vn -0.6744 -0.7301 -0.1099
vn 0.0400 -0.9991 0.0121
vn 0.7135 -0.6893 0.1254
vn 0.9856 -0.0000 0.1693
vn 0.7135 0.6893 0.1254
vn -0.6085 0.7399 -0.2867
vn 0.0357 0.9989 0.0307
vn -0.9022 -0.0000 -0.4313
vn -0.6085 -0.7399 -0.2867
vn 0.0357 -0.9989 0.0307
vn 0.6472 -0.6972 0.3082
vn 0.9078 -0.0000 0.4195
vn 0.6472 0.6972 0.3082
vn -0.4713 0.7482 -0.4669
vn 0.0150 0.9992 0.0374
vn -0.7052 -0.0000 -0.7090
vn -0.4713 -0.7482 -0.4669
vn 0.0150 -0.9992 0.0374
vn 0.4999 -0.7152 0.4885
vn 0.7243 -0.0000 0.6895
vn 0.4999 0.7152 0.4885
vn -0.2841 0.7531 -0.5934
vn 0.0020 0.9996 0.0284
vn -0.4269 -0.0000 -0.9043
vn -0.2841 -0.7531 -0.5934
vn 0.0019 -0.9996 0.0284
vn 0.3035 -0.7299 0.6125
vn 0.4505 -0.0000 0.8928
vn 0.3035 0.7299 0.6125
vn -0.1067 0.7535 -0.6487
vn 0.0007 0.9998 0.0183
vn -0.1585 -0.0000 -0.9874
vn -0.1067 -0.7535 -0.6487
vn 0.0007 -0.9998 0.0183
vn 0.1195 -0.7376 0.6645
vn 0.1797 -0.0000 0.9837
vn 0.1195 0.7376 0.6645
vn -0.0000 0.7479 -0.6638
vn -0.0000 1.0000 0.0076
vn -0.0000 -0.7479 -0.6638
vn -0.0000 -1.0000 0.0076
vn -0.0000 -0.7418 0.6706
vn -0.0000 0.7418 0.6706
vn 0.1067 0.7535 -0.6488
vn -0.0007 0.9998 0.0183
vn 0.1586 -0.0000 -0.9874
vn 0.1067 -0.7535 -0.6488
vn -0.0007 -0.9998 0.0183
vn -0.1195 -0.7376 0.6645
vn -0.1797 -0.0000 0.9837
vn -0.1195 0.7376 0.6645
vn 0.2841 0.7531 -0.5934
vn -0.0020 0.9996 0.0284
vn 0.4269 -0.0000 -0.9043
vn 0.2841 -0.7531 -0.5934
vn -0.0020 -0.9996 0.0284
vn -0.3035 -0.7299 0.6125
vn -0.4505 -0.0000 0.8928
vn -0.3035 0.7299 0.6125
vn 0.4733 0.7443 -0.4711
vn 0.5878 0.7363 -0.3353
vn -0.0236 0.9994 0.0255
vn -0.0115 0.9995 0.0292
vn 0.7042 -0.0000 -0.7100
vn 0.8657 -0.0000 -0.5006
vn 0.4733 -0.7443 -0.4711
vn 0.5878 -0.7363 -0.3353
vn -0.0115 -0.9995 0.0292
vn -0.0236 -0.9994 0.0255
vn -0.4954 -0.7187 0.4879
vn -0.6154 -0.7056 0.3514
vn -0.7193 -0.0000 0.6947
vn -0.8730 -0.0000 0.4876
vn -0.4954 0.7187 0.4879
vn -0.6154 0.7056 0.3514
vn 0.6563 0.7301 -0.1904
vn -0.0325 0.9993 0.0163
vn 0.9595 -0.0000 -0.2816
vn 0.6563 -0.7301 -0.1904
vn -0.0325 -0.9993 0.0163
vn -0.6890 -0.6953 0.2043
vn -0.9604 -0.0000 0.2786
vn -0.6890 0.6953 0.2043
vn 0.6896 0.7210 -0.0677
vn -0.0262 0.9996 0.0052
vn 0.9953 -0.0000 -0.0973
vn 0.6896 -0.7210 -0.0677
vn -0.0262 -0.9996 0.0052
vn -0.7151 -0.6948 0.0767
vn -0.9944 -0.0000 0.1054
vn -0.7151 0.6948 0.0767
vn 0.7030 0.7112 -0.0000
vn -0.0106 0.9999 -0.0000
vn 0.7030 -0.7112 -0.0000
vn -0.0106 -0.9999 -0.0000
vn -0.7132 -0.7010 -0.0000
vn -0.7132 0.7010 -0.0000
vn 0.6896 0.7210 0.0677
vn -0.0262 0.9996 -0.0052
vn 0.9953 -0.0000 0.0973
vn 0.6896 -0.7210 0.0677
vn -0.0262 -0.9996 -0.0052
vn -0.7151 -0.6948 -0.0767
vn -0.9944 -0.0000 -0.1054
vn -0.7151 0.6948 -0.0767
vn 0.6563 0.7301 0.1904
vn -0.0325 0.9993 -0.0163
vn 0.9595 -0.0000 0.2816
vn 0.6563 -0.7301 0.1904
vn -0.0325 -0.9993 -0.0163
vn -0.6890 -0.6953 -0.2043
vn -0.9604 -0.0000 -0.2786
vn -0.6890 0.6953 -0.2043
vn 0.5878 0.7363 0.3353
vn -0.0236 0.9994 -0.0255
vn 0.8657 -0.0000 0.5006
vn 0.5878 -0.7363 0.3353
vn -0.0236 -0.9994 -0.0255
vn -0.6154 -0.7056 -0.3514
vn -0.8730 -0.0000 -0.4876
vn -0.6154 0.7056 -0.3514
vn 0.4733 0.7443 0.4711
vn -0.0115 0.9995 -0.0292
vn 0.7042 -0.0000 0.7100
vn 0.4733 -0.7443 0.4711
vn -0.0115 -0.9995 -0.0292
vn -0.4954 -0.7187 -0.4879
vn -0.7193 -0.0000 -0.6947
vn -0.4954 0.7187 -0.4879
vn 0.3302 0.7488 0.5747
vn -0.0025 0.9997 -0.0233
vn 0.4941 -0.0000 0.8694
vn 0.3302 -0.7488 0.5747
vn -0.0025 -0.9997 -0.0233
vn -0.3456 -0.7301 -0.5895
vn -0.5112 -0.0000 -0.8595
vn -0.3455 0.7301 -0.5895
vn 0.1848 0.7518 0.6329
vn -0.0002 0.9998 -0.0179
vn 0.2771 -0.0000 0.9608
vn 0.1848 -0.7518 0.6329
vn -0.0002 -0.9998 -0.0179
vn -0.1960 -0.7368 -0.6471
vn -0.2930 -0.0000 -0.9561
vn -0.1960 0.7368 -0.6471
vn 0.0647 0.7506 0.6576
vn -0.0006 0.9999 -0.0112
vn 0.0957 -0.0000 0.9954
vn 0.0647 -0.7506 0.6576
vn -0.0006 -0.9999 -0.0112
vn -0.0723 -0.7410 -0.6677
vn -0.1090 -0.0000 -0.9940
vn -0.0723 0.7410 -0.6677
vn -0.0000 0.7473 0.6645
vn -0.0000 1.0000 -0.0043
vn -0.0000 -0.7473 0.6645
vn -0.0000 -1.0000 -0.0043
vn -0.0000 -0.7438 -0.6684
vn -0.0000 0.7438 -0.6684
vn -0.0647 0.7506 0.6575
vn 0.0006 0.9999 -0.0112
vn -0.0957 -0.0000 0.9954
vn -0.0647 -0.7506 0.6575
vn 0.0006 -0.9999 -0.0112
vn 0.0723 -0.7410 -0.6676
vn 0.1091 -0.0000 -0.9940
vn 0.0723 0.7410 -0.6676
vn -0.1848 0.7519 0.6329
vn 0.0002 0.9998 -0.0179
vn -0.2771 -0.0000 0.9608
vn -0.1848 -0.7519 0.6329
vn 0.0002 -0.9998 -0.0179
vn 0.1960 -0.7368 -0.6471
vn 0.2930 -0.0000 -0.9561
vn 0.1960 0.7368 -0.6471
vn -0.3302 0.7488 0.5747
vn 0.0025 0.9997 -0.0233
vn -0.4942 -0.0000 0.8694
vn -0.3302 -0.7488 0.5747
vn 0.0025 -0.9997 -0.0233
vn 0.3455 -0.7301 -0.5896
vn 0.5112 -0.0000 -0.8595
vn 0.3456 0.7301 -0.5896
vn -0.4733 0.7443 0.4711
vn 0.0115 0.9995 -0.0292
vn -0.7042 -0.0000 0.7100
vn -0.4733 -0.7443 0.4711
vn 0.0115 -0.9995 -0.0292
vn 0.4954 -0.7187 -0.4879
vn 0.7194 -0.0000 -0.6946
vn 0.4954 0.7187 -0.4879
vn -0.5878 0.7363 0.3354
vn 0.0236 0.9994 -0.0255
vn -0.8657 -0.0000 0.5006
vn -0.5878 -0.7363 0.3354
vn 0.0236 -0.9994 -0.0255
vn 0.6154 -0.7056 -0.3514
vn 0.8731 -0.0000 -0.4876
vn 0.6154 0.7056 -0.3514
vn -0.6563 0.7301 0.1904
vn 0.0325 0.9993 -0.0163
vn -0.9595 -0.0000 0.2817
vn -0.6563 -0.7301 0.1904
vn 0.0325 -0.9993 -0.0163
vn 0.6890 -0.6953 -0.2043
vn 0.9604 -0.0000 -0.2786
vn 0.6890 0.6953 -0.2043
vn -0.6896 0.7210 0.0677
vn 0.0262 0.9996 -0.0051
vn -0.9953 -0.0000 0.0973
vn -0.6896 -0.7210 0.0677
vn 0.0262 -0.9996 -0.0051
vn 0.7151 -0.6948 -0.0767
vn 0.9944 -0.0000 -0.1055
vn 0.7151 0.6948 -0.0767
vn -0.7030 0.7112 -0.0000
vn 0.0107 0.9999 -0.0000
vn -0.7030 -0.7112 -0.0000
vn 0.0106 -0.9999 -0.0000
vn 0.7132 -0.7010 -0.0000
vn 0.7132 0.7010 -0.0000
vn -0.6896 0.7210 -0.0677
vn 0.0262 0.9996 0.0051
vn -0.9953 -0.0000 -0.0973
vn -0.6896 -0.7210 -0.0677
vn 0.0262 -0.9996 0.0051
vn 0.7151 -0.6948 0.0767
vn 0.9944 -0.0000 0.1055
vn 0.7151 0.6948 0.0767
vn -0.6563 0.7301 -0.1904
vn 0.0325 0.9993 0.0163
vn -0.9595 -0.0000 -0.2817
vn -0.6563 -0.7301 -0.1904
vn 0.0325 -0.9993 0.0163
vn 0.6890 -0.6953 0.2043
vn 0.9604 -0.0000 0.2786
vn 0.6890 0.6953 0.2043
vn -0.5878 0.7363 -0.3354
vn 0.0236 0.9994 0.0255
vn -0.8657 -0.0000 -0.5006
vn -0.5878 -0.7363 -0.3354
vn 0.0236 -0.9994 0.0255
vn 0.6154 -0.7056 0.3514
vn 0.8730 -0.0000 0.4876
vn 0.6154 0.7056 0.3514
vn -0.4733 0.7443 -0.4711
vn 0.0115 0.9995 0.0292
vn -0.7042 -0.0000 -0.7100
vn -0.4733 -0.7443 -0.4711
vn 0.0115 -0.9995 0.0292
vn 0.4954 -0.7187 0.4879
vn 0.7194 -0.0000 0.6946
vn 0.4954 0.7187 0.4879
vn -0.3302 0.7488 -0.5747
vn 0.0025 0.9997 0.0233
vn -0.4942 -0.0000 -0.8694
vn -0.3302 -0.7488 -0.5747
vn 0.0025 -0.9997 0.0233
vn 0.3455 -0.7301 0.5896
vn 0.5111 -0.0000 0.8595
vn 0.3455 0.7301 0.5896
vn -0.1848 0.7519 -0.6329
vn 0.0002 0.9998 0.0179
vn -0.2771 -0.0000 -0.9608
vn -0.1848 -0.7519 -0.6329
vn 0.0002 -0.9998 0.0179
vn 0.1960 -0.7368 0.6471
vn 0.2930 -0.0000 0.9561
vn 0.1960 0.7368 0.6471
vn -0.0647 0.7506 -0.6575
vn 0.0006 0.9999 0.0112
vn -0.0957 -0.0000 -0.9954
vn -0.0647 -0.7506 -0.6575
vn 0.0006 -0.9999 0.0112
vn 0.0723 -0.7410 0.6676
vn 0.1091 -0.0000 0.9940
vn 0.0723 0.7410 0.6676
vn -0.0000 0.7473 -0.6645
vn -0.0000 1.0000 0.0043
vn -0.0000 -0.7473 -0.6645
vn -0.0000 -1.0000 0.0043
vn -0.0000 -0.7438 0.6684
vn -0.0000 0.7438 0.6684
vn 0.0647 0.7506 -0.6576
vn -0.0006 0.9999 0.0112
vn 0.0957 -0.0000 -0.9954
vn 0.0647 -0.7506 -0.6576
vn -0.0006 -0.9999 0.0112
vn -0.0723 -0.7410 0.6677
vn -0.1090 -0.0000 0.9940
vn -0.0723 0.7410 0.6677
vn 0.1848 0.7518 -0.6329
vn -0.0002 0.9998 0.0179
vn 0.2771 -0.0000 -0.9608
vn 0.1848 -0.7518 -0.6329
vn -0.0002 -0.9998 0.0179
vn -0.1960 -0.7368 0.6471
vn -0.2930 -0.0000 0.9561
vn -0.1960 0.7368 0.6471
vn 0.3302 0.7488 -0.5747
vn -0.0025 0.9997 0.0233
vn 0.4942 -0.0000 -0.8694
vn 0.3302 -0.7488 -0.5747
vn -0.0025 -0.9997 0.0233
vn -0.3455 -0.7301 0.5895
vn -0.5112 -0.0000 0.8595
vn -0.3456 0.7301 0.5895
vn 0.4682 0.7555 -0.4583
vn 0.6319 0.7484 -0.2015
vn -0.0593 0.9977 0.0341
vn -0.0213 0.9984 0.0515
vn 0.7093 -0.0000 -0.7049
vn 0.9522 -0.0000 -0.3055
vn 0.4681 -0.7555 -0.4583
vn 0.6318 -0.7484 -0.2015
vn -0.0214 -0.9984 0.0515
vn -0.0593 -0.9977 0.0341
vn -0.5087 -0.7092 0.4881
vn -0.6923 -0.6834 0.2315
vn -0.7342 -0.0000 0.6789
vn -0.9524 -0.0000 0.3049
vn -0.5087 0.7092 0.4881
vn -0.6923 0.6834 0.2315
vn 0.6916 0.7223 -0.0000
vn -0.0409 0.9992 -0.0000
vn 0.6916 -0.7223 -0.0000
vn -0.0409 -0.9992 -0.0000
vn -0.7296 -0.6839 -0.0000
vn -0.7296 0.6839 -0.0000
vn 0.6319 0.7484 0.2015
vn -0.0593 0.9977 -0.0341
vn 0.9522 -0.0000 0.3055
vn 0.6318 -0.7484 0.2015
vn -0.0593 -0.9977 -0.0341
vn -0.6923 -0.6834 -0.2315
vn -0.9524 -0.0000 -0.3049
vn -0.6923 0.6834 -0.2315
vn 0.4682 0.7555 0.4583
vn -0.0213 0.9984 -0.0515
vn 0.7093 -0.0000 0.7049
vn 0.4682 -0.7555 0.4583
vn -0.0213 -0.9984 -0.0515
vn -0.5087 -0.7092 -0.4881
vn -0.7342 -0.0000 -0.6789
vn -0.5087 0.7092 -0.4881
vn 0.2041 0.7597 0.6174
vn -0.0014 0.9994 -0.0353
vn 0.3070 -0.0000 0.9517
vn 0.2041 -0.7597 0.6174
vn -0.0014 -0.9994 -0.0353
vn -0.2300 -0.7295 -0.6442
vn -0.3435 -0.0000 -0.9392
vn -0.2300 0.7295 -0.6442
vn -0.0000 0.7499 0.6616
vn -0.0000 0.9999 -0.0168
vn -0.0000 -0.7499 0.6616
vn -0.0000 -0.9999 -0.0168
vn -0.0000 -0.7365 -0.6764
vn -0.0000 0.7365 -0.6764
vn -0.2041 0.7597 0.6174
vn 0.0014 0.9994 -0.0353
vn -0.3070 -0.0000 0.9517
vn -0.2041 -0.7597 0.6174
vn 0.0014 -0.9994 -0.0353
vn 0.2300 -0.7295 -0.6442
vn 0.3435 -0.0000 -0.9392
vn 0.2300 0.7295 -0.6442
vn -0.4682 0.7555 0.4583
vn 0.0213 0.9984 -0.0515
vn -0.7093 -0.0000 0.7049
vn -0.4681 -0.7555 0.4583
vn 0.0214 -0.9984 -0.0515
vn 0.5087 -0.7092 -0.4881
vn 0.7342 -0.0000 -0.6789
vn 0.5087 0.7092 -0.4881
vn -0.6319 0.7484 0.2015
vn 0.0593 0.9977 -0.0341
vn -0.9522 -0.0000 0.3055
vn -0.6318 -0.7484 0.2015
vn 0.0593 -0.9977 -0.0341
vn 0.6923 -0.6834 -0.2315
vn 0.9524 -0.0000 -0.3049
vn 0.6923 0.6834 -0.2315
vn -0.6916 0.7223 -0.0000
vn 0.0409 0.9992 -0.0000
vn -0.6916 -0.7223 -0.0000
vn 0.0409 -0.9992 -0.0000
vn 0.7296 -0.6839 -0.0000
vn 0.7296 0.6839 -0.0000
vn -0.6319 0.7484 -0.2015
vn 0.0593 0.9977 0.0341
vn -0.9522 -0.0000 -0.3055
vn -0.6318 -0.7484 -0.2015
vn 0.0593 -0.9977 0.0341
vn 0.6923 -0.6834 0.2315
vn 0.9524 -0.0000 0.3049
vn 0.6923 0.6834 0.2315
vn -0.4682 0.7555 -0.4583
vn 0.0213 0.9984 0.0515
vn -0.7093 -0.0000 -0.7049
vn -0.4682 -0.7555 -0.4583
vn 0.0213 -0.9984 0.0515
vn 0.5087 -0.7092 0.4881
vn 0.7342 -0.0000 0.6789
vn 0.5087 0.7092 0.4881
vn -0.2041 0.7597 -0.6174
vn 0.0014 0.9994 0.0353
vn -0.3070 -0.0000 -0.9517
vn -0.2041 -0.7597 -0.6174
vn 0.0014 -0.9994 0.0353
vn 0.2300 -0.7295 0.6442
vn 0.3435 -0.0000 0.9392
vn 0.2300 0.7295 0.6442
vn -0.0000 0.7499 -0.6616
vn -0.0000 0.9999 0.0168
vn -0.0000 -0.7499 -0.6616
vn -0.0000 -0.9999 0.0168
vn -0.0000 -0.7365 0.6764
vn -0.0000 0.7365 0.6764
vn 0.2041 0.7597 -0.6174
vn -0.0014 0.9994 0.0353
vn 0.3070 -0.0000 -0.9517
vn 0.2041 -0.7597 -0.6174
vn -0.0014 -0.9994 0.0353
vn -0.2300 -0.7295 0.6442
vn -0.3435 -0.0000 0.9392
vn -0.2300 0.7295 0.6442
vn 0.7053 -0.0000 -0.7090
vn 0.9022 -0.0000 -0.4312
vn -0.4999 -0.7152 0.4885
vn -0.4999 0.7152 0.4885
vn 0.9869 -0.0000 -0.1612
vn 0.6744 -0.7302 -0.1099
vn -0.0080 0.9998 0.0161
vn -0.9989 -0.0320 0.0347
vn -0.6993 0.7131 0.0505
vn 0.6744 0.7301 0.1099
vn -0.0135 0.9999 0.0053
vn 0.6744 -0.7301 0.1099
vn -0.9869 -0.0714 -0.1448
vn -0.7834 0.6180 -0.0666
vn -0.0175 0.9994 -0.0303
vn 0.9022 -0.0000 0.4312
vn -0.8998 -0.0495 -0.4334
vn -0.6742 0.6713 -0.3080
vn -0.0115 0.9992 -0.0370
vn 0.7053 -0.0000 0.7090
vn -0.0150 -0.9992 -0.0373
vn -0.7208 -0.0109 -0.6930
vn -0.4948 0.7151 -0.4937
vn -0.0020 -0.9996 -0.0284
vn -0.4504 -0.0000 -0.8928
vn 0.1585 -0.0000 0.9874
vn -0.1196 -0.7377 -0.6645
vn -0.1196 0.7377 -0.6645
vn -0.0000 1.0000 -0.0077
vn -0.0000 -1.0000 -0.0077
vn -0.1067 -0.7535 0.6487
vn 0.1196 -0.7376 -0.6645
vn 0.1196 0.7376 -0.6645
vn 0.4504 -0.0000 -0.8928
vn 0.0150 0.9992 -0.0373
vn -0.7053 -0.0000 0.7090
vn 0.0150 -0.9992 -0.0373
vn 0.4999 -0.7152 -0.4884
vn 0.4999 0.7152 -0.4884
vn -0.9022 -0.0000 0.4312
vn -0.9869 -0.0000 0.1612
vn -0.6744 -0.7301 0.1099
vn -0.6744 -0.7302 -0.1099
vn -0.9022 -0.0000 -0.4312
vn 0.0150 0.9992 0.0373
vn -0.7053 -0.0000 -0.7090
vn 0.0150 -0.9992 0.0373
vn 0.4999 -0.7152 0.4884
vn 0.4999 0.7152 0.4884
vn 0.0020 -0.9996 0.0284
vn 0.4504 -0.0000 0.8928
vn -0.1067 0.7535 -0.6488
vn -0.1067 -0.7535 -0.6488
vn 0.1196 -0.7377 0.6645
vn 0.1196 0.7377 0.6645
vn -0.0000 1.0000 0.0077
vn -0.0000 -1.0000 0.0077
vn 0.1585 -0.0000 -0.9874
vn -0.1196 -0.7377 0.6645
vn -0.1196 0.7377 0.6645
vn -0.4504 -0.0000 0.8928
vn -0.1196 0.7376 -0.6645
vn 0.1196 0.7376 0.6645
vn 0.7053 -0.0000 -0.7089
vn -0.0401 0.9991 0.0121
vn -0.0186 0.9998 -0.0000
vn -0.0186 -0.9998 -0.0000
vn 0.7053 -0.0000 0.7089
vn -0.1196 -0.7376 -0.6645
vn -0.0000 0.7480 0.6638
vn -0.0000 -0.7480 0.6638
vn -0.1067 0.7535 0.6488
vn -0.7053 -0.0000 0.7089
vn -0.6744 0.7302 0.1099
vn 0.0186 0.9998 -0.0000
vn 0.0186 -0.9998 -0.0000
vn -0.7053 -0.0000 -0.7089
vn 0.1196 -0.7376 0.6645
vn -0.0000 0.7480 -0.6638
vn -0.0000 -0.7480 -0.6638
vn -0.1196 -0.7376 0.6645
vn -0.1196 0.7376 0.6645
vn -0.0401 0.9991 -0.0121
vn -0.0401 -0.9991 -0.0121
vn 0.0401 0.9991 0.0121
vn 0.0401 -0.9991 0.0121
vn 0.3054 -0.9522 -0.0000
vn 0.2556 -0.9668 -0.0000
vn 0.1941 -0.7341 -0.6507
vn 0.2492 -0.7784 -0.5762
vn 0.2492 -0.7784 0.5762
vn 0.1941 -0.7341 0.6507
vn 0.0395 -0.1223 0.9917
vn 0.0037 -0.0124 0.9999
vn -0.2077 0.6681 0.7145
vn -0.1878 0.7230 0.6648
vn -0.2959 0.9552 -0.0000
vn -0.2508 0.9680 -0.0000
vn -0.2077 0.6681 -0.7145
vn -0.1878 0.7230 -0.6648
vn 0.0395 -0.1223 -0.9917
vn 0.0037 -0.0124 -0.9999
vn 0.1677 -0.9858 -0.0000
vn 0.1259 -0.7402 -0.6605
vn 0.1259 -0.7402 0.6605
vn 0.0016 -0.0094 1.0000
vn -0.1243 0.7307 0.6713
vn -0.1676 0.9859 -0.0000
vn -0.1243 0.7307 -0.6713
vn 0.0016 -0.0094 -1.0000
vn 0.1024 -0.9947 -0.0000
vn 0.0768 -0.7457 -0.6618
vn 0.0768 -0.7457 0.6618
vn 0.0007 -0.0072 1.0000
vn -0.0760 0.7385 0.6699
vn -0.1024 0.9947 -0.0000
vn -0.0760 0.7385 -0.6699
vn 0.0007 -0.0072 -1.0000
vn 0.0530 -0.9986 -0.0000
vn 0.0396 -0.7477 -0.6628
vn 0.0396 -0.7477 0.6628
vn 0.0003 -0.0054 1.0000
vn -0.0394 0.7423 0.6689
vn -0.0529 0.9986 -0.0000
vn -0.0394 0.7423 -0.6689
vn 0.0003 -0.0054 -1.0000
vn 0.0158 -0.9999 -0.0000
vn 0.0119 -0.7480 -0.6636
vn 0.0119 -0.7480 0.6636
vn 0.0001 -0.0040 1.0000
vn -0.0118 0.7439 0.6681
vn -0.0158 0.9999 -0.0000
vn -0.0118 0.7439 -0.6681
vn 0.0001 -0.0040 -1.0000
vn -0.0158 -0.9999 -0.0000
vn -0.0119 -0.7480 -0.6636
vn -0.0119 -0.7480 0.6636
vn -0.0001 -0.0040 1.0000
vn 0.0118 0.7439 0.6681
vn 0.0158 0.9999 -0.0000
vn 0.0118 0.7439 -0.6681
vn -0.0001 -0.0040 -1.0000
vn -0.0529 -0.9986 -0.0000
vn -0.0396 -0.7477 -0.6628
vn -0.0396 -0.7477 0.6628
vn -0.0003 -0.0054 1.0000
vn 0.0394 0.7423 0.6689
vn 0.0529 0.9986 -0.0000
vn 0.0394 0.7423 -0.6689
vn -0.0003 -0.0054 -1.0000
vn -0.1024 -0.9947 -0.0000
vn -0.0768 -0.7457 -0.6618
vn -0.0768 -0.7457 0.6618
vn -0.0007 -0.0072 1.0000
vn 0.0760 0.7385 0.6699
vn 0.1024 0.9947 -0.0000
vn 0.0760 0.7385 -0.6699
vn -0.0007 -0.0072 -1.0000
vn -0.1677 -0.9858 -0.0000
vn -0.1259 -0.7402 -0.6605
vn -0.1259 -0.7402 0.6605
vn -0.0016 -0.0094 1.0000
vn 0.1243 0.7307 0.6713
vn 0.1676 0.9859 -0.0000
vn 0.1243 0.7307 -0.6713
vn -0.0016 -0.0094 -1.0000
vn -0.2556 -0.9668 -0.0000
vn -0.1941 -0.7341 -0.6507
vn -0.1941 -0.7341 0.6507
vn -0.0037 -0.0124 0.9999
vn 0.1878 0.7230 0.6648
vn 0.2508 0.9680 -0.0000
vn 0.1878 0.7230 -0.6648
vn -0.0037 -0.0124 -0.9999
vn -0.3054 -0.9522 -0.0000
vn -0.2492 -0.7784 -0.5762
vn -0.2492 -0.7784 0.5762
vn -0.0395 -0.1223 0.9917
vn 0.2077 0.6681 0.7145
vn 0.2959 0.9552 -0.0000
vn 0.2077 0.6681 -0.7145
vn -0.0395 -0.1223 -0.9917
vn -0.7461 -0.0000 -0.6659
vn 0.7461 -0.0000 -0.6659
vn 0.7461 -0.0000 0.6659
vn -0.7461 -0.0000 0.6659
vn -0.7461 -0.0000 -0.6658
vn -0.8498 0.5131 -0.1210
vn -0.9584 0.2596 -0.1186
vn -0.9642 0.2613 0.0455
vn -0.8519 0.5221 0.0405
vn -0.3087 0.9511 0.0139
vn -0.3517 0.9283 -0.1211
vn -0.2210 0.8620 -0.4562
vn -0.6160 0.4792 -0.6252
vn -0.7204 0.1949 -0.6656
vn -0.2234 -0.2367 -0.9456
vn -0.1462 0.0395 -0.9885
vn -0.1763 0.0437 -0.9834
vn -0.2356 -0.2246 -0.9455
vn -0.2889 -0.8206 -0.4932
vn -0.3409 -0.7864 -0.5151
vn -0.6201 -0.6373 -0.4575
vn -0.7716 -0.1060 -0.6272
vn -0.7189 0.1946 -0.6673
vn -0.8561 0.5169 -0.0000
vn -0.3253 0.9456 -0.0000
vn -0.9652 0.2615 -0.0000
vn 0.9833 0.0823 -0.1621
vn 0.9662 -0.1983 -0.1649
vn 0.7308 -0.1501 -0.6659
vn 0.7654 0.1512 -0.6255
vn 0.5841 0.6712 -0.4565
vn 0.7167 0.6835 -0.1383
vn 0.7151 0.6990 -0.0000
vn 0.9971 0.0767 -0.0000
vn 0.9796 -0.2010 -0.0000
vn 0.9971 0.0768 -0.0000
vn 0.1593 0.9813 -0.1076
vn 0.2068 0.9730 -0.1025
vn 0.1093 0.8601 -0.4983
vn 0.0937 0.8518 -0.5154
vn 0.1749 0.9846 -0.0085
vn 0.2018 0.9793 -0.0160
vn 0.1712 0.9852 -0.0000
vn 0.1954 0.9807 -0.0000
vn -0.3494 -0.9333 -0.0833
vn -0.2508 -0.9650 -0.0762
vn -0.2425 -0.9701 0.0080
vn -0.3367 -0.9415 0.0158
vn -0.7453 -0.6658 0.0353
vn -0.7663 -0.6343 -0.1028
vn -0.3403 -0.9403 -0.0000
vn -0.2473 -0.9689 -0.0000
vn -0.7540 -0.6568 -0.0000
vn -0.1174 -0.9931 -0.0000
vn 0.3788 -0.9255 -0.0000
vn -0.2121 -0.9773 -0.0000
vn -0.2293 -0.9734 -0.0000
vn -0.2251 -0.9743 0.0023
vn -0.1098 -0.9889 -0.0998
vn -0.0478 -0.8558 -0.5151
vn 0.2681 -0.8479 -0.4573
vn 0.3865 -0.9118 -0.1388
vn -0.2112 -0.9731 -0.0926
vn -0.1814 -0.8358 -0.5182
vn -0.2361 -0.9668 -0.0979
vn -0.2786 -0.7971 -0.5358
vn 0.2886 0.9574 -0.0000
vn 0.2494 0.9684 -0.0068
vn 0.2615 0.9652 -0.0000
vn 0.2271 0.9739 -0.0000
vn 0.2227 0.9747 -0.0165
vn 0.2940 0.9506 -0.0998
vn 0.2981 0.8034 -0.5154
vn 0.1811 0.8347 -0.5201
vn 0.2238 0.9695 -0.0996
vn 0.1980 0.9735 -0.1148
vn 0.0840 0.8422 -0.5325
vn 0.0936 -0.3119 -0.9455
vn 0.1485 -0.0306 -0.9884
vn 0.7296 -0.1499 -0.6672
vn 0.6417 -0.4417 -0.6270
vn -0.0578 -0.2665 -0.9621
vn -0.2249 -0.2163 -0.9501
vn -0.1118 0.2998 -0.9474
vn 0.0574 0.2644 -0.9627
vn -0.1773 0.0439 -0.9832
vn -0.1772 0.0439 -0.9832
vn -0.1111 0.3031 -0.9465
vn -0.1768 0.0438 -0.9833
vn 0.2113 0.2484 -0.9453
vn 0.1492 -0.0307 -0.9883
vn 0.1488 -0.0306 -0.9884
vn 0.7302 -0.1500 -0.6666
vn 0.8852 -0.4652 -0.0000
vn 0.8704 -0.4646 -0.1631
vn 0.9660 -0.1983 -0.1657
vn 0.9661 -0.1983 -0.1653
vn -0.9999 -0.0173 -0.0000
vn -0.9642 0.2612 0.0455
vn -0.9987 -0.0175 0.0477
vn -0.0776 0.3169 -0.9453
vn -0.1472 0.0398 -0.9883
vn -0.1467 0.0396 -0.9884
vn -0.7196 0.1947 -0.6665
vn -0.9930 -0.0235 -0.1159
vn -0.9583 0.2596 -0.1196
vn -0.9584 0.2596 -0.1191
vn -0.8740 0.4580 -0.1621
vn -0.9673 0.1929 -0.1650
vn -0.9807 0.1956 -0.0000
vn -0.8888 0.4583 -0.0000
vn -0.3874 0.9219 -0.0000
vn -0.3949 0.9083 -0.1383
vn -0.2775 0.8454 -0.4564
vn -0.6464 0.4368 -0.6256
vn -0.7316 0.1457 -0.6660
vn -0.2074 -0.2510 -0.9455
vn -0.1487 0.0295 -0.9884
vn -0.0504 -0.2679 -0.9621
vn -0.1580 -0.8405 -0.5182
vn -0.2882 -0.8072 -0.5152
vn -0.5764 -0.6772 -0.4574
vn -0.7628 -0.1576 -0.6271
vn -0.7305 0.1455 -0.6673
vn 0.9765 0.1528 -0.1519
vn 0.9738 -0.1457 -0.1744
vn 0.7376 -0.1105 -0.6661
vn 0.7559 0.1925 -0.6258
vn 0.5466 0.7020 -0.4566
vn 0.6705 0.7362 -0.0920
vn 0.6879 0.7245 0.0450
vn 0.9934 0.1147 0.0062
vn 0.9890 -0.1479 -0.0092
vn 0.9914 0.1307 -0.0000
vn 0.9890 -0.1479 -0.0000
vn 0.6760 0.7369 -0.0000
vn 0.0981 0.9902 -0.0998
vn 0.1840 0.9785 -0.0927
vn 0.1579 0.8394 -0.5200
vn 0.0373 0.8561 -0.5154
vn 0.1057 0.9944 -0.0000
vn 0.1848 0.9828 -0.0000
vn -0.2827 -0.9540 -0.0998
vn -0.1840 -0.9786 -0.0926
vn -0.1848 -0.9828 -0.0000
vn -0.2774 -0.9608 -0.0000
vn -0.7085 -0.7057 -0.0000
vn -0.7103 -0.6901 -0.1388
vn -0.7085 -0.7058 -0.0000
vn -0.0632 -0.9980 -0.0000
vn -0.0628 -0.9962 -0.0612
vn 0.4193 -0.9062 -0.0551
vn 0.4283 -0.9036 -0.0000
vn -0.1568 -0.9876 -0.0000
vn -0.1269 -0.9908 -0.0470
vn -0.1705 -0.9854 -0.0000
vn -0.1404 -0.9900 -0.0163
vn -0.0557 -0.9852 -0.1623
vn -0.0011 -0.8571 -0.5151
vn 0.3137 -0.8322 -0.4572
vn 0.4414 -0.8756 -0.1959
vn -0.0671 -0.9875 -0.1424
vn -0.0822 -0.8323 -0.5483
vn -0.0886 -0.9905 -0.1052
vn -0.0791 -0.8682 -0.4898
vn 0.2360 0.9717 -0.0000
vn 0.2368 0.9697 0.0601
vn 0.1266 0.9908 0.0470
vn 0.1568 0.9876 -0.0000
vn 0.1705 0.9854 -0.0000
vn 0.1401 0.9900 0.0163
vn 0.2418 0.9695 -0.0400
vn 0.2538 0.8185 -0.5154
vn -0.0209 0.8620 -0.5064
vn 0.0510 0.9975 -0.0490
vn 0.0681 0.9951 -0.0713
vn -0.0231 0.8522 -0.5227
vn 0.1105 -0.3063 -0.9455
vn 0.1499 -0.0225 -0.9884
vn 0.7367 -0.1103 -0.6671
vn 0.6647 -0.4064 -0.6269
vn -0.1054 -0.2357 -0.9661
vn -0.0988 0.0163 -0.9950
vn -0.1033 -0.2822 -0.9538
vn -0.0987 0.0163 -0.9950
vn -0.0845 0.2661 -0.9602
vn -0.0875 0.3040 -0.9486
vn -0.0992 0.0164 -0.9949
vn -0.0992 0.0163 -0.9949
vn 0.0500 0.2660 -0.9627
vn -0.0990 0.0163 -0.9950
vn 0.1973 0.2596 -0.9454
vn 0.1505 -0.0226 -0.9883
vn 0.1502 -0.0225 -0.9884
vn 0.7372 -0.1104 -0.6666
vn 0.9091 -0.4166 -0.0000
vn 0.9027 -0.4295 -0.0273
vn 0.8971 -0.4000 -0.1879
vn 0.9737 -0.1457 -0.1750
vn 0.9738 -0.1457 -0.1747
vn -0.9964 -0.0846 -0.0000
vn -0.0982 0.3110 -0.9453
vn -0.1494 0.0297 -0.9883
vn -0.1490 0.0296 -0.9884
vn -0.7310 0.1456 -0.6666
vn -0.9825 -0.0898 -0.1631
vn -0.9671 0.1928 -0.1657
vn -0.9672 0.1929 -0.1654
vn -0.9008 0.3866 -0.1978
vn -0.9737 0.1413 -0.1787
vn -0.9895 0.1437 -0.0134
vn -0.9021 0.4296 -0.0413
vn -0.4216 0.9032 -0.0809
vn -0.4506 0.8643 -0.2234
vn -0.3209 0.8298 -0.4566
vn -0.6682 0.4024 -0.6258
vn -0.7380 0.1070 -0.6662
vn -0.1941 -0.2614 -0.9455
vn -0.1500 0.0217 -0.9884
vn -0.1646 0.0217 -0.9861
vn -0.1521 -0.2794 -0.9480
vn -0.0617 -0.8741 -0.4818
vn -0.2459 -0.8210 -0.5152
vn -0.5402 -0.7064 -0.4573
vn -0.7536 -0.1974 -0.6270
vn -0.7371 0.1069 -0.6672
vn -0.9115 0.4112 -0.0000
vn -0.4349 0.9005 -0.0000
vn -0.9896 0.1437 -0.0000
vn 0.9708 0.1767 -0.1624
vn 0.9807 -0.1047 -0.1651
vn 0.7415 -0.0793 -0.6663
vn 0.7469 0.2244 -0.6259
vn 0.5159 0.7247 -0.4567
vn 0.6472 0.7496 -0.1384
vn 0.6441 0.7649 -0.0000
vn 0.9850 0.1725 -0.0000
vn 0.9944 -0.1061 -0.0000
vn 0.0463 0.9802 -0.1927
vn 0.0110 0.9877 -0.1559
vn -0.1022 0.8532 -0.5115
vn -0.0071 0.8569 -0.5154
vn 0.0534 0.9945 -0.0903
vn 0.0962 0.9931 -0.0667
vn 0.0540 0.9985 -0.0000
vn 0.1352 0.9908 -0.0000
vn -0.2325 -0.9725 -0.0115
vn -0.0424 -0.9990 -0.0165
vn -0.0965 -0.9931 0.0667
vn -0.2279 -0.9696 0.0894
vn -0.6878 -0.7228 0.0669
vn -0.6615 -0.7467 -0.0694
vn -0.2271 -0.9739 -0.0000
vn -0.1352 -0.9908 -0.0000
vn -0.6706 -0.7418 -0.0000
vn -0.0206 -0.9998 -0.0000
vn 0.4662 -0.8847 -0.0000
vn -0.1131 -0.9936 -0.0000
vn -0.1238 -0.9923 -0.0000
vn -0.0847 -0.9962 0.0210
vn -0.0134 -0.9949 -0.0998
vn 0.0354 -0.8564 -0.5152
vn 0.3488 -0.8181 -0.4572
vn 0.4726 -0.8703 -0.1387
vn -0.1126 -0.9893 -0.0926
vn -0.0967 -0.8496 -0.5185
vn -0.0243 -0.9964 -0.0812
vn -0.0854 -0.8260 -0.5572
vn 0.1943 0.9809 -0.0000
vn 0.1131 0.9936 -0.0000
vn 0.1238 0.9923 -0.0000
vn 0.0844 0.9962 -0.0210
vn 0.2004 0.9746 -0.0998
vn 0.2186 0.8286 -0.5154
vn 0.0966 0.8489 -0.5197
vn 0.1126 0.9893 -0.0927
vn -0.0055 0.9934 -0.1147
vn -0.0904 0.8572 -0.5070
vn 0.1235 -0.3014 -0.9455
vn 0.1507 -0.0162 -0.9884
vn 0.7407 -0.0792 -0.6671
vn 0.6813 -0.3779 -0.6269
vn -0.0308 -0.2706 -0.9622
vn -0.1584 -0.2270 -0.9609
vn -0.1614 0.3062 -0.9382
vn 0.0306 0.2692 -0.9626
vn -0.1653 0.0218 -0.9860
vn -0.1652 0.0218 -0.9860
vn -0.1614 0.2691 -0.9495
vn -0.1650 0.0217 -0.9861
vn -0.1649 0.0217 -0.9861
vn 0.1859 0.2678 -0.9454
vn 0.1512 -0.0162 -0.9884
vn 0.1510 -0.0162 -0.9884
vn 0.7411 -0.0792 -0.6667
vn 0.9258 -0.3779 -0.0000
vn 0.9943 -0.1062 -0.0000
vn 0.9110 -0.3788 -0.1630
vn 0.9806 -0.1047 -0.1656
vn 0.9807 -0.1047 -0.1654
vn -0.9906 -0.1368 -0.0000
vn -0.9936 -0.1130 0.0083
vn -0.1141 0.3054 -0.9454
vn -0.1506 0.0218 -0.9884
vn -0.1503 0.0217 -0.9884
vn -0.7376 0.1069 -0.6667
vn -0.9751 -0.1671 -0.1457
vn -0.9736 0.1413 -0.1794
vn -0.9736 0.1413 -0.1790
vn -0.9129 0.3745 -0.1624
vn -0.9810 0.1014 -0.1651
vn -0.9947 0.1028 -0.0000
vn -0.9276 0.3735 -0.0000
vn -0.4712 0.8820 -0.0000
vn -0.4775 0.8677 -0.1384
vn -0.3543 0.8160 -0.4567
vn -0.6839 0.3747 -0.6260
vn -0.7417 0.0766 -0.6663
vn 0.1265 -0.2959 -0.9468
vn 0.1774 -0.0175 -0.9840
vn 0.1976 -0.0209 -0.9801
vn 0.1705 -0.2956 -0.9400
vn 0.0110 -0.8869 -0.4618
vn -0.0276 -0.8356 -0.5487
vn -0.5110 -0.7279 -0.4572
vn -0.7450 -0.2281 -0.6269
vn -0.7410 0.0765 -0.6672
vn 0.9644 0.2086 -0.1624
vn 0.9836 -0.0724 -0.1652
vn 0.7436 -0.0548 -0.6664
vn 0.7390 0.2489 -0.6261
vn 0.4915 0.7415 -0.4568
vn 0.6220 0.7706 -0.1385
vn 0.6184 0.7859 -0.0000
vn 0.9788 0.2050 -0.0000
vn 0.9973 -0.0734 -0.0000
vn 0.6184 0.7858 -0.0000
vn 0.0288 0.9927 -0.1171
vn 0.0731 0.9930 -0.0928
vn 0.1810 0.8676 -0.4632
vn 0.1416 0.8239 -0.5488
vn -0.0690 0.9976 -0.0052
vn 0.0123 0.9998 -0.0155
vn -0.0988 0.9951 -0.0000
vn -0.0162 0.9999 -0.0000
vn -0.1519 -0.9819 -0.1132
vn -0.0830 -0.9938 -0.0743
vn -0.0961 -0.9954 -0.0000
vn -0.1873 -0.9823 -0.0000
vn -0.6397 -0.7686 -0.0000
vn -0.6430 -0.7532 -0.1387
vn -0.6397 -0.7687 -0.0000
vn 0.0127 -0.9999 -0.0000
vn 0.4952 -0.8688 -0.0000
vn -0.0787 -0.9969 -0.0000
vn -0.0872 -0.9962 -0.0000
vn 0.0197 -0.9948 -0.0998
vn 0.0640 -0.8547 -0.5152
vn 0.3757 -0.8061 -0.4572
vn 0.5011 -0.8542 -0.1387
vn -0.0675 -0.9939 -0.0875
vn -0.0020 -0.8645 -0.5026
vn -0.0867 -0.9909 -0.1029
vn -0.0731 -0.8349 -0.5455
vn 0.1616 0.9869 -0.0000
vn 0.1615 0.9869 -0.0000
vn 0.1103 0.9939 -0.0051
vn 0.1198 0.9928 -0.0000
vn 0.1282 0.9917 -0.0000
vn 0.1173 0.9930 -0.0155
vn 0.1677 0.9808 -0.0998
vn 0.1908 0.8355 -0.5153
vn 0.1344 0.8534 -0.5036
vn 0.1018 0.9904 -0.0933
vn 0.0953 0.9886 -0.1169
vn 0.0730 0.8343 -0.5465
vn 0.1336 -0.2971 -0.9455
vn 0.1512 -0.0112 -0.9884
vn 0.7430 -0.0548 -0.6670
vn 0.6935 -0.3552 -0.6267
vn 0.1051 -0.2822 -0.9536
vn 0.1304 -0.0108 -0.9914
vn -0.0232 -0.2650 -0.9640
vn 0.0001 0.0014 -1.0000
vn 0.0232 0.2659 -0.9637
vn 0.1486 0.2603 -0.9540
vn 0.1307 -0.0108 -0.9914
vn 0.1982 -0.0210 -0.9799
vn 0.2245 0.2531 -0.9410
vn 0.1306 -0.0108 -0.9914
vn 0.1979 -0.0209 -0.9800
vn 0.1768 0.2738 -0.9454
vn 0.1516 -0.0112 -0.9884
vn 0.1514 -0.0112 -0.9884
vn 0.7433 -0.0548 -0.6667
vn 0.9378 -0.3471 -0.0000
vn 0.9230 -0.3486 -0.1629
vn 0.9835 -0.0724 -0.1656
vn 0.9836 -0.0724 -0.1654
vn -0.9842 -0.1773 -0.0000
vn 0.1841 0.2650 -0.9465
vn 0.1779 -0.0175 -0.9839
vn 0.1776 -0.0175 -0.9839
vn -0.7413 0.0765 -0.6667
vn -0.9698 -0.1813 -0.1630
vn -0.9810 0.1014 -0.1656
vn -0.9810 0.1014 -0.1654
vn -0.9244 0.3452 -0.1625
vn -0.9838 0.0698 -0.1652
vn -0.9975 0.0708 -0.0000
vn -0.9391 0.3437 -0.0000
vn -0.4991 0.8666 -0.0000
vn -0.5049 0.8520 -0.1385
vn -0.3801 0.8043 -0.4567
vn -0.6955 0.3526 -0.6261
vn -0.7437 0.0527 -0.6665
vn -0.1748 -0.2748 -0.9455
vn -0.1513 0.0107 -0.9884
vn -0.0178 -0.2715 -0.9623
vn -0.0560 -0.8531 -0.5187
vn -0.1859 -0.8366 -0.5153
vn -0.4875 -0.7438 -0.4573
vn -0.7373 -0.2519 -0.6268
vn -0.7431 0.0527 -0.6671
vn 0.9587 0.2335 -0.1626
vn 0.9851 -0.0473 -0.1654
vn 0.7445 -0.0358 -0.6667
vn 0.7321 0.2679 -0.6263
vn 0.4722 0.7539 -0.4568
vn 0.6018 0.7865 -0.1385
vn 0.5978 0.8017 -0.0000
vn 0.9731 0.2303 -0.0000
vn 0.9988 -0.0479 -0.0000
vn 0.9989 -0.0479 -0.0000
vn 0.5978 0.8016 -0.0000
vn -0.0254 0.9947 -0.0998
vn 0.0833 0.9932 -0.0810
vn 0.0560 0.8526 -0.5196
vn -0.0690 0.8542 -0.5153
vn -0.0184 0.9998 -0.0000
vn 0.1183 0.9929 0.0117
vn 0.1357 0.9908 -0.0000
vn -0.1622 -0.9817 -0.0999
vn -0.0652 -0.9936 -0.0927
vn -0.0655 -0.9979 -0.0000
vn -0.1560 -0.9878 -0.0000
vn -0.6148 -0.7887 -0.0000
vn -0.6185 -0.7734 -0.1388
vn 0.0386 -0.9993 -0.0000
vn 0.5173 -0.8558 -0.0000
vn -0.0520 -0.9986 -0.0000
vn -0.0586 -0.9983 -0.0000
vn 0.0454 -0.9940 -0.0998
vn 0.0861 -0.8527 -0.5152
vn 0.3964 -0.7962 -0.4571
vn 0.5228 -0.8411 -0.1387
vn -0.0711 -0.9925 -0.0996
vn -0.1402 -0.8340 -0.5337
vn -0.0727 -0.9937 -0.0856
vn -0.1394 -0.8572 -0.4958
vn 0.1360 0.9907 -0.0000
vn 0.0002 0.9999 0.0106
vn -0.0197 0.9998 -0.0000
vn 0.0574 0.9984 -0.0000
vn 0.0595 0.9980 0.0223
vn 0.1423 0.9848 -0.0998
vn 0.1691 0.8401 -0.5153
vn -0.0535 0.8437 -0.5342
vn 0.0186 0.9957 -0.0907
vn 0.0435 0.9971 -0.0617
vn -0.0391 0.8668 -0.4971
vn 0.1412 -0.2935 -0.9455
vn 0.1515 -0.0073 -0.9884
vn 0.7441 -0.0358 -0.6671
vn 0.7024 -0.3374 -0.6268
vn -0.1819 -0.2552 -0.9496
vn -0.1767 0.0097 -0.9842
vn -0.1881 -0.2619 -0.9466
vn -0.1571 0.2797 -0.9471
vn -0.1550 0.2729 -0.9495
vn -0.1771 0.0097 -0.9842
vn 0.0178 0.2706 -0.9625
vn -0.1769 0.0097 -0.9842
vn 0.1696 0.2782 -0.9454
vn 0.1518 -0.0073 -0.9884
vn 0.1516 -0.0073 -0.9884
vn 0.7443 -0.0358 -0.6669
vn 0.9463 -0.3232 -0.0000
vn 0.9988 -0.0480 -0.0000
vn 0.9316 -0.3249 -0.1629
vn 0.9851 -0.0473 -0.1656
vn 0.9851 -0.0473 -0.1655
vn -0.9780 -0.2087 -0.0000
vn -0.1357 0.2964 -0.9454
vn -0.1516 0.0107 -0.9884
vn -0.1514 0.0107 -0.9884
vn -0.7434 0.0527 -0.6668
vn -0.9635 -0.2122 -0.1630
vn -0.9837 0.0698 -0.1656
vn -0.9837 0.0698 -0.1654
vn -0.9326 0.3221 -0.1625
vn -0.9852 0.0453 -0.1653
vn -0.9989 0.0459 -0.0000
vn -0.9473 0.3203 -0.0000
vn -0.5203 0.8540 -0.0000
vn -0.5258 0.8393 -0.1385
vn -0.3953 0.7844 -0.4779
vn -0.6943 0.3280 -0.6406
vn -0.7386 0.0406 -0.6729
vn -0.1680 -0.2790 -0.9455
vn -0.1515 0.0069 -0.9884
vn -0.1108 0.0044 -0.9938
vn -0.1188 -0.2681 -0.9560
vn -0.0922 -0.8579 -0.5055
vn -0.1654 -0.8409 -0.5153
vn -0.4692 -0.7555 -0.4572
vn -0.7310 -0.2700 -0.6267
vn -0.7443 0.0342 -0.6670
vn 0.9540 0.2520 -0.1626
vn 0.9858 -0.0282 -0.1653
vn 0.7451 -0.0213 -0.6666
vn 0.7268 0.2821 -0.6263
vn 0.4573 0.7630 -0.4569
vn 0.5864 0.7981 -0.1385
vn 0.5821 0.8131 -0.0000
vn 0.9685 0.2491 -0.0000
vn 0.9996 -0.0285 -0.0000
vn -0.0497 0.9938 -0.0998
vn 0.0322 0.9956 -0.0883
vn -0.0254 0.8419 -0.5390
vn -0.0845 0.8299 -0.5515
vn -0.0428 0.9991 -0.0000
vn 0.0418 0.9991 -0.0000
vn -0.1381 -0.9854 -0.0998
vn -0.0511 -0.9948 -0.0883
vn -0.0418 -0.9991 -0.0000
vn -0.1317 -0.9913 -0.0000
vn -0.5952 -0.8036 -0.0000
vn -0.5993 -0.7884 -0.1387
vn -0.0419 -0.9991 -0.0000
vn -0.5951 -0.8036 -0.0000
vn 0.0582 -0.9983 -0.0000
vn 0.5340 -0.8455 -0.0000
vn -0.0316 -0.9995 -0.0000
vn -0.0366 -0.9993 -0.0000
vn 0.0442 -0.9932 -0.1076
vn 0.0016 -0.8427 -0.5384
vn 0.4119 -0.7882 -0.4571
vn 0.5392 -0.8307 -0.1387
vn -0.0373 -0.9960 -0.0808
vn -0.0664 -0.8724 -0.4843
vn -0.0364 -0.9942 -0.1013
vn -0.0307 -0.8400 -0.5417
vn 0.1165 0.9932 -0.0000
vn 0.0316 0.9995 -0.0000
vn 0.0366 0.9993 -0.0000
vn 0.1021 0.9889 -0.1076
vn 0.0507 0.8411 -0.5384
vn -0.0112 0.8745 -0.4850
vn 0.0258 0.9964 -0.0808
vn 0.0364 0.9942 -0.1014
vn 0.0289 0.8320 -0.5540
vn -0.0327 -0.2857 -0.9578
vn -0.0378 0.0013 -0.9993
vn 0.7448 -0.0213 -0.6669
vn 0.7089 -0.3236 -0.6267
vn -0.0867 -0.2753 -0.9575
vn -0.0792 0.0019 -0.9969
vn -0.0098 -0.2669 -0.9637
vn -0.0000 0.0007 -1.0000
vn 0.0072 0.2546 -0.9670
vn -0.0693 0.2786 -0.9579
vn -0.0793 0.0019 -0.9969
vn -0.0002 0.0080 -1.0000
vn -0.1107 0.0264 -0.9935
vn -0.0996 0.2354 -0.9668
vn -0.1109 0.0044 -0.9938
vn -0.0161 0.2874 -0.9577
vn 0.7450 -0.0213 -0.6668
vn 0.9525 -0.3045 -0.0000
vn 0.9378 -0.3065 -0.1628
vn 0.9858 -0.0281 -0.1655
vn 0.9858 -0.0281 -0.1654
vn -0.9725 -0.2329 -0.0000
vn -0.9989 0.0460 -0.0000
vn -0.1208 0.2500 -0.9607
vn -0.1385 0.0283 -0.9900
vn -0.1516 0.0069 -0.9884
vn -0.7445 0.0342 -0.6668
vn -0.9580 -0.2360 -0.1628
vn -0.9852 0.0453 -0.1655
vn -0.9852 0.0453 -0.1654
vn -0.9385 0.3046 -0.1626
vn -0.9859 0.0266 -0.1653
vn -0.9996 0.0270 -0.0000
vn -0.9532 0.3025 -0.0000
vn -0.5361 0.8441 -0.0000
vn -0.5413 0.8293 -0.1386
vn -0.4142 0.7872 -0.4569
vn -0.7099 0.3221 -0.6263
vn -0.7451 0.0201 -0.6667
vn -0.1628 -0.2821 -0.9455
vn -0.1516 0.0041 -0.9884
vn -0.1082 0.0024 -0.9941
vn -0.1115 -0.2702 -0.9563
vn -0.0756 -0.8593 -0.5059
vn -0.1497 -0.8439 -0.5152
vn -0.4548 -0.7643 -0.4572
vn -0.7257 -0.2838 -0.6268
vn -0.7447 0.0201 -0.6671
vn -0.5362 0.8441 -0.0000
vn 0.9502 0.2658 -0.1626
vn 0.9861 -0.0141 -0.1653
vn 0.7452 -0.0107 -0.6667
vn 0.7226 0.2926 -0.6263
vn 0.4460 0.7696 -0.4569
vn 0.5748 0.8065 -0.1386
vn 0.5703 0.8214 -0.0000
vn 0.9648 0.2630 -0.0000
vn 0.9999 -0.0143 -0.0000
vn -0.0681 0.9927 -0.0998
vn 0.0147 0.9960 -0.0884
vn -0.0346 0.8616 -0.5064
vn -0.1056 0.8505 -0.5153
vn -0.0614 0.9981 -0.0000
vn 0.0240 0.9997 -0.0000
vn -0.1198 -0.9878 -0.0998
vn -0.0331 -0.9955 -0.0884
vn -0.0240 -0.9997 -0.0000
vn -0.1133 -0.9936 -0.0000
vn -0.5800 -0.8146 -0.0000
vn -0.5844 -0.7996 -0.1387
vn 0.0725 -0.9974 -0.0000
vn 0.5461 -0.8377 -0.0000
vn 0.5461 -0.8378 -0.0000
vn -0.0165 -0.9999 -0.0000
vn -0.0201 -0.9998 -0.0000
vn 0.0793 -0.9918 -0.0998
vn 0.1151 -0.8493 -0.5153
vn 0.4232 -0.7823 -0.4571
vn 0.5511 -0.8228 -0.1387
vn -0.0165 -0.9956 -0.0926
vn -0.0141 -0.8547 -0.5189
vn -0.0311 -0.9948 -0.0969
vn -0.0748 -0.8454 -0.5289
vn 0.1021 0.9948 -0.0000
vn 0.0165 0.9999 -0.0000
vn 0.0201 0.9998 -0.0000
vn 0.1086 0.9891 -0.0998
vn 0.1403 0.8455 -0.5153
vn 0.0141 0.8545 -0.5193
vn 0.0165 0.9956 -0.0927
vn 0.0090 0.9953 -0.0969
vn -0.0410 0.8473 -0.5295
vn 0.1512 -0.2885 -0.9455
vn 0.1517 -0.0022 -0.9884
vn 0.7450 -0.0107 -0.6670
vn 0.7135 -0.3133 -0.6266
vn -0.0045 -0.2718 -0.9623
vn -0.1088 -0.2661 -0.9578
vn -0.0983 0.2700 -0.9578
vn 0.0045 0.2714 -0.9625
vn -0.1084 0.0025 -0.9941
vn -0.0987 0.2744 -0.9565
vn -0.1083 0.0024 -0.9941
vn 0.1599 0.2840 -0.9454
vn 0.1518 -0.0022 -0.9884
vn 0.7451 -0.0107 -0.6669
vn 0.9568 -0.2908 -0.0000
vn 0.9421 -0.2931 -0.1628
vn 0.9861 -0.0141 -0.1655
vn 0.9861 -0.0141 -0.1654
vn -0.9679 -0.2512 -0.0000
vn -0.1481 0.2902 -0.9454
vn -0.1518 0.0041 -0.9884
vn -0.1517 0.0041 -0.9884
vn -0.7449 0.0201 -0.6669
vn -0.9534 -0.2541 -0.1629
vn -0.9858 0.0266 -0.1656
vn -0.9859 0.0266 -0.1655
vn -0.9426 0.2918 -0.1626
vn -0.9861 0.0130 -0.1654
vn -0.9999 0.0132 -0.0000
vn -0.9572 0.2894 -0.0000
vn -0.5475 0.8368 -0.0000
vn -0.5525 0.8219 -0.1386
vn -0.4248 0.7815 -0.4570
vn -0.7142 0.3123 -0.6264
vn -0.7452 0.0098 -0.6668
vn -0.1590 -0.2842 -0.9455
vn -0.1517 0.0020 -0.9884
vn -0.0030 -0.2718 -0.9624
vn -0.0095 -0.8547 -0.5190
vn -0.1383 -0.8458 -0.5153
vn -0.4444 -0.7704 -0.4572
vn -0.7218 -0.2937 -0.6267
vn -0.7450 0.0098 -0.6670
vn 0.9476 0.2750 -0.1626
vn 0.9862 -0.0045 -0.1654
vn 0.7453 -0.0034 -0.6668
vn 0.7196 0.2996 -0.6264
vn 0.4385 0.7739 -0.4569
vn 0.5669 0.8121 -0.1385
vn 0.5622 0.8270 -0.0000
vn 0.9622 0.2725 -0.0000
vn 1.0000 -0.0046 -0.0000
vn -0.0815 0.9917 -0.0998
vn 0.0111 0.9956 -0.0927
vn 0.0095 0.8545 -0.5193
vn -0.1171 0.8490 -0.5153
vn -0.0748 0.9972 -0.0000
vn 0.0111 0.9999 -0.0000
vn -0.0749 0.9972 -0.0000
vn -0.1064 -0.9893 -0.0998
vn -0.0111 -0.9956 -0.0927
vn -0.0111 -0.9999 -0.0000
vn -0.0998 -0.9950 -0.0000
vn -0.5688 -0.8225 -0.0000
vn -0.5734 -0.8075 -0.1387
vn -0.5687 -0.8225 -0.0000
vn 0.0824 -0.9966 -0.0000
vn 0.5542 -0.8324 -0.0000
vn -0.0061 -1.0000 -0.0000
vn -0.0085 -1.0000 -0.0000
vn 0.0891 -0.9910 -0.0998
vn 0.1235 -0.8481 -0.5153
vn 0.4309 -0.7781 -0.4570
vn 0.5591 -0.8174 -0.1386
vn -0.0249 -0.9947 -0.0995
vn -0.0995 -0.8399 -0.5336
vn -0.0225 -0.9961 -0.0858
vn -0.0944 -0.8627 -0.4969
vn 0.0923 0.9957 -0.0000
vn 0.0061 1.0000 -0.0000
vn 0.0085 1.0000 -0.0000
vn 0.0989 0.9901 -0.0998
vn 0.1319 0.8468 -0.5153
vn -0.0895 0.8409 -0.5338
vn -0.0129 0.9950 -0.0995
vn -0.0056 0.9963 -0.0858
vn -0.0801 0.8639 -0.4973
vn 0.1540 -0.2870 -0.9455
vn 0.1517 -0.0007 -0.9884
vn 0.7451 -0.0035 -0.6669
vn 0.7166 -0.3064 -0.6266
vn -0.1662 -0.2636 -0.9502
vn -0.1728 0.0012 -0.9850
vn -0.1708 -0.2703 -0.9475
vn -0.1665 0.2723 -0.9477
vn -0.1632 0.2657 -0.9501
vn -0.1730 0.0012 -0.9849
vn 0.0030 0.2714 -0.9625
vn -0.1729 0.0012 -0.9849
vn 0.1570 0.2855 -0.9454
vn 0.1518 -0.0007 -0.9884
vn 0.7452 -0.0034 -0.6669
vn 0.9596 -0.2815 -0.0000
vn 0.9449 -0.2839 -0.1627
vn 0.9862 -0.0046 -0.1655
vn -0.9644 -0.2645 -0.0000
vn -0.1520 0.2882 -0.9454
vn -0.1518 0.0020 -0.9884
vn -0.7451 0.0098 -0.6669
vn -0.9498 -0.2671 -0.1628
vn -0.9861 0.0130 -0.1655
vn -0.9452 0.2831 -0.1627
vn -0.9862 0.0039 -0.1654
vn -1.0000 0.0039 -0.0000
vn -0.9598 0.2806 -0.0000
vn -0.5551 0.8318 -0.0000
vn -0.5600 0.8168 -0.1386
vn -0.4318 0.7777 -0.4570
vn -0.7170 0.3057 -0.6265
vn -0.7452 0.0029 -0.6668
vn -0.1565 -0.2857 -0.9455
vn -0.1517 0.0006 -0.9884
vn 0.1602 -0.0003 -0.9871
vn 0.1520 -0.2658 -0.9520
vn 0.0849 -0.8419 -0.5328
vn -0.1307 -0.8470 -0.5153
vn -0.4374 -0.7744 -0.4571
vn -0.7192 -0.3003 -0.6266
vn -0.7451 0.0029 -0.6669
vn 0.9459 0.2808 -0.1626
vn 0.9862 0.0015 -0.1654
vn 0.7453 0.0011 -0.6668
vn 0.7177 0.3041 -0.6264
vn 0.4337 0.7766 -0.4569
vn 0.5619 0.8155 -0.1386
vn 0.5571 0.8304 -0.0000
vn 0.9605 0.2783 -0.0000
vn 1.0000 0.0015 -0.0000
vn 0.5572 0.8304 -0.0000
vn -0.0905 0.9909 -0.0998
vn 0.0199 0.9949 -0.0990
vn 0.0895 0.8414 -0.5330
vn -0.1247 0.8479 -0.5153
vn -0.0838 0.9965 -0.0000
vn 0.0026 1.0000 -0.0000
vn -0.0975 -0.9902 -0.0998
vn 0.0146 -0.9950 -0.0989
vn -0.0026 -1.0000 -0.0000
vn -0.0909 -0.9959 -0.0000
vn -0.5613 -0.8276 -0.0000
vn -0.5660 -0.8127 -0.1386
vn 0.0886 -0.9961 -0.0000
vn 0.5593 -0.8289 -0.0000
vn 0.5593 -0.8290 -0.0000
vn 0.0005 -1.0000 -0.0000
vn -0.0011 -1.0000 -0.0000
vn 0.0414 -0.9924 -0.1158
vn -0.0962 -0.8289 -0.5510
vn 0.4356 -0.7754 -0.4571
vn 0.5641 -0.8140 -0.1386
vn -0.0267 -0.9967 -0.0769
vn -0.1915 -0.8665 -0.4610
vn 0.0121 -0.9962 -0.0863
vn 0.0800 -0.8630 -0.4988
vn 0.0861 0.9963 -0.0000
vn -0.0005 1.0000 -0.0000
vn 0.0011 1.0000 -0.0000
vn 0.0389 0.9925 -0.1158
vn -0.0984 0.8287 -0.5510
vn -0.1926 0.8662 -0.4611
vn -0.0276 0.9967 -0.0769
vn 0.0142 0.9962 -0.0863
vn 0.0820 0.8627 -0.4991
vn -0.2136 -0.2788 -0.9363
vn -0.2405 -0.0002 -0.9707
vn 0.7451 0.0011 -0.6669
vn 0.7185 -0.3020 -0.6266
vn -0.3756 -0.2597 -0.8896
vn -0.3779 -0.0004 -0.9258
vn 0.1558 -0.2720 -0.9496
vn 0.1565 0.2712 -0.9497
vn -0.3762 0.2587 -0.8897
vn -0.3781 -0.0004 -0.9258
vn 0.1603 -0.0003 -0.9871
vn 0.1535 0.2650 -0.9519
vn -0.3780 -0.0004 -0.9258
vn -0.2144 0.2784 -0.9362
vn -0.2406 -0.0002 -0.9706
vn -0.2405 -0.0002 -0.9706
vn 0.7452 0.0011 -0.6669
vn 0.9613 -0.2756 -0.0000
vn 0.9467 -0.2781 -0.1628
vn 0.9862 0.0015 -0.1655
vn -0.9619 -0.2733 -0.0000
vn -0.1545 0.2868 -0.9454
vn -0.1518 0.0006 -0.9884
vn -0.9473 -0.2759 -0.1628
vn -0.9862 0.0039 -0.1655
vn -0.9469 0.2775 -0.1627
vn -0.9862 -0.0021 -0.1655
vn -1.0000 -0.0021 -0.0000
vn -0.9615 0.2749 -0.0000
vn -0.5600 0.8285 -0.0000
vn -0.5647 0.8136 -0.1386
vn -0.4364 0.7750 -0.4570
vn -0.7187 0.3015 -0.6265
vn -0.7452 -0.0016 -0.6669
vn 0.0638 -0.3517 -0.9339
vn -0.1517 -0.0003 -0.9884
vn 0.0816 0.0003 -0.9967
vn 0.1513 -0.1955 -0.9690
vn 0.4201 -0.7225 -0.5491
vn 0.2581 -0.8454 -0.4676
vn -0.4329 -0.7770 -0.4571
vn -0.7173 -0.3046 -0.6266
vn -0.7451 -0.0016 -0.6670
vn 0.9437 0.2881 -0.1626
vn 0.9862 0.0091 -0.1654
vn 0.7452 0.0069 -0.6668
vn 0.7154 0.3095 -0.6264
vn 0.4279 0.7799 -0.4568
vn 0.5557 0.8198 -0.1385
vn 0.5507 0.8347 -0.0000
vn 0.9583 0.2858 -0.0000
vn 1.0000 0.0093 -0.0000
vn -0.4389 0.8961 -0.0656
vn -0.3129 0.9497 -0.0093
vn -0.3410 0.8168 -0.4654
vn -0.4897 0.6980 -0.5225
vn -0.2164 0.9760 0.0229
vn -0.1352 0.9878 0.0768
vn -0.0897 0.9960 -0.0000
vn -0.0033 1.0000 -0.0000
vn 0.2269 -0.9668 -0.1174
vn 0.3578 -0.9192 -0.1642
vn 0.1351 -0.9878 -0.0768
vn 0.0397 -0.9989 -0.0234
vn -0.5563 -0.8310 -0.0000
vn -0.5612 -0.8160 -0.1386
vn -0.0851 -0.9964 -0.0000
vn 0.0033 -1.0000 -0.0000
vn 0.0960 -0.9954 -0.0000
vn 0.5655 -0.8247 -0.0000
vn 0.0075 -1.0000 -0.0000
vn -0.0443 -0.9986 -0.0276
vn 0.0053 -1.0000 -0.0000
vn -0.0426 -0.9958 -0.0805
vn 0.1026 -0.9897 -0.0998
vn 0.1350 -0.8463 -0.5153
vn 0.4415 -0.7721 -0.4571
vn 0.5702 -0.8097 -0.1386
vn -0.1389 -0.9833 -0.1176
vn -0.1689 -0.8566 -0.4876
vn -0.1376 -0.9750 -0.1746
vn -0.1252 -0.8332 -0.5386
vn 0.0787 0.9969 -0.0000
vn 0.0444 0.9986 0.0276
vn -0.0075 1.0000 -0.0000
vn -0.0053 1.0000 -0.0000
vn 0.0427 0.9958 0.0805
vn 0.0853 0.9913 -0.0998
vn 0.1203 0.8485 -0.5153
vn 0.1658 0.8221 -0.5447
vn 0.1483 0.9868 -0.0644
vn 0.1458 0.9893 -0.0017
vn 0.2102 0.8546 -0.4748
vn 0.1579 -0.2848 -0.9455
vn 0.1517 0.0014 -0.9884
vn 0.7450 0.0069 -0.6670
vn 0.7207 -0.2965 -0.6266
vn -0.0688 -0.3027 -0.9506
vn 0.0370 -0.2404 -0.9700
vn 0.1472 0.3017 -0.9420
vn 0.0419 0.2384 -0.9703
vn 0.0817 0.0003 -0.9967
vn -0.1411 0.3281 -0.9340
vn 0.1531 0.2876 -0.9454
vn 0.1518 0.0014 -0.9884
vn 0.7451 0.0069 -0.6669
vn 0.9633 -0.2683 -0.0000
vn 0.9488 -0.2709 -0.1628
vn 0.9862 0.0091 -0.1655
vn -0.9602 -0.2791 -0.0000
vn -0.9602 -0.2792 -0.0000
vn -0.2277 0.2111 -0.9506
vn -0.1518 -0.0003 -0.9884
vn -0.7451 -0.0016 -0.6669
vn -0.9456 -0.2816 -0.1628
vn -0.9491 0.2697 -0.1627
vn -0.9862 -0.0101 -0.1654
vn -0.9999 -0.0102 -0.0000
vn -0.9637 0.2671 -0.0000
vn -0.5668 0.8239 -0.0000
vn -0.5714 0.8089 -0.1386
vn -0.4429 0.7714 -0.4569
vn -0.7212 0.2956 -0.6265
vn -0.7452 -0.0076 -0.6668
vn -0.1524 -0.2879 -0.9455
vn -0.1517 -0.0016 -0.9884
vn 0.0033 -0.2718 -0.9624
vn 0.0104 -0.8547 -0.5190
vn -0.1186 -0.8488 -0.5153
vn -0.4264 -0.7805 -0.4571
vn -0.7148 -0.3105 -0.6266
vn -0.7450 -0.0076 -0.6670
vn 0.9378 0.3177 -0.1398
vn 0.9863 0.0211 -0.1639
vn 0.7451 0.0159 -0.6667
vn 0.7118 0.3180 -0.6263
vn 0.4187 0.7848 -0.4569
vn 0.5380 0.8390 -0.0814
vn 0.5527 0.8314 0.0572
vn 0.9597 0.2805 0.0182
vn 0.9998 0.0214 0.0015
vn 0.9548 0.2971 -0.0000
vn 0.9998 0.0214 -0.0000
vn 0.5409 0.8411 -0.0000
vn -0.1046 0.9895 -0.0998
vn -0.0298 0.9943 -0.1021
vn -0.0104 0.8545 -0.5193
vn -0.1368 0.8460 -0.5153
vn -0.0980 0.9952 -0.0000
vn -0.0643 0.9979 -0.0093
vn -0.0816 0.9967 -0.0000
vn -0.0834 -0.9915 -0.0998
vn 0.0121 -0.9956 -0.0927
vn 0.0121 -0.9999 -0.0000
vn -0.0767 -0.9971 -0.0000
vn -0.5494 -0.8355 -0.0000
vn -0.5544 -0.8206 -0.1386
vn -0.5494 -0.8356 -0.0000
vn 0.1077 -0.9942 -0.0000
vn 0.1069 -0.9920 -0.0669
vn 0.5633 -0.8244 -0.0554
vn 0.5754 -0.8179 -0.0000
vn 0.0481 -0.9976 -0.0493
vn 0.0153 -0.9999 -0.0000
vn 0.0445 -0.9989 -0.0156
vn 0.1139 -0.9791 -0.1682
vn 0.1450 -0.8447 -0.5153
vn 0.4506 -0.7668 -0.4572
vn 0.5881 -0.7849 -0.1949
vn 0.1098 -0.9841 -0.1394
vn 0.1814 -0.8391 -0.5129
vn 0.1113 -0.9877 -0.1101
vn 0.1661 -0.8428 -0.5119
vn 0.2459 0.9693 -0.0000
vn 0.2031 0.9775 0.0564
vn 0.0918 0.9956 0.0190
vn 0.1620 0.9868 -0.0000
vn -0.0848 0.9964 -0.0000
vn -0.0941 0.9955 -0.0136
vn 0.1215 0.9916 -0.0436
vn 0.1104 0.8499 -0.5153
vn -0.0500 0.8702 -0.4902
vn -0.0363 0.9970 -0.0687
vn -0.1021 0.9885 -0.1117
vn -0.0220 0.8351 -0.5496
vn 0.1613 -0.2830 -0.9455
vn 0.1517 0.0032 -0.9884
vn 0.7449 0.0159 -0.6670
vn 0.7242 -0.2878 -0.6267
vn 0.1621 -0.2510 -0.9543
vn 0.1348 0.0023 -0.9909
vn 0.1621 -0.2789 -0.9465
vn 0.1347 0.0023 -0.9909
vn 0.1020 0.2526 -0.9622
vn 0.0914 0.2918 -0.9521
vn 0.1349 0.0024 -0.9909
vn -0.0033 0.2714 -0.9625
vn 0.1498 0.2894 -0.9454
vn 0.1519 0.0032 -0.9884
vn 0.1518 0.0032 -0.9884
vn 0.7450 0.0159 -0.6669
vn 0.9665 -0.2566 -0.0000
vn 0.9619 -0.2728 -0.0197
vn 0.9998 0.0213 0.0015
vn 0.9998 0.0213 -0.0000
vn 0.9542 -0.2402 -0.1785
vn 0.9862 0.0210 -0.1640
vn 0.9862 0.0211 -0.1640
vn -0.9579 -0.2870 -0.0000
vn -0.1587 0.2846 -0.9454
vn -0.1518 -0.0016 -0.9884
vn -0.7451 -0.0076 -0.6669
vn -0.9433 -0.2893 -0.1628
vn -0.9862 -0.0101 -0.1655
vn -0.9862 -0.0100 -0.1655
vn -0.9524 0.2577 -0.1626
vn -0.9860 -0.0224 -0.1654
vn -0.9997 -0.0227 -0.0000
vn -0.9670 0.2549 -0.0000
vn -0.5772 0.8166 -0.0000
vn -0.5816 0.8016 -0.1386
vn -0.4527 0.7657 -0.4569
vn -0.7250 0.2865 -0.6263
vn -0.7451 -0.0169 -0.6668
vn -0.1487 -0.2898 -0.9455
vn -0.1516 -0.0035 -0.9884
vn -0.1320 -0.0036 -0.9912
vn -0.1213 -0.2758 -0.9535
vn -0.0448 -0.8633 -0.5026
vn -0.1078 -0.8502 -0.5152
vn -0.4165 -0.7859 -0.4571
vn -0.7108 -0.3194 -0.6267
vn -0.7448 -0.0170 -0.6670
vn -0.9670 0.2548 -0.0000
vn 0.9350 0.3151 -0.1626
vn 0.9855 0.0378 -0.1653
vn 0.7448 0.0285 -0.6666
vn 0.7063 0.3300 -0.6262
vn 0.4056 0.7917 -0.4569
vn 0.5320 0.8354 -0.1385
vn 0.5266 0.8501 -0.0000
vn 0.9497 0.3132 -0.0000
vn 0.9993 0.0383 -0.0000
vn -0.1171 0.9881 -0.0999
vn -0.0364 0.9955 -0.0875
vn -0.0891 0.8596 -0.5032
vn -0.1475 0.8442 -0.5153
vn -0.1106 0.9939 -0.0000
vn -0.0255 0.9997 -0.0000
vn -0.0708 -0.9925 -0.0998
vn 0.0143 -0.9961 -0.0874
vn 0.0255 -0.9997 -0.0000
vn -0.0641 -0.9979 -0.0000
vn -0.5389 -0.8423 -0.0000
vn -0.5441 -0.8275 -0.1387
vn 0.1243 -0.9922 -0.0000
vn 0.5890 -0.8082 -0.0000
vn 0.0346 -0.9994 -0.0000
vn 0.0299 -0.9996 -0.0000
vn 0.1307 -0.9864 -0.0998
vn 0.1590 -0.8422 -0.5152
vn 0.4634 -0.7592 -0.4571
vn 0.5932 -0.7930 -0.1387
vn 0.0455 -0.9951 -0.0874
vn 0.0966 -0.8591 -0.5026
vn 0.0298 -0.9942 -0.1030
vn 0.0251 -0.8374 -0.5460
vn 0.0503 0.9987 -0.0000
vn -0.0346 0.9994 -0.0000
vn -0.0299 0.9996 -0.0000
vn 0.0571 0.9934 -0.0998
vn 0.0962 0.8516 -0.5153
vn 0.0373 0.8634 -0.5032
vn -0.0234 0.9959 -0.0875
vn -0.0297 0.9942 -0.1031
vn -0.0250 0.8371 -0.5464
vn 0.1659 -0.2802 -0.9455
vn 0.1516 0.0058 -0.9884
vn 0.7444 0.0285 -0.6671
vn 0.7288 -0.2756 -0.6268
vn 0.1376 -0.2680 -0.9535
vn 0.1319 0.0043 -0.9912
vn 0.0080 -0.2661 -0.9639
vn -0.0080 0.2665 -0.9638
vn 0.1191 0.2759 -0.9538
vn 0.1321 0.0043 -0.9912
vn -0.1322 -0.0036 -0.9912
vn -0.1355 0.2683 -0.9538
vn 0.1320 0.0043 -0.9912
vn -0.1321 -0.0036 -0.9912
vn 0.1450 0.2919 -0.9454
vn 0.1519 0.0058 -0.9884
vn 0.1517 0.0058 -0.9884
vn 0.7446 0.0285 -0.6669
vn 0.9707 -0.2404 -0.0000
vn 0.9561 -0.2434 -0.1629
vn 0.9855 0.0377 -0.1657
vn 0.9855 0.0378 -0.1655
vn -0.9543 -0.2989 -0.0000
vn -0.1623 0.2826 -0.9454
vn -0.1518 -0.0035 -0.9884
vn -0.1517 -0.0035 -0.9884
vn -0.7450 -0.0169 -0.6669
vn -0.9396 -0.3011 -0.1629
vn -0.9859 -0.0224 -0.1656
vn -0.9860 -0.0224 -0.1655
vn -0.9568 0.2409 -0.1626
vn -0.9855 -0.0396 -0.1653
vn -0.9992 -0.0401 -0.0000
vn -0.9713 0.2378 -0.0000
vn -0.5915 0.8063 -0.0000
vn -0.5957 0.7912 -0.1385
vn -0.4661 0.7576 -0.4569
vn -0.7300 0.2737 -0.6262
vn -0.7448 -0.0300 -0.6666
vn -0.1435 -0.2924 -0.9455
vn -0.1515 -0.0061 -0.9884
vn -0.1409 -0.0065 -0.9900
vn -0.1250 -0.2784 -0.9523
vn -0.0333 -0.8646 -0.5013
vn -0.0927 -0.8520 -0.5152
vn -0.4026 -0.7931 -0.4571
vn -0.7051 -0.3318 -0.6267
vn -0.7444 -0.0300 -0.6670
vn 0.9277 0.3360 -0.1625
vn 0.9844 0.0600 -0.1652
vn 0.7441 0.0453 -0.6665
vn 0.6989 0.3457 -0.6261
vn 0.3879 0.8006 -0.4567
vn 0.5133 0.8470 -0.1384
vn 0.5076 0.8616 -0.0000
vn 0.9424 0.3344 -0.0000
vn 0.9981 0.0609 -0.0000
vn -0.1439 0.9843 -0.1020
vn -0.0654 0.9934 -0.0938
vn -0.1094 0.8579 -0.5021
vn -0.1625 0.8414 -0.5154
vn -0.1555 0.9878 -0.0022
vn -0.0720 0.9974 -0.0061
vn -0.1646 0.9864 -0.0000
vn -0.0806 0.9967 -0.0000
vn -0.0532 -0.9936 -0.0998
vn 0.0319 -0.9957 -0.0871
vn 0.0438 -0.9990 -0.0000
vn -0.0464 -0.9989 -0.0000
vn -0.5241 -0.8517 -0.0000
vn -0.5295 -0.8369 -0.1387
vn 0.1463 -0.9892 -0.0000
vn 0.6070 -0.7947 -0.0000
vn 0.0560 -0.9984 -0.0000
vn 0.0497 -0.9988 -0.0000
vn 0.1526 -0.9832 -0.0998
vn 0.1777 -0.8384 -0.5152
vn 0.4802 -0.7486 -0.4572
vn 0.6109 -0.7795 -0.1388
vn 0.0558 -0.9941 -0.0927
vn 0.0479 -0.8536 -0.5188
vn 0.0347 -0.9946 -0.0982
vn -0.0339 -0.8465 -0.5312
vn 0.0282 0.9996 -0.0000
vn -0.0457 0.9990 -0.0018
vn -0.0422 0.9991 -0.0000
vn -0.0360 0.9994 -0.0000
vn -0.0400 0.9992 -0.0058
vn 0.0351 0.9944 -0.0998
vn 0.0773 0.8535 -0.5154
vn -0.0479 0.8531 -0.5195
vn -0.0523 0.9941 -0.0946
vn -0.0614 0.9927 -0.1036
vn -0.1185 0.8384 -0.5321
vn 0.1721 -0.2765 -0.9455
vn 0.1514 0.0092 -0.9884
vn 0.7436 0.0453 -0.6671
vn 0.7348 -0.2592 -0.6268
vn 0.0152 -0.2716 -0.9623
vn -0.1210 -0.2730 -0.9544
vn -0.1480 0.2593 -0.9544
vn -0.0152 0.2708 -0.9625
vn -0.1411 -0.0065 -0.9900
vn -0.1493 0.2650 -0.9526
vn -0.1410 -0.0065 -0.9900
vn 0.1386 0.2950 -0.9454
vn 0.1517 0.0092 -0.9884
vn 0.1515 0.0092 -0.9884
vn 0.7439 0.0453 -0.6668
vn 0.9759 -0.2184 -0.0000
vn 0.9614 -0.2217 -0.1629
vn 0.9844 0.0600 -0.1656
vn 0.9844 0.0600 -0.1654
vn -0.9489 -0.3156 -0.0000
vn -0.1673 0.2796 -0.9454
vn -0.1518 -0.0061 -0.9884
vn -0.1517 -0.0061 -0.9884
vn -0.7446 -0.0300 -0.6668
vn -0.9342 -0.3174 -0.1628
vn -0.9854 -0.0396 -0.1656
vn -0.9854 -0.0396 -0.1654
vn -0.9622 0.2185 -0.1625
vn -0.9843 -0.0624 -0.1652
vn -0.9980 -0.0632 -0.0000
vn -0.9766 0.2150 -0.0000
vn -0.6103 0.7922 -0.0000
vn -0.6140 0.7770 -0.1385
vn -0.4837 0.7465 -0.4569
vn -0.7363 0.2566 -0.6261
vn -0.7440 -0.0472 -0.6665
vn -0.1366 -0.2957 -0.9455
vn -0.1513 -0.0096 -0.9884
vn 0.0185 -0.2715 -0.9623
vn 0.0582 -0.8530 -0.5187
vn -0.0728 -0.8540 -0.5152
vn -0.3840 -0.8023 -0.4571
vn -0.6971 -0.3482 -0.6267
vn -0.7435 -0.0472 -0.6671
vn 0.9176 0.3629 -0.1624
vn 0.9823 0.0888 -0.1652
vn 0.7426 0.0671 -0.6664
vn 0.6886 0.3659 -0.6260
vn 0.3646 0.8115 -0.4567
vn 0.4885 0.8615 -0.1384
vn 0.4824 0.8759 -0.0000
vn 0.9323 0.3617 -0.0000
vn 0.9959 0.0901 -0.0000
vn 0.4824 0.8760 -0.0000
vn -0.1575 0.9825 -0.0998
vn -0.0678 0.9934 -0.0927
vn -0.0582 0.8525 -0.5195
vn -0.1821 0.8374 -0.5153
vn -0.1513 0.9885 -0.0000
vn -0.0681 0.9977 -0.0000
vn -0.0300 -0.9946 -0.0998
vn 0.0678 -0.9934 -0.0926
vn 0.0681 -0.9977 -0.0000
vn -0.0231 -0.9997 -0.0000
vn -0.5041 -0.8636 -0.0000
vn -0.5099 -0.8490 -0.1386
vn 0.1749 -0.9846 -0.0000
vn 0.6299 -0.7767 -0.0000
vn 0.0839 -0.9965 -0.0000
vn 0.0758 -0.9971 -0.0000
vn 0.1846 -0.9807 -0.0641
vn 0.3155 -0.8531 -0.4154
vn 0.5018 -0.7342 -0.4573
vn 0.6334 -0.7613 -0.1388
vn 0.0863 -0.9960 -0.0228
vn 0.1733 -0.8529 -0.4925
vn 0.0742 -0.9956 -0.0575
vn 0.0170 -0.8872 -0.4611
vn -0.0008 1.0000 -0.0000
vn -0.0839 0.9965 -0.0000
vn -0.0758 0.9971 -0.0000
vn 0.0295 0.9958 -0.0866
vn 0.2028 0.8645 -0.4599
vn 0.0452 0.8285 -0.5582
vn -0.0560 0.9923 -0.1102
vn -0.0861 0.9924 -0.0877
vn -0.1298 0.8537 -0.5044
vn 0.4636 -0.2265 -0.8566
vn 0.4407 0.0391 -0.8968
vn 0.7420 0.0670 -0.6671
vn 0.7420 -0.2376 -0.6269
vn 0.2026 -0.2419 -0.9489
vn 0.1928 0.0178 -0.9811
vn -0.1019 -0.2820 -0.9540
vn -0.1263 -0.0102 -0.9919
vn -0.1438 0.2608 -0.9546
vn 0.1599 0.2742 -0.9483
vn 0.1933 0.0179 -0.9810
vn -0.1267 -0.0103 -0.9919
vn -0.0185 0.2705 -0.9625
vn -0.1265 -0.0102 -0.9919
vn 0.1931 0.0179 -0.9810
vn 0.4183 0.3042 -0.8559
vn 0.4418 0.0391 -0.8963
vn 0.4413 0.0391 -0.8965
vn 0.7423 0.0670 -0.6667
vn 0.9818 -0.1898 -0.0000
vn 0.9675 -0.1936 -0.1629
vn 0.9822 0.0888 -0.1655
vn 0.9822 0.0888 -0.1654
vn -0.9413 -0.3375 -0.0000
vn -0.1739 0.2756 -0.9454
vn -0.1517 -0.0097 -0.9884
vn -0.1515 -0.0096 -0.9884
vn -0.7437 -0.0472 -0.6668
vn -0.9265 -0.3391 -0.1629
vn -0.9842 -0.0624 -0.1656
vn -0.9842 -0.0624 -0.1654
vn -0.9684 0.1895 -0.1624
vn -0.9820 -0.0919 -0.1651
vn -0.9957 -0.0931 -0.0000
vn -0.9826 0.1855 -0.0000
vn -0.6340 0.7734 -0.0000
vn -0.6373 0.7581 -0.1384
vn -0.5063 0.7315 -0.4567
vn -0.7439 0.2343 -0.6259
vn -0.7424 -0.0695 -0.6663
vn -0.1275 -0.2997 -0.9455
vn -0.1509 -0.0142 -0.9884
vn 0.1860 0.0194 -0.9824
vn 0.2032 -0.2447 -0.9481
vn 0.1852 -0.8249 -0.5342
vn -0.0468 -0.8558 -0.5152
vn -0.3596 -0.8134 -0.4572
vn -0.6863 -0.3689 -0.6268
vn -0.7417 -0.0695 -0.6671
vn 0.9034 0.3969 -0.1623
vn 0.9783 0.1256 -0.1650
vn 0.7397 0.0949 -0.6662
vn 0.6747 0.3914 -0.6258
vn 0.3342 0.8245 -0.4566
vn 0.4561 0.8791 -0.1384
vn 0.4495 0.8933 -0.0000
vn 0.9182 0.3962 -0.0000
vn 0.9918 0.1274 -0.0000
vn -0.1305 0.9874 -0.0894
vn -0.0250 0.9974 -0.0682
vn 0.0197 0.8447 -0.5349
vn -0.2075 0.8315 -0.5154
vn -0.0155 0.9998 0.0115
vn 0.0630 0.9974 0.0363
vn 0.0390 0.9992 -0.0000
vn 0.1215 0.9926 -0.0000
vn 0.0002 -0.9950 -0.0998
vn 0.1194 -0.9878 -0.1000
vn 0.0994 -0.9950 -0.0000
vn 0.0073 -1.0000 -0.0000
vn -0.4779 -0.8784 -0.0000
vn -0.4841 -0.8639 -0.1387
vn 0.0072 -1.0000 -0.0000
vn 0.2113 -0.9774 -0.0000
vn 0.6585 -0.7526 -0.0000
vn 0.1196 -0.9928 -0.0000
vn 0.1092 -0.9940 -0.0000
vn 0.2172 -0.9710 -0.0998
vn 0.2326 -0.8249 -0.5152
vn 0.5288 -0.7150 -0.4573
vn 0.6614 -0.7371 -0.1387
vn 0.0985 -0.9901 -0.1000
vn -0.0011 -0.8454 -0.5341
vn 0.1089 -0.9910 -0.0777
vn 0.0962 -0.8748 -0.4749
vn -0.0379 0.9993 -0.0000
vn -0.1783 0.9839 0.0123
vn -0.2004 0.9797 -0.0000
vn -0.1902 0.9817 -0.0000
vn -0.1726 0.9843 0.0372
vn -0.0306 0.9945 -0.0998
vn 0.0209 0.8567 -0.5154
vn -0.2032 0.8201 -0.5349
vn -0.1554 0.9838 -0.0897
vn -0.1366 0.9900 -0.0349
vn -0.0960 0.8735 -0.4772
vn 0.1899 -0.2645 -0.9455
vn 0.1504 0.0192 -0.9884
vn 0.7388 0.0948 -0.6672
vn 0.7504 -0.2096 -0.6269
vn -0.1450 -0.2832 -0.9480
vn -0.1858 -0.0216 -0.9824
vn 0.0309 -0.2808 -0.9593
vn 0.0003 -0.0023 -1.0000
vn -0.0302 0.2749 -0.9610
vn -0.2091 0.2405 -0.9479
vn -0.1864 -0.0217 -0.9822
vn 0.0002 -0.0023 -1.0000
vn 0.1866 0.0194 -0.9822
vn 0.1517 0.2803 -0.9478
vn -0.1861 -0.0216 -0.9823
vn 0.1863 0.0194 -0.9823
vn 0.1189 0.3036 -0.9454
vn 0.1509 0.0193 -0.9884
vn 0.1507 0.0193 -0.9884
vn 0.7392 0.0948 -0.6667
vn 0.9883 -0.1528 -0.0000
vn 0.9740 -0.1572 -0.1630
vn 0.9781 0.1256 -0.1657
vn 0.9782 0.1256 -0.1654
vn -0.9308 -0.3656 -0.0000
vn -0.1823 0.2702 -0.9454
vn -0.1514 -0.0142 -0.9884
vn -0.1512 -0.0142 -0.9884
vn -0.7421 -0.0695 -0.6667
vn -0.9159 -0.3667 -0.1629
vn -0.9819 -0.0919 -0.1656
vn -0.9819 -0.0919 -0.1653
vn -0.9750 0.1519 -0.1623
vn -0.9777 -0.1295 -0.1650
vn -0.9913 -0.1313 -0.0000
vn -0.9891 0.1473 -0.0000
vn -0.6635 0.7482 -0.0000
vn -0.6662 0.7328 -0.1384
vn -0.5344 0.7113 -0.4566
vn -0.7525 0.2053 -0.6258
vn -0.7393 -0.0980 -0.6662
vn -0.1157 -0.3045 -0.9455
vn -0.1502 -0.0200 -0.9884
vn 0.2020 0.0295 -0.9789
vn 0.2286 -0.2330 -0.9452
vn 0.2279 -0.8136 -0.5350
vn -0.0135 -0.8570 -0.5151
vn -0.3277 -0.8268 -0.4572
vn -0.6715 -0.3952 -0.6269
vn -0.7385 -0.0979 -0.6672
vn 0.8834 0.4396 -0.1621
vn 0.9711 0.1725 -0.1649
vn 0.7345 0.1303 -0.6660
vn 0.6554 0.4232 -0.6256
vn 0.2950 0.8394 -0.4565
vn 0.4137 0.8999 -0.1383
vn 0.4065 0.9137 -0.0000
vn 0.8982 0.4396 -0.0000
vn 0.9846 0.1750 -0.0000
vn 0.8982 0.4397 -0.0000
vn -0.2253 0.9692 -0.0998
vn -0.1156 0.9882 -0.1008
vn -0.0038 0.8443 -0.5358
vn -0.2398 0.8227 -0.5154
vn -0.2194 0.9756 -0.0000
vn -0.1394 0.9902 -0.0000
vn -0.2195 0.9756 -0.0000
vn 0.0389 -0.9942 -0.0998
vn 0.1614 -0.9817 -0.1007
vn 0.1394 -0.9902 -0.0000
vn 0.0462 -0.9989 -0.0000
vn -0.4435 -0.8963 -0.0000
vn -0.4502 -0.8821 -0.1387
vn 0.2574 -0.9663 -0.0000
vn 0.6936 -0.7204 -0.0000
vn 0.1651 -0.9863 -0.0000
vn 0.1519 -0.9884 -0.0000
vn 0.1915 -0.9742 -0.1192
vn -0.0096 -0.8342 -0.5514
vn 0.5622 -0.6890 -0.4573
vn 0.6958 -0.7047 -0.1388
vn 0.1340 -0.9883 -0.0733
vn -0.0864 -0.8919 -0.4438
vn 0.1674 -0.9823 -0.0844
vn 0.2323 -0.8396 -0.4910
vn -0.0851 0.9964 -0.0000
vn -0.1651 0.9863 -0.0000
vn -0.1519 0.9884 -0.0000
vn -0.1507 0.9814 -0.1194
vn -0.2940 0.7809 -0.5511
vn -0.3748 0.8129 -0.4457
vn -0.1954 0.9780 -0.0733
vn -0.1352 0.9872 -0.0845
vn -0.0285 0.8693 -0.4935
vn -0.2389 -0.3181 -0.9175
vn -0.3176 -0.0545 -0.9466
vn 0.7334 0.1302 -0.6672
vn 0.7594 -0.1735 -0.6270
vn -0.4032 -0.3251 -0.8554
vn -0.4446 -0.0771 -0.8924
vn 0.2384 -0.2395 -0.9412
vn 0.1579 0.2953 -0.9423
vn -0.4889 0.1689 -0.8559
vn -0.4460 -0.0773 -0.8917
vn 0.2028 0.0296 -0.9788
vn 0.1567 0.2875 -0.9449
vn 0.2024 0.0296 -0.9789
vn -0.4453 -0.0772 -0.8921
vn -0.3343 0.2192 -0.9166
vn -0.3186 -0.0547 -0.9463
vn -0.3181 -0.0546 -0.9465
vn 0.7340 0.1303 -0.6666
vn 0.9944 -0.1055 -0.0000
vn 0.9804 -0.1104 -0.1631
vn 0.9710 0.1725 -0.1656
vn 0.9710 0.1725 -0.1653
vn -0.9159 -0.4013 -0.0000
vn -0.9159 -0.4014 -0.0000
vn -0.1928 0.2629 -0.9454
vn -0.1508 -0.0200 -0.9884
vn -0.1505 -0.0200 -0.9884
vn -0.7389 -0.0980 -0.6666
vn -0.9011 -0.4019 -0.1630
vn -0.9776 -0.1295 -0.1656
vn -0.9777 -0.1295 -0.1653
vn -0.9813 0.1036 -0.1621
vn -0.9702 -0.1775 -0.1649
vn -0.9837 -0.1799 -0.0000
vn -0.9952 0.0983 -0.0000
vn -0.6998 0.7144 -0.0000
vn -0.7017 0.6989 -0.1383
vn -0.5692 0.6838 -0.4565
vn -0.7619 0.1678 -0.6256
vn -0.7338 -0.1344 -0.6660
vn -0.1004 -0.3098 -0.9455
vn -0.1491 -0.0274 -0.9885
vn -0.0818 -0.0164 -0.9965
vn -0.0545 -0.2727 -0.9606
vn 0.0328 -0.8539 -0.5194
vn 0.0292 -0.8566 -0.5151
vn -0.2863 -0.8420 -0.4573
vn -0.6510 -0.4278 -0.6270
vn -0.7326 -0.1341 -0.6673
vn 0.8549 0.4928 -0.1620
vn 0.9586 0.2321 -0.1648
vn 0.7252 0.1754 -0.6658
vn 0.6284 0.4626 -0.6254
vn 0.2437 0.8558 -0.4564
vn 0.3583 0.9233 -0.1382
vn 0.3503 0.9367 -0.0000
vn 0.8696 0.4938 -0.0000
vn 0.9719 0.2354 -0.0000
vn -0.2733 0.9567 -0.0998
vn -0.1255 0.9868 -0.1026
vn -0.1173 0.8597 -0.4972
vn -0.2805 0.8097 -0.5154
vn -0.2678 0.9635 -0.0000
vn -0.1656 0.9861 -0.0132
vn -0.1901 0.9818 -0.0000
vn 0.0884 -0.9911 -0.0998
vn 0.1106 -0.9910 -0.0753
vn 0.1658 -0.9861 0.0132
vn 0.0959 -0.9954 -0.0000
vn -0.3986 -0.9171 -0.0000
vn -0.4061 -0.9032 -0.1388
vn 0.1901 -0.9818 -0.0000
vn 0.3155 -0.9489 -0.0000
vn 0.3862 -0.9223 0.0149
vn 0.7362 -0.6768 -0.0000
vn 0.2226 -0.9749 -0.0000
vn 0.2922 -0.9554 0.0421
vn 0.2060 -0.9786 -0.0000
vn 0.1804 -0.9828 0.0392
vn 0.5396 -0.8393 -0.0664
vn 0.6761 -0.5749 -0.4609
vn 0.6031 -0.6536 -0.4573
vn 0.7375 -0.6610 -0.1388
vn 0.4669 -0.8827 -0.0530
vn 0.5247 -0.7057 -0.4761
vn 0.1261 -0.9905 -0.0550
vn 0.0555 -0.8586 -0.5096
vn -0.1452 0.9894 -0.0000
vn -0.2193 0.9755 -0.0151
vn -0.2931 0.9552 -0.0421
vn -0.2225 0.9749 -0.0000
vn -0.2060 0.9786 -0.0000
vn -0.1801 0.9829 -0.0392
vn -0.3252 0.9397 -0.1057
vn -0.2849 0.8421 -0.4579
vn -0.2409 0.7638 -0.5988
vn -0.4448 0.8849 -0.1383
vn -0.1381 0.9810 -0.1361
vn -0.1387 0.8272 -0.5445
vn 0.5055 -0.1017 -0.8568
vn 0.4065 0.0968 -0.9085
vn 0.7238 0.1751 -0.6674
vn 0.7685 -0.1267 -0.6272
vn 0.4104 -0.1989 -0.8900
vn 0.2770 0.0655 -0.9586
vn -0.0474 -0.3002 -0.9527
vn -0.1089 0.2354 -0.9658
vn 0.1747 0.2612 -0.9493
vn 0.2789 0.0660 -0.9580
vn -0.0822 -0.0165 -0.9965
vn -0.1038 0.2729 -0.9564
vn -0.0820 -0.0164 -0.9965
vn 0.2779 0.0657 -0.9584
vn -0.0820 -0.0165 -0.9965
vn 0.2092 0.3901 -0.8967
vn 0.4090 0.0974 -0.9073
vn 0.4078 0.0971 -0.9079
vn 0.7245 0.1752 -0.6666
vn 0.9990 -0.0443 -0.0000
vn 0.9719 0.2353 -0.0000
vn 0.9853 -0.0501 -0.1631
vn 0.9585 0.2320 -0.1658
vn 0.9586 0.2320 -0.1653
vn -0.8950 -0.4460 -0.0000
vn -0.2057 0.2529 -0.9454
vn -0.1498 -0.0275 -0.9883
vn -0.1494 -0.0274 -0.9884
vn -0.7332 -0.1342 -0.6666
vn -0.8802 -0.4458 -0.1631
vn -0.9701 -0.1774 -0.1657
vn -0.9701 -0.1775 -0.1653
vn -0.6520 0.7096 0.2674
vn -0.6343 -0.0000 -0.7731
vn -0.7731 -0.0000 -0.6343
vn -0.4713 -0.0000 0.8819
vn 0.9869 -0.0000 0.1611
vn -0.0019 -0.9996 0.0284
vn 0.1586 -0.0000 -0.9873
vn -0.1586 -0.0000 -0.9874
vn -0.9869 -0.0000 -0.1611
vn 0.0019 -0.9996 -0.0284
vn 0.1586 -0.0000 0.9874
vn -0.0107 0.9999 -0.0000
vn -0.0107 -0.9999 -0.0000
vn -0.7193 -0.0000 0.6946
vn 0.4941 -0.0000 -0.8694
vn -0.3456 -0.7301 0.5895
vn -0.3455 0.7301 0.5895
vn -0.0007 -0.9999 0.0112
vn 0.0007 0.9999 0.0112
vn 0.0007 -0.9999 0.0112
vn 0.5112 -0.0000 0.8595
vn 0.3456 0.7301 0.5896
vn 0.8731 -0.0000 0.4876
vn 0.0107 -0.9999 -0.0000
vn 0.8730 -0.0000 -0.4876
vn -0.4941 -0.0000 0.8694
vn 0.3455 0.7301 -0.5896
vn -0.0958 -0.0000 0.9954
vn 0.0007 -0.9999 -0.0112
vn 0.1090 -0.0000 -0.9940
vn -0.0007 0.9999 -0.0112
vn -0.0007 -0.9999 -0.0112
vn -0.3455 -0.7301 -0.5895
vn -0.3456 0.7301 -0.5895
vn -0.0214 0.9984 -0.0515
vn 0.6318 0.7484 0.2015
vn 0.4681 -0.7555 0.4583
vn -0.0214 -0.9984 -0.0515
vn 0.6318 0.7484 -0.2015
vn -0.0214 0.9984 0.0515
vn 0.4682 -0.7555 -0.4583
vn -0.0213 -0.9984 0.0515
vn 0.0214 0.9984 0.0515
vn -0.4681 -0.7555 -0.4583
vn 0.0214 -0.9984 0.0515
vn -0.6318 0.7484 -0.2015
vn -0.6318 0.7484 0.2015
vn 0.0214 0.9984 -0.0515
vn -0.4682 -0.7555 0.4583
vn 0.0213 -0.9984 -0.0515
vn -0.4999 -0.7152 -0.4885
vn -0.4999 0.7152 -0.4885
vn -0.0080 0.9998 -0.0161
vn -0.9989 -0.0320 -0.0347
vn -0.6993 0.7131 -0.0505
vn -0.0135 0.9999 -0.0053
vn 0.6744 0.7301 -0.1099
vn -0.9869 -0.0714 0.1448
vn -0.7834 0.6180 0.0666
vn -0.0175 0.9994 0.0303
vn -0.8998 -0.0495 0.4334
vn -0.6742 0.6713 0.3080
vn -0.0115 0.9992 0.0370
vn -0.7208 -0.0109 0.6930
vn -0.4948 0.7151 0.4937
vn -0.6744 0.7301 -0.1099
vn 0.1196 -0.7377 -0.6645
vn 0.1196 0.7377 -0.6645
vn 0.0401 0.9991 -0.0121
vn -0.3053 -0.9522 -0.0000
vn -0.7461 -0.0000 0.6658
vn -0.8498 0.5131 0.1210
vn -0.8519 0.5221 -0.0405
vn -0.9642 0.2613 -0.0455
vn -0.9584 0.2596 0.1186
vn -0.3517 0.9283 0.1211
vn -0.3087 0.9511 -0.0139
vn -0.6160 0.4792 0.6252
vn -0.2210 0.8620 0.4562
vn -0.7204 0.1949 0.6656
vn -0.2234 -0.2367 0.9456
vn -0.2356 -0.2246 0.9455
vn -0.1763 0.0437 0.9834
vn -0.1462 0.0395 0.9885
vn -0.3409 -0.7864 0.5151
vn -0.2889 -0.8206 0.4932
vn -0.7716 -0.1060 0.6272
vn -0.6201 -0.6373 0.4575
vn -0.7189 0.1945 0.6673
vn 0.9833 0.0823 0.1621
vn 0.7654 0.1512 0.6255
vn 0.7308 -0.1501 0.6659
vn 0.9662 -0.1983 0.1649
vn 0.7167 0.6835 0.1383
vn 0.5841 0.6712 0.4564
vn 0.1593 0.9813 0.1076
vn 0.0937 0.8518 0.5155
vn 0.1093 0.8601 0.4983
vn 0.2068 0.9730 0.1025
vn 0.1749 0.9846 0.0085
vn 0.2018 0.9793 0.0160
vn -0.3494 -0.9333 0.0833
vn -0.2508 -0.9650 0.0762
vn -0.3367 -0.9415 -0.0158
vn -0.2425 -0.9701 -0.0080
vn -0.7662 -0.6343 0.1028
vn -0.7453 -0.6658 -0.0353
vn -0.2251 -0.9743 -0.0023
vn -0.1098 -0.9889 0.0998
vn 0.3866 -0.9118 0.1388
vn 0.2681 -0.8479 0.4573
vn -0.0478 -0.8558 0.5151
vn -0.2112 -0.9731 0.0926
vn -0.1814 -0.8358 0.5182
vn -0.2361 -0.9668 0.0979
vn -0.2786 -0.7971 0.5358
vn 0.2494 0.9684 0.0068
vn 0.2227 0.9747 0.0165
vn 0.2940 0.9506 0.0998
vn 0.2981 0.8034 0.5154
vn 0.2238 0.9695 0.0996
vn 0.1811 0.8347 0.5201
vn 0.1980 0.9735 0.1148
vn 0.0840 0.8422 0.5325
vn 0.0936 -0.3119 0.9455
vn 0.6417 -0.4417 0.6270
vn 0.7296 -0.1499 0.6672
vn 0.1484 -0.0306 0.9884
vn -0.0578 -0.2665 0.9621
vn -0.2249 -0.2163 0.9501
vn -0.1118 0.2998 0.9474
vn 0.0574 0.2644 0.9627
vn -0.1773 0.0439 0.9832
vn -0.1111 0.3031 0.9465
vn -0.1772 0.0439 0.9832
vn -0.1768 0.0438 0.9833
vn 0.2113 0.2484 0.9453
vn 0.1492 -0.0307 0.9883
vn 0.1488 -0.0306 0.9884
vn 0.7302 -0.1500 0.6666
vn 0.8704 -0.4646 0.1631
vn 0.9660 -0.1983 0.1657
vn 0.9661 -0.1983 0.1653
vn -0.9987 -0.0175 -0.0477
vn -0.9642 0.2612 -0.0455
vn -0.0776 0.3169 0.9453
vn -0.1472 0.0398 0.9883
vn -0.1467 0.0396 0.9884
vn -0.7196 0.1947 0.6665
vn -0.9930 -0.0236 0.1160
vn -0.9583 0.2596 0.1196
vn -0.9584 0.2596 0.1191
vn -0.8740 0.4580 0.1621
vn -0.9673 0.1929 0.1650
vn -0.3949 0.9083 0.1383
vn -0.6464 0.4368 0.6256
vn -0.2775 0.8454 0.4564
vn -0.7316 0.1457 0.6660
vn -0.2074 -0.2510 0.9455
vn -0.0504 -0.2679 0.9621
vn -0.1487 0.0295 0.9884
vn -0.2882 -0.8072 0.5152
vn -0.1580 -0.8405 0.5182
vn -0.7628 -0.1576 0.6271
vn -0.5763 -0.6772 0.4574
vn -0.7305 0.1455 0.6673
vn 0.9765 0.1528 0.1519
vn 0.7559 0.1925 0.6258
vn 0.7376 -0.1105 0.6661
vn 0.9738 -0.1457 0.1744
vn 0.6705 0.7362 0.0920
vn 0.5466 0.7020 0.4566
vn 0.9934 0.1147 -0.0062
vn 0.6879 0.7245 -0.0450
vn 0.9890 -0.1479 0.0092
vn 0.0981 0.9902 0.0998
vn 0.0373 0.8561 0.5154
vn 0.1579 0.8394 0.5200
vn 0.1840 0.9785 0.0927
vn -0.2827 -0.9540 0.0998
vn -0.1840 -0.9786 0.0926
vn -0.7103 -0.6901 0.1388
vn 0.4193 -0.9062 0.0551
vn -0.0628 -0.9962 0.0612
vn -0.1269 -0.9908 0.0470
vn -0.1404 -0.9900 0.0163
vn -0.0557 -0.9852 0.1623
vn 0.4414 -0.8756 0.1959
vn 0.3138 -0.8322 0.4572
vn -0.0011 -0.8571 0.5151
vn -0.0671 -0.9875 0.1424
vn -0.0822 -0.8323 0.5483
vn -0.0886 -0.9905 0.1052
vn -0.0791 -0.8682 0.4898
vn 0.2368 0.9697 -0.0601
vn 0.1266 0.9908 -0.0470
vn 0.1401 0.9900 -0.0163
vn 0.2418 0.9695 0.0400
vn 0.2538 0.8185 0.5154
vn 0.0510 0.9975 0.0490
vn -0.0209 0.8620 0.5064
vn 0.0681 0.9951 0.0713
vn -0.0231 0.8522 0.5227
vn 0.1105 -0.3063 0.9455
vn 0.6647 -0.4064 0.6269
vn 0.7367 -0.1103 0.6671
vn 0.1499 -0.0225 0.9884
vn -0.1054 -0.2357 0.9661
vn -0.0988 0.0163 0.9950
vn -0.1033 -0.2822 0.9538
vn -0.0987 0.0163 0.9950
vn -0.0845 0.2661 0.9602
vn -0.0875 0.3040 0.9486
vn -0.0992 0.0163 0.9949
vn -0.0992 0.0164 0.9949
vn 0.0500 0.2660 0.9627
vn -0.0990 0.0163 0.9950
vn 0.1973 0.2596 0.9454
vn 0.1505 -0.0226 0.9883
vn 0.1502 -0.0225 0.9884
vn 0.7372 -0.1104 0.6666
vn 0.9027 -0.4295 0.0273
vn 0.8971 -0.4000 0.1879
vn 0.9737 -0.1457 0.1750
vn 0.9738 -0.1457 0.1747
vn -0.0982 0.3110 0.9453
vn -0.1494 0.0297 0.9883
vn -0.1490 0.0296 0.9884
vn -0.7310 0.1456 0.6666
vn -0.9825 -0.0898 0.1631
vn -0.9671 0.1928 0.1657
vn -0.9672 0.1929 0.1654
vn -0.9008 0.3866 0.1978
vn -0.9021 0.4297 0.0413
vn -0.9895 0.1437 0.0134
vn -0.9737 0.1413 0.1787
vn -0.4506 0.8643 0.2234
vn -0.4216 0.9032 0.0809
vn -0.6682 0.4024 0.6258
vn -0.3209 0.8298 0.4566
vn -0.7381 0.1070 0.6662
vn -0.1941 -0.2615 0.9455
vn -0.1521 -0.2794 0.9480
vn -0.1646 0.0217 0.9861
vn -0.1500 0.0217 0.9884
vn -0.2459 -0.8210 0.5152
vn -0.0617 -0.8741 0.4818
vn -0.7536 -0.1974 0.6270
vn -0.5402 -0.7064 0.4573
vn -0.7371 0.1069 0.6672
vn 0.9708 0.1767 0.1624
vn 0.7469 0.2244 0.6259
vn 0.7415 -0.0793 0.6663
vn 0.9807 -0.1047 0.1651
vn 0.6472 0.7496 0.1384
vn 0.5159 0.7247 0.4567
vn 0.0463 0.9802 0.1927
vn -0.0071 0.8569 0.5154
vn -0.1022 0.8532 0.5115
vn 0.0110 0.9877 0.1559
vn 0.0534 0.9945 0.0903
vn 0.0962 0.9931 0.0667
vn -0.2325 -0.9725 0.0115
vn -0.0424 -0.9990 0.0165
vn -0.2279 -0.9696 -0.0894
vn -0.0965 -0.9931 -0.0667
vn -0.6615 -0.7467 0.0694
vn -0.6878 -0.7228 -0.0669
vn -0.0847 -0.9962 -0.0210
vn -0.0134 -0.9949 0.0998
vn 0.4726 -0.8703 0.1387
vn 0.3488 -0.8181 0.4572
vn 0.0354 -0.8564 0.5152
vn -0.1126 -0.9893 0.0926
vn -0.0967 -0.8496 0.5185
vn -0.0243 -0.9964 0.0812
vn -0.0854 -0.8260 0.5572
vn 0.0844 0.9962 0.0210
vn 0.2004 0.9746 0.0998
vn 0.2186 0.8286 0.5154
vn 0.1126 0.9893 0.0927
vn 0.0966 0.8489 0.5197
vn -0.0055 0.9934 0.1147
vn -0.0904 0.8572 0.5070
vn 0.1235 -0.3014 0.9455
vn 0.6813 -0.3779 0.6268
vn 0.7407 -0.0792 0.6671
vn 0.1507 -0.0162 0.9884
vn -0.0308 -0.2706 0.9622
vn -0.1584 -0.2270 0.9609
vn -0.1614 0.3062 0.9382
vn 0.0306 0.2692 0.9626
vn -0.1653 0.0218 0.9860
vn -0.1614 0.2691 0.9495
vn -0.1652 0.0218 0.9860
vn -0.1650 0.0217 0.9861
vn -0.1649 0.0217 0.9861
vn 0.1859 0.2678 0.9454
vn 0.1512 -0.0162 0.9884
vn 0.1510 -0.0162 0.9884
vn 0.7411 -0.0792 0.6667
vn 0.9110 -0.3788 0.1630
vn 0.9806 -0.1047 0.1656
vn 0.9807 -0.1047 0.1653
vn -0.9936 -0.1130 -0.0083
vn -0.1141 0.3054 0.9454
vn -0.1506 0.0218 0.9884
vn -0.1503 0.0217 0.9884
vn -0.7376 0.1070 0.6667
vn -0.9751 -0.1671 0.1457
vn -0.9736 0.1413 0.1794
vn -0.9736 0.1413 0.1790
vn -0.9129 0.3745 0.1624
vn -0.9810 0.1014 0.1651
vn -0.4775 0.8677 0.1384
vn -0.6840 0.3747 0.6260
vn -0.3543 0.8160 0.4567
vn -0.7417 0.0766 0.6664
vn 0.1265 -0.2959 0.9468
vn 0.1705 -0.2956 0.9400
vn 0.1976 -0.0209 0.9801
vn 0.1774 -0.0175 0.9840
vn -0.0276 -0.8356 0.5487
vn 0.0110 -0.8869 0.4618
vn -0.7450 -0.2281 0.6269
vn -0.5110 -0.7279 0.4572
vn -0.7410 0.0765 0.6672
vn 0.9644 0.2086 0.1624
vn 0.7390 0.2489 0.6261
vn 0.7436 -0.0548 0.6664
vn 0.9836 -0.0724 0.1652
vn 0.6220 0.7706 0.1385
vn 0.4915 0.7415 0.4568
vn 0.0288 0.9927 0.1171
vn 0.1416 0.8239 0.5488
vn 0.1810 0.8676 0.4632
vn 0.0731 0.9930 0.0928
vn -0.0690 0.9976 0.0052
vn 0.0123 0.9998 0.0155
vn -0.1519 -0.9819 0.1132
vn -0.0830 -0.9938 0.0743
vn -0.6430 -0.7532 0.1387
vn 0.0197 -0.9948 0.0998
vn 0.5011 -0.8542 0.1387
vn 0.3758 -0.8061 0.4572
vn 0.0640 -0.8547 0.5152
vn -0.0675 -0.9939 0.0875
vn -0.0020 -0.8645 0.5026
vn -0.0867 -0.9909 0.1029
vn -0.0731 -0.8349 0.5455
vn 0.1103 0.9939 0.0051
vn 0.1173 0.9930 0.0155
vn 0.1677 0.9808 0.0998
vn 0.1908 0.8355 0.5153
vn 0.1018 0.9904 0.0933
vn 0.1344 0.8534 0.5036
vn 0.0953 0.9886 0.1169
vn 0.0730 0.8343 0.5465
vn 0.1336 -0.2971 0.9455
vn 0.6935 -0.3552 0.6267
vn 0.7430 -0.0548 0.6671
vn 0.1512 -0.0112 0.9884
vn 0.1051 -0.2822 0.9536
vn 0.1304 -0.0108 0.9914
vn -0.0232 -0.2650 0.9640
vn 0.0001 0.0014 1.0000
vn 0.0232 0.2659 0.9637
vn 0.1486 0.2603 0.9540
vn 0.1307 -0.0108 0.9914
vn 0.2245 0.2531 0.9410
vn 0.1982 -0.0210 0.9799
vn 0.1306 -0.0108 0.9914
vn 0.1979 -0.0209 0.9800
vn 0.1768 0.2738 0.9454
vn 0.1516 -0.0112 0.9884
vn 0.1514 -0.0112 0.9884
vn 0.7433 -0.0548 0.6667
vn 0.9230 -0.3485 0.1629
vn 0.9835 -0.0724 0.1656
vn 0.9836 -0.0724 0.1654
vn 0.1841 0.2650 0.9465
vn 0.1779 -0.0175 0.9839
vn 0.1776 -0.0175 0.9839
vn -0.7413 0.0765 0.6668
vn -0.9698 -0.1813 0.1630
vn -0.9810 0.1014 0.1656
vn -0.9810 0.1014 0.1654
vn -0.9244 0.3452 0.1624
vn -0.9838 0.0698 0.1652
vn -0.5049 0.8520 0.1385
vn -0.6955 0.3526 0.6261
vn -0.3801 0.8043 0.4567
vn -0.7437 0.0527 0.6664
vn -0.1748 -0.2748 0.9455
vn -0.0178 -0.2715 0.9623
vn -0.1512 0.0107 0.9884
vn -0.1859 -0.8366 0.5153
vn -0.0560 -0.8531 0.5187
vn -0.7373 -0.2519 0.6269
vn -0.4874 -0.7438 0.4573
vn -0.7431 0.0527 0.6672
vn 0.9587 0.2335 0.1626
vn 0.7321 0.2679 0.6263
vn 0.7445 -0.0358 0.6667
vn 0.9851 -0.0473 0.1654
vn 0.6018 0.7865 0.1385
vn 0.4722 0.7539 0.4569
vn -0.0254 0.9947 0.0998
vn -0.0690 0.8542 0.5153
vn 0.0560 0.8526 0.5196
vn 0.0833 0.9932 0.0810
vn 0.1183 0.9929 -0.0117
vn -0.1622 -0.9817 0.0999
vn -0.0652 -0.9936 0.0927
vn -0.6185 -0.7734 0.1388
vn 0.0454 -0.9940 0.0998
vn 0.5228 -0.8411 0.1387
vn 0.3964 -0.7962 0.4571
vn 0.0861 -0.8527 0.5152
vn -0.0711 -0.9925 0.0996
vn -0.1402 -0.8340 0.5337
vn -0.0727 -0.9937 0.0856
vn -0.1394 -0.8572 0.4958
vn 0.0002 0.9999 -0.0106
vn 0.0595 0.9980 -0.0223
vn 0.1423 0.9848 0.0998
vn 0.1691 0.8401 0.5153
vn 0.0186 0.9957 0.0907
vn -0.0535 0.8437 0.5342
vn 0.0435 0.9971 0.0617
vn -0.0391 0.8668 0.4971
vn 0.1412 -0.2935 0.9455
vn 0.7024 -0.3374 0.6268
vn 0.7441 -0.0358 0.6671
vn 0.1515 -0.0073 0.9884
vn -0.1819 -0.2552 0.9496
vn -0.1767 0.0097 0.9842
vn -0.1881 -0.2619 0.9466
vn -0.1571 0.2797 0.9471
vn -0.1550 0.2729 0.9495
vn -0.1771 0.0097 0.9842
vn 0.0178 0.2706 0.9625
vn -0.1769 0.0097 0.9842
vn 0.1696 0.2782 0.9454
vn 0.1518 -0.0073 0.9884
vn 0.1516 -0.0073 0.9884
vn 0.7443 -0.0358 0.6669
vn 0.9316 -0.3249 0.1629
vn 0.9851 -0.0473 0.1656
vn 0.9851 -0.0473 0.1655
vn -0.1357 0.2964 0.9454
vn -0.1516 0.0107 0.9884
vn -0.1514 0.0107 0.9884
vn -0.7434 0.0527 0.6668
vn -0.9635 -0.2122 0.1630
vn -0.9837 0.0698 0.1656
vn -0.9837 0.0698 0.1654
vn -0.9326 0.3221 0.1625
vn -0.9852 0.0453 0.1653
vn -0.5258 0.8393 0.1385
vn -0.6943 0.3280 0.6406
vn -0.3953 0.7844 0.4779
vn -0.7386 0.0406 0.6729
vn -0.1680 -0.2790 0.9455
vn -0.1188 -0.2681 0.9560
vn -0.1108 0.0044 0.9938
vn -0.1515 0.0069 0.9884
vn -0.1654 -0.8409 0.5153
vn -0.0922 -0.8579 0.5055
vn -0.7310 -0.2700 0.6267
vn -0.4692 -0.7555 0.4572
vn -0.7443 0.0342 0.6670
vn 0.9540 0.2520 0.1626
vn 0.7268 0.2821 0.6263
vn 0.7451 -0.0213 0.6666
vn 0.9858 -0.0282 0.1653
vn 0.5864 0.7981 0.1385
vn 0.4573 0.7630 0.4569
vn -0.0497 0.9938 0.0998
vn -0.0845 0.8299 0.5515
vn -0.0254 0.8419 0.5390
vn 0.0322 0.9956 0.0883
vn -0.1381 -0.9854 0.0998
vn -0.0511 -0.9948 0.0883
vn -0.5993 -0.7884 0.1387
vn 0.0442 -0.9932 0.1076
vn 0.5393 -0.8307 0.1387
vn 0.4119 -0.7882 0.4571
vn 0.0017 -0.8427 0.5384
vn -0.0373 -0.9960 0.0808
vn -0.0664 -0.8724 0.4843
vn -0.0364 -0.9942 0.1013
vn -0.0307 -0.8400 0.5417
vn 0.1021 0.9889 0.1076
vn 0.0507 0.8411 0.5384
vn 0.0258 0.9964 0.0808
vn -0.0112 0.8745 0.4850
vn 0.0364 0.9942 0.1014
vn 0.0289 0.8320 0.5540
vn -0.0327 -0.2857 0.9578
vn 0.7089 -0.3236 0.6267
vn 0.7448 -0.0213 0.6670
vn -0.0378 0.0013 0.9993
vn -0.0867 -0.2753 0.9575
vn -0.0792 0.0019 0.9969
vn -0.0098 -0.2669 0.9637
vn -0.0000 0.0007 1.0000
vn 0.0072 0.2546 0.9670
vn -0.0693 0.2786 0.9579
vn -0.0002 0.0080 1.0000
vn -0.0793 0.0019 0.9969
vn -0.0996 0.2354 0.9668
vn -0.1107 0.0264 0.9935
vn -0.1109 0.0044 0.9938
vn -0.0161 0.2874 0.9577
vn 0.7450 -0.0213 0.6668
vn 0.9378 -0.3065 0.1628
vn 0.9858 -0.0281 0.1655
vn 0.9858 -0.0281 0.1654
vn -0.1208 0.2500 0.9607
vn -0.1385 0.0283 0.9900
vn -0.1516 0.0069 0.9884
vn -0.7445 0.0342 0.6668
vn -0.9580 -0.2360 0.1628
vn -0.9852 0.0453 0.1655
vn -0.9852 0.0453 0.1654
vn -0.9385 0.3046 0.1626
vn -0.9859 0.0266 0.1653
vn -0.5413 0.8293 0.1386
vn -0.7099 0.3221 0.6263
vn -0.4142 0.7872 0.4569
vn -0.7451 0.0201 0.6667
vn -0.1628 -0.2821 0.9455
vn -0.1115 -0.2702 0.9563
vn -0.1082 0.0024 0.9941
vn -0.1516 0.0041 0.9884
vn -0.1497 -0.8439 0.5152
vn -0.0756 -0.8593 0.5059
vn -0.7257 -0.2838 0.6267
vn -0.4549 -0.7643 0.4572
vn -0.7447 0.0201 0.6671
vn 0.9502 0.2658 0.1626
vn 0.7226 0.2926 0.6263
vn 0.7452 -0.0107 0.6667
vn 0.9861 -0.0141 0.1653
vn 0.5748 0.8065 0.1386
vn 0.4460 0.7696 0.4569
vn -0.0681 0.9927 0.0998
vn -0.1056 0.8505 0.5153
vn -0.0346 0.8616 0.5064
vn 0.0147 0.9960 0.0884
vn -0.1198 -0.9878 0.0998
vn -0.0331 -0.9955 0.0884
vn -0.5844 -0.7996 0.1387
vn 0.0792 -0.9918 0.0998
vn 0.5511 -0.8228 0.1387
vn 0.4232 -0.7823 0.4571
vn 0.1151 -0.8493 0.5153
vn -0.0165 -0.9956 0.0926
vn -0.0141 -0.8547 0.5189
vn -0.0311 -0.9948 0.0969
vn -0.0748 -0.8454 0.5289
vn 0.1086 0.9891 0.0998
vn 0.1403 0.8455 0.5153
vn 0.0165 0.9956 0.0927
vn 0.0141 0.8545 0.5193
vn 0.0090 0.9953 0.0969
vn -0.0410 0.8473 0.5295
vn 0.1512 -0.2885 0.9455
vn 0.7135 -0.3134 0.6266
vn 0.7450 -0.0107 0.6670
vn 0.1517 -0.0022 0.9884
vn -0.0045 -0.2718 0.9623
vn -0.1088 -0.2661 0.9578
vn -0.0983 0.2700 0.9578
vn 0.0045 0.2714 0.9625
vn -0.1084 0.0025 0.9941
vn -0.0987 0.2744 0.9565
vn -0.1084 0.0024 0.9941
vn -0.1083 0.0024 0.9941
vn 0.1599 0.2840 0.9454
vn 0.1518 -0.0022 0.9884
vn 0.7451 -0.0107 0.6669
vn 0.9421 -0.2931 0.1628
vn 0.9861 -0.0141 0.1655
vn 0.9861 -0.0141 0.1654
vn -0.1481 0.2902 0.9454
vn -0.1518 0.0041 0.9884
vn -0.1517 0.0041 0.9884
vn -0.7449 0.0201 0.6669
vn -0.9534 -0.2541 0.1629
vn -0.9858 0.0266 0.1656
vn -0.9859 0.0266 0.1654
vn -0.9426 0.2918 0.1627
vn -0.9861 0.0130 0.1654
vn -0.5525 0.8219 0.1386
vn -0.7142 0.3123 0.6264
vn -0.4248 0.7815 0.4570
vn -0.7452 0.0098 0.6668
vn -0.1590 -0.2842 0.9455
vn -0.0030 -0.2718 0.9624
vn -0.1517 0.0020 0.9884
vn -0.1383 -0.8458 0.5153
vn -0.0095 -0.8547 0.5190
vn -0.7218 -0.2937 0.6267
vn -0.4444 -0.7704 0.4572
vn -0.7450 0.0098 0.6670
vn 0.9476 0.2750 0.1626
vn 0.7196 0.2996 0.6264
vn 0.7453 -0.0034 0.6668
vn 0.9862 -0.0045 0.1654
vn 0.5669 0.8121 0.1385
vn 0.4385 0.7739 0.4569
vn -0.0815 0.9917 0.0998
vn -0.1171 0.8490 0.5153
vn 0.0095 0.8545 0.5193
vn 0.0111 0.9956 0.0927
vn -0.1064 -0.9893 0.0998
vn -0.0111 -0.9956 0.0927
vn -0.5734 -0.8075 0.1387
vn 0.0891 -0.9910 0.0998
vn 0.5591 -0.8174 0.1386
vn 0.4309 -0.7781 0.4570
vn 0.1235 -0.8481 0.5153
vn -0.0249 -0.9947 0.0995
vn -0.0995 -0.8399 0.5336
vn -0.0225 -0.9961 0.0858
vn -0.0944 -0.8627 0.4969
vn 0.0989 0.9901 0.0998
vn 0.1319 0.8468 0.5153
vn -0.0129 0.9950 0.0995
vn -0.0895 0.8409 0.5338
vn -0.0056 0.9963 0.0858
vn -0.0801 0.8639 0.4973
vn 0.1540 -0.2870 0.9455
vn 0.7166 -0.3064 0.6266
vn 0.7451 -0.0035 0.6669
vn 0.1517 -0.0007 0.9884
vn -0.1662 -0.2636 0.9502
vn -0.1728 0.0012 0.9850
vn -0.1708 -0.2703 0.9475
vn -0.1665 0.2723 0.9477
vn -0.1632 0.2657 0.9501
vn -0.1730 0.0012 0.9849
vn 0.0030 0.2714 0.9625
vn -0.1729 0.0012 0.9849
vn 0.1570 0.2855 0.9454
vn 0.1518 -0.0007 0.9884
vn 0.7452 -0.0034 0.6669
vn 0.9449 -0.2839 0.1628
vn 0.9862 -0.0045 0.1655
vn -0.1520 0.2882 0.9454
vn -0.1518 0.0020 0.9884
vn -0.7451 0.0098 0.6669
vn -0.9498 -0.2671 0.1628
vn -0.9861 0.0130 0.1655
vn -0.9452 0.2831 0.1627
vn -0.9862 0.0039 0.1655
vn -0.5600 0.8168 0.1386
vn -0.7170 0.3058 0.6265
vn -0.4318 0.7776 0.4570
vn -0.7452 0.0029 0.6669
vn -0.1565 -0.2857 0.9455
vn 0.1520 -0.2658 0.9520
vn 0.1602 -0.0003 0.9871
vn -0.1517 0.0006 0.9884
vn -0.1307 -0.8470 0.5153
vn 0.0849 -0.8419 0.5328
vn -0.7192 -0.3004 0.6266
vn -0.4374 -0.7744 0.4571
vn -0.7451 0.0029 0.6669
vn 0.9459 0.2808 0.1626
vn 0.7177 0.3041 0.6264
vn 0.7453 0.0011 0.6668
vn 0.9862 0.0015 0.1654
vn 0.5619 0.8155 0.1386
vn 0.4338 0.7766 0.4569
vn -0.0905 0.9909 0.0998
vn -0.1247 0.8479 0.5153
vn 0.0895 0.8414 0.5330
vn 0.0199 0.9949 0.0990
vn -0.0975 -0.9902 0.0998
vn 0.0146 -0.9950 0.0989
vn -0.5660 -0.8127 0.1386
vn 0.0414 -0.9924 0.1158
vn 0.5641 -0.8140 0.1386
vn 0.4356 -0.7754 0.4571
vn -0.0962 -0.8289 0.5510
vn -0.0267 -0.9967 0.0769
vn -0.1915 -0.8665 0.4610
vn 0.0121 -0.9962 0.0863
vn 0.0800 -0.8630 0.4988
vn 0.0389 0.9925 0.1158
vn -0.0984 0.8287 0.5510
vn -0.0276 0.9967 0.0769
vn -0.1926 0.8662 0.4611
vn 0.0142 0.9962 0.0863
vn 0.0820 0.8627 0.4991
vn -0.2136 -0.2788 0.9363
vn 0.7185 -0.3020 0.6266
vn 0.7451 0.0011 0.6669
vn -0.2405 -0.0002 0.9707
vn -0.3756 -0.2597 0.8896
vn -0.3779 -0.0004 0.9258
vn 0.1558 -0.2720 0.9496
vn 0.1565 0.2712 0.9497
vn -0.3762 0.2587 0.8897
vn 0.1603 -0.0003 0.9871
vn -0.3781 -0.0004 0.9258
vn 0.1535 0.2650 0.9519
vn -0.3780 -0.0004 0.9258
vn -0.2144 0.2784 0.9362
vn -0.2406 -0.0002 0.9706
vn -0.2405 -0.0002 0.9706
vn 0.7452 0.0011 0.6669
vn 0.9467 -0.2781 0.1628
vn 0.9862 0.0015 0.1655
vn -0.1545 0.2868 0.9454
vn -0.1518 0.0006 0.9884
vn -0.9473 -0.2759 0.1628
vn -0.9469 0.2775 0.1627
vn -0.9862 -0.0021 0.1655
vn -0.5647 0.8136 0.1386
vn -0.7188 0.3015 0.6265
vn -0.4364 0.7750 0.4570
vn -0.7452 -0.0016 0.6669
vn 0.0638 -0.3517 0.9340
vn 0.1513 -0.1955 0.9690
vn 0.0816 0.0003 0.9967
vn -0.1517 -0.0003 0.9884
vn 0.2581 -0.8454 0.4676
vn 0.4201 -0.7225 0.5491
vn -0.7173 -0.3046 0.6266
vn -0.4329 -0.7770 0.4571
vn -0.7451 -0.0016 0.6670
vn 0.9437 0.2881 0.1626
vn 0.7154 0.3095 0.6264
vn 0.7452 0.0069 0.6668
vn 0.9862 0.0091 0.1654
vn 0.5557 0.8198 0.1385
vn 0.4279 0.7799 0.4569
vn -0.4389 0.8961 0.0656
vn -0.4897 0.6980 0.5225
vn -0.3410 0.8168 0.4654
vn -0.3129 0.9497 0.0093
vn -0.2164 0.9760 -0.0229
vn -0.1353 0.9878 -0.0768
vn 0.2269 -0.9668 0.1174
vn 0.3578 -0.9192 0.1642
vn 0.0397 -0.9989 0.0234
vn 0.1351 -0.9878 0.0768
vn -0.5612 -0.8160 0.1386
vn -0.0443 -0.9986 0.0276
vn -0.0426 -0.9958 0.0805
vn 0.1026 -0.9897 0.0998
vn 0.5702 -0.8097 0.1386
vn 0.4415 -0.7721 0.4571
vn 0.1350 -0.8463 0.5153
vn -0.1389 -0.9833 0.1176
vn -0.1689 -0.8566 0.4876
vn -0.1376 -0.9750 0.1746
vn -0.1252 -0.8332 0.5386
vn 0.0444 0.9986 -0.0276
vn 0.0427 0.9958 -0.0805
vn 0.0853 0.9913 0.0998
vn 0.1203 0.8485 0.5153
vn 0.1483 0.9868 0.0644
vn 0.1659 0.8221 0.5447
vn 0.1458 0.9893 0.0017
vn 0.2102 0.8547 0.4747
vn 0.1579 -0.2848 0.9455
vn 0.7207 -0.2965 0.6267
vn 0.7450 0.0069 0.6670
vn 0.1517 0.0014 0.9884
vn -0.0688 -0.3027 0.9506
vn 0.0370 -0.2404 0.9700
vn 0.1472 0.3017 0.9420
vn 0.0419 0.2384 0.9703
vn 0.0817 0.0003 0.9967
vn -0.1410 0.3281 0.9340
vn 0.1531 0.2876 0.9454
vn 0.1518 0.0014 0.9884
vn 0.7451 0.0069 0.6669
vn 0.9488 -0.2709 0.1628
vn 0.9862 0.0091 0.1655
vn -0.2277 0.2111 0.9506
vn -0.1518 -0.0003 0.9884
vn -0.7451 -0.0016 0.6669
vn -0.9456 -0.2816 0.1628
vn -0.9491 0.2697 0.1627
vn -0.9862 -0.0101 0.1654
vn -0.5714 0.8088 0.1386
vn -0.7212 0.2956 0.6265
vn -0.4429 0.7714 0.4570
vn -0.7452 -0.0076 0.6668
vn -0.1524 -0.2879 0.9455
vn 0.0033 -0.2718 0.9624
vn -0.1517 -0.0016 0.9884
vn -0.1186 -0.8488 0.5153
vn 0.0104 -0.8547 0.5189
vn -0.7148 -0.3105 0.6267
vn -0.4264 -0.7805 0.4571
vn -0.7450 -0.0076 0.6670
vn 0.9378 0.3177 0.1398
vn 0.7118 0.3180 0.6263
vn 0.7451 0.0159 0.6667
vn 0.9863 0.0211 0.1639
vn 0.5380 0.8390 0.0814
vn 0.4187 0.7848 0.4568
vn 0.9597 0.2805 -0.0182
vn 0.5527 0.8314 -0.0572
vn 0.9998 0.0214 -0.0015
vn -0.1046 0.9895 0.0998
vn -0.1368 0.8460 0.5153
vn -0.0104 0.8545 0.5193
vn -0.0298 0.9943 0.1021
vn -0.0643 0.9979 0.0093
vn -0.0834 -0.9915 0.0998
vn 0.0121 -0.9956 0.0927
vn -0.5544 -0.8206 0.1387
vn 0.5633 -0.8244 0.0554
vn 0.1069 -0.9920 0.0669
vn 0.0481 -0.9976 0.0493
vn 0.0445 -0.9989 0.0156
vn 0.1139 -0.9791 0.1682
vn 0.5881 -0.7849 0.1949
vn 0.4506 -0.7668 0.4572
vn 0.1450 -0.8447 0.5153
vn 0.1098 -0.9841 0.1394
vn 0.1814 -0.8391 0.5129
vn 0.1113 -0.9877 0.1101
vn 0.1661 -0.8428 0.5119
vn 0.2031 0.9775 -0.0564
vn 0.0918 0.9956 -0.0190
vn -0.0941 0.9955 0.0136
vn 0.1215 0.9916 0.0436
vn 0.1104 0.8499 0.5153
vn -0.0363 0.9970 0.0687
vn -0.0500 0.8702 0.4902
vn -0.1021 0.9885 0.1117
vn -0.0220 0.8351 0.5496
vn 0.1613 -0.2830 0.9455
vn 0.7242 -0.2878 0.6267
vn 0.7449 0.0159 0.6670
vn 0.1517 0.0032 0.9884
vn 0.1621 -0.2510 0.9543
vn 0.1348 0.0023 0.9909
vn 0.1621 -0.2789 0.9465
vn 0.1347 0.0023 0.9909
vn 0.1020 0.2526 0.9622
vn 0.0914 0.2918 0.9521
vn 0.1349 0.0024 0.9909
vn -0.0033 0.2714 0.9625
vn 0.1498 0.2894 0.9454
vn 0.1519 0.0032 0.9884
vn 0.1518 0.0032 0.9884
vn 0.7450 0.0159 0.6669
vn 0.9619 -0.2728 0.0197
vn 0.9998 0.0213 -0.0015
vn 0.9542 -0.2402 0.1785
vn 0.9862 0.0210 0.1640
vn 0.9862 0.0211 0.1640
vn -0.1587 0.2846 0.9454
vn -0.1518 -0.0016 0.9884
vn -0.7451 -0.0076 0.6669
vn -0.9433 -0.2893 0.1628
vn -0.9861 -0.0101 0.1656
vn -0.9862 -0.0100 0.1655
vn -0.9524 0.2577 0.1626
vn -0.9860 -0.0224 0.1654
vn -0.5816 0.8016 0.1386
vn -0.7250 0.2865 0.6263
vn -0.4527 0.7657 0.4569
vn -0.7451 -0.0170 0.6667
vn -0.1487 -0.2898 0.9455
vn -0.1213 -0.2758 0.9535
vn -0.1320 -0.0036 0.9912
vn -0.1516 -0.0035 0.9884
vn -0.1078 -0.8502 0.5153
vn -0.0448 -0.8633 0.5026
vn -0.7108 -0.3194 0.6267
vn -0.4165 -0.7858 0.4571
vn -0.7448 -0.0170 0.6670
vn 0.9350 0.3151 0.1626
vn 0.7063 0.3300 0.6262
vn 0.7448 0.0285 0.6666
vn 0.9855 0.0378 0.1653
vn 0.5320 0.8354 0.1385
vn 0.4056 0.7917 0.4569
vn -0.1171 0.9881 0.0999
vn -0.1476 0.8442 0.5153
vn -0.0891 0.8596 0.5032
vn -0.0364 0.9955 0.0875
vn -0.0708 -0.9925 0.0998
vn 0.0143 -0.9961 0.0874
vn -0.5441 -0.8275 0.1387
vn 0.1307 -0.9864 0.0998
vn 0.5932 -0.7930 0.1386
vn 0.4634 -0.7592 0.4571
vn 0.1590 -0.8422 0.5152
vn 0.0455 -0.9951 0.0874
vn 0.0966 -0.8591 0.5026
vn 0.0298 -0.9942 0.1030
vn 0.0251 -0.8374 0.5460
vn 0.0571 0.9934 0.0998
vn 0.0962 0.8516 0.5153
vn -0.0234 0.9959 0.0875
vn 0.0373 0.8634 0.5032
vn -0.0297 0.9942 0.1031
vn -0.0250 0.8371 0.5464
vn 0.1659 -0.2802 0.9455
vn 0.7288 -0.2756 0.6268
vn 0.7444 0.0285 0.6671
vn 0.1516 0.0058 0.9884
vn 0.1376 -0.2680 0.9535
vn 0.1319 0.0043 0.9912
vn 0.0080 -0.2661 0.9639
vn -0.0080 0.2665 0.9638
vn 0.1191 0.2759 0.9538
vn 0.1321 0.0043 0.9912
vn -0.1355 0.2683 0.9538
vn -0.1322 -0.0036 0.9912
vn 0.1320 0.0043 0.9912
vn -0.1321 -0.0036 0.9912
vn 0.1450 0.2919 0.9454
vn 0.1519 0.0058 0.9884
vn 0.1517 0.0058 0.9884
vn 0.7446 0.0285 0.6669
vn 0.9561 -0.2434 0.1629
vn 0.9855 0.0378 0.1657
vn 0.9855 0.0378 0.1655
vn -0.1623 0.2826 0.9454
vn -0.1518 -0.0035 0.9884
vn -0.1517 -0.0035 0.9884
vn -0.7450 -0.0169 0.6669
vn -0.9396 -0.3011 0.1629
vn -0.9859 -0.0224 0.1656
vn -0.9860 -0.0224 0.1655
vn -0.9568 0.2409 0.1626
vn -0.9855 -0.0396 0.1653
vn -0.5957 0.7912 0.1385
vn -0.7300 0.2737 0.6262
vn -0.4661 0.7576 0.4569
vn -0.7448 -0.0300 0.6666
vn -0.1435 -0.2924 0.9455
vn -0.1250 -0.2784 0.9523
vn -0.1409 -0.0065 0.9900
vn -0.1515 -0.0061 0.9884
vn -0.0927 -0.8520 0.5152
vn -0.0333 -0.8646 0.5013
vn -0.7051 -0.3318 0.6267
vn -0.4026 -0.7931 0.4571
vn -0.7444 -0.0300 0.6670
vn 0.9277 0.3360 0.1625
vn 0.6989 0.3457 0.6261
vn 0.7441 0.0453 0.6665
vn 0.9844 0.0600 0.1652
vn 0.5133 0.8470 0.1384
vn 0.3879 0.8006 0.4567
vn -0.1439 0.9843 0.1020
vn -0.1625 0.8414 0.5154
vn -0.1094 0.8579 0.5021
vn -0.0654 0.9934 0.0938
vn -0.1555 0.9878 0.0022
vn -0.0720 0.9974 0.0061
vn -0.0533 -0.9936 0.0998
vn 0.0319 -0.9957 0.0871
vn -0.0465 -0.9989 -0.0000
vn -0.5295 -0.8369 0.1386
vn 0.1525 -0.9832 0.0998
vn 0.6109 -0.7795 0.1388
vn 0.4802 -0.7486 0.4572
vn 0.1777 -0.8384 0.5152
vn 0.0558 -0.9941 0.0927
vn 0.0479 -0.8536 0.5188
vn 0.0347 -0.9946 0.0982
vn -0.0339 -0.8465 0.5312
vn -0.0457 0.9990 0.0018
vn -0.0400 0.9992 0.0058
vn 0.0351 0.9944 0.0998
vn 0.0773 0.8535 0.5154
vn -0.0523 0.9941 0.0946
vn -0.0479 0.8531 0.5195
vn -0.0614 0.9927 0.1036
vn -0.1185 0.8384 0.5321
vn 0.1721 -0.2765 0.9455
vn 0.7348 -0.2592 0.6268
vn 0.7436 0.0453 0.6671
vn 0.1514 0.0092 0.9884
vn 0.0152 -0.2716 0.9623
vn -0.1210 -0.2730 0.9544
vn -0.1480 0.2593 0.9544
vn -0.0152 0.2708 0.9625
vn -0.1411 -0.0065 0.9900
vn -0.1493 0.2650 0.9526
vn -0.1410 -0.0065 0.9900
vn 0.1386 0.2950 0.9454
vn 0.1517 0.0092 0.9884
vn 0.1515 0.0092 0.9884
vn 0.7439 0.0453 0.6668
vn 0.9614 -0.2217 0.1629
vn 0.9844 0.0600 0.1656
vn 0.9844 0.0600 0.1654
vn -0.1673 0.2796 0.9454
vn -0.1518 -0.0061 0.9884
vn -0.1517 -0.0061 0.9884
vn -0.7446 -0.0300 0.6668
vn -0.9342 -0.3174 0.1628
vn -0.9854 -0.0396 0.1655
vn -0.9854 -0.0396 0.1654
vn -0.9622 0.2185 0.1625
vn -0.9843 -0.0624 0.1652
vn -0.6140 0.7770 0.1385
vn -0.7363 0.2566 0.6262
vn -0.4837 0.7465 0.4569
vn -0.7440 -0.0472 0.6665
vn -0.1366 -0.2957 0.9455
vn 0.0185 -0.2715 0.9623
vn -0.1513 -0.0096 0.9884
vn -0.0728 -0.8540 0.5152
vn 0.0582 -0.8530 0.5187
vn -0.6971 -0.3481 0.6267
vn -0.3840 -0.8023 0.4571
vn -0.7435 -0.0472 0.6671
vn 0.9176 0.3629 0.1624
vn 0.6886 0.3659 0.6260
vn 0.7426 0.0671 0.6664
vn 0.9823 0.0888 0.1652
vn 0.4885 0.8615 0.1384
vn 0.3647 0.8115 0.4567
vn -0.1575 0.9825 0.0998
vn -0.1821 0.8374 0.5153
vn -0.0582 0.8525 0.5195
vn -0.0678 0.9934 0.0927
vn -0.0300 -0.9946 0.0998
vn 0.0678 -0.9934 0.0926
vn -0.5099 -0.8490 0.1386
vn 0.1846 -0.9807 0.0641
vn 0.6334 -0.7613 0.1388
vn 0.5018 -0.7342 0.4573
vn 0.3155 -0.8531 0.4154
vn 0.0863 -0.9960 0.0228
vn 0.1733 -0.8529 0.4925
vn 0.0742 -0.9956 0.0575
vn 0.0170 -0.8872 0.4611
vn 0.0295 0.9958 0.0866
vn 0.2028 0.8645 0.4599
vn -0.0560 0.9923 0.1102
vn 0.0452 0.8285 0.5582
vn -0.0861 0.9924 0.0877
vn -0.1298 0.8537 0.5044
vn 0.4636 -0.2265 0.8566
vn 0.7420 -0.2375 0.6269
vn 0.7420 0.0670 0.6671
vn 0.4407 0.0391 0.8968
vn 0.2026 -0.2419 0.9489
vn 0.1928 0.0178 0.9811
vn -0.1019 -0.2820 0.9540
vn -0.1263 -0.0102 0.9919
vn -0.1438 0.2608 0.9546
vn 0.1599 0.2742 0.9483
vn -0.1267 -0.0103 0.9919
vn 0.1933 0.0179 0.9810
vn -0.0185 0.2705 0.9625
vn -0.1265 -0.0102 0.9919
vn 0.1931 0.0179 0.9810
vn 0.4183 0.3042 0.8559
vn 0.4418 0.0391 0.8963
vn 0.4413 0.0391 0.8965
vn 0.7423 0.0670 0.6667
vn 0.9675 -0.1936 0.1629
vn 0.9822 0.0888 0.1655
vn 0.9822 0.0888 0.1654
vn -0.9413 -0.3376 -0.0000
vn -0.1739 0.2756 0.9454
vn -0.1517 -0.0097 0.9884
vn -0.1515 -0.0096 0.9884
vn -0.7437 -0.0472 0.6668
vn -0.9265 -0.3391 0.1629
vn -0.9842 -0.0624 0.1656
vn -0.9842 -0.0624 0.1654
vn -0.9684 0.1894 0.1624
vn -0.9820 -0.0919 0.1651
vn -0.6373 0.7581 0.1384
vn -0.7439 0.2342 0.6259
vn -0.5063 0.7315 0.4567
vn -0.7424 -0.0695 0.6663
vn -0.1275 -0.2997 0.9455
vn 0.2032 -0.2447 0.9481
vn 0.1860 0.0194 0.9824
vn -0.1509 -0.0142 0.9884
vn -0.0469 -0.8558 0.5152
vn 0.1852 -0.8249 0.5341
vn -0.6863 -0.3689 0.6268
vn -0.3596 -0.8134 0.4572
vn -0.7418 -0.0695 0.6671
vn 0.9034 0.3969 0.1623
vn 0.6747 0.3914 0.6258
vn 0.7397 0.0949 0.6662
vn 0.9783 0.1256 0.1650
vn 0.4561 0.8791 0.1384
vn 0.3342 0.8245 0.4566
vn -0.1305 0.9874 0.0894
vn -0.2075 0.8315 0.5154
vn 0.0197 0.8447 0.5349
vn -0.0250 0.9974 0.0682
vn -0.0155 0.9998 -0.0115
vn 0.0630 0.9974 -0.0363
vn 0.0002 -0.9950 0.0998
vn 0.1194 -0.9878 0.1000
vn -0.4841 -0.8639 0.1387
vn 0.2172 -0.9710 0.0998
vn 0.6614 -0.7371 0.1387
vn 0.5288 -0.7151 0.4573
vn 0.2326 -0.8249 0.5152
vn 0.0985 -0.9901 0.1000
vn -0.0011 -0.8454 0.5341
vn 0.1089 -0.9910 0.0777
vn 0.0962 -0.8748 0.4749
vn -0.1783 0.9839 -0.0123
vn -0.1726 0.9843 -0.0372
vn -0.0306 0.9945 0.0998
vn 0.0209 0.8567 0.5154
vn -0.1554 0.9838 0.0897
vn -0.2032 0.8201 0.5349
vn -0.1366 0.9900 0.0349
vn -0.0960 0.8735 0.4772
vn 0.1899 -0.2645 0.9455
vn 0.7504 -0.2096 0.6269
vn 0.7388 0.0948 0.6672
vn 0.1504 0.0192 0.9884
vn -0.1450 -0.2832 0.9480
vn -0.1858 -0.0216 0.9824
vn 0.0309 -0.2808 0.9593
vn 0.0003 -0.0023 1.0000
vn -0.0302 0.2749 0.9610
vn -0.2091 0.2405 0.9479
vn 0.0002 -0.0023 1.0000
vn -0.1864 -0.0217 0.9822
vn 0.1517 0.2803 0.9478
vn 0.1866 0.0194 0.9822
vn -0.1861 -0.0216 0.9823
vn 0.1863 0.0194 0.9823
vn 0.1189 0.3036 0.9454
vn 0.1509 0.0193 0.9884
vn 0.1507 0.0193 0.9884
vn 0.7392 0.0948 0.6667
vn 0.9740 -0.1572 0.1630
vn 0.9782 0.1256 0.1657
vn 0.9782 0.1256 0.1654
vn -0.1823 0.2702 0.9454
vn -0.1514 -0.0142 0.9884
vn -0.1512 -0.0142 0.9884
vn -0.7421 -0.0695 0.6667
vn -0.9159 -0.3667 0.1629
vn -0.9819 -0.0919 0.1655
vn -0.9819 -0.0919 0.1653
vn -0.9750 0.1519 0.1623
vn -0.9777 -0.1295 0.1650
vn -0.6662 0.7328 0.1384
vn -0.7525 0.2053 0.6258
vn -0.5344 0.7113 0.4566
vn -0.7393 -0.0980 0.6662
vn -0.1157 -0.3045 0.9455
vn 0.2286 -0.2330 0.9452
vn 0.2020 0.0295 0.9789
vn -0.1502 -0.0200 0.9884
vn -0.0135 -0.8570 0.5151
vn 0.2279 -0.8136 0.5350
vn -0.6715 -0.3952 0.6269
vn -0.3277 -0.8268 0.4572
vn -0.7385 -0.0979 0.6671
vn 0.8834 0.4396 0.1621
vn 0.6554 0.4232 0.6256
vn 0.7345 0.1303 0.6660
vn 0.9711 0.1725 0.1649
vn 0.4137 0.8998 0.1383
vn 0.2950 0.8394 0.4565
vn 0.4065 0.9136 -0.0000
vn -0.2253 0.9692 0.0998
vn -0.2398 0.8227 0.5154
vn -0.0038 0.8443 0.5358
vn -0.1156 0.9882 0.1008
vn 0.0389 -0.9942 0.0998
vn 0.1614 -0.9817 0.1007
vn -0.4502 -0.8821 0.1387
vn 0.1915 -0.9742 0.1192
vn 0.6958 -0.7047 0.1388
vn 0.5622 -0.6890 0.4573
vn -0.0096 -0.8342 0.5514
vn 0.1340 -0.9883 0.0733
vn -0.0864 -0.8919 0.4438
vn 0.1674 -0.9823 0.0844
vn 0.2323 -0.8396 0.4910
vn -0.1507 0.9814 0.1194
vn -0.2941 0.7809 0.5511
vn -0.1954 0.9780 0.0733
vn -0.3749 0.8129 0.4457
vn -0.1352 0.9872 0.0845
vn -0.0285 0.8693 0.4935
vn -0.2389 -0.3181 0.9175
vn 0.7595 -0.1735 0.6270
vn 0.7334 0.1302 0.6672
vn -0.3176 -0.0545 0.9466
vn -0.4032 -0.3251 0.8554
vn -0.4446 -0.0771 0.8924
vn 0.2384 -0.2395 0.9412
vn 0.1579 0.2953 0.9423
vn -0.4889 0.1689 0.8559
vn 0.2028 0.0296 0.9788
vn -0.4460 -0.0773 0.8917
vn 0.1567 0.2875 0.9449
vn 0.2024 0.0296 0.9789
vn -0.4453 -0.0772 0.8921
vn -0.3343 0.2192 0.9166
vn -0.3186 -0.0547 0.9463
vn -0.3181 -0.0546 0.9465
vn 0.7340 0.1303 0.6666
vn 0.9804 -0.1104 0.1630
vn 0.9710 0.1725 0.1656
vn 0.9710 0.1725 0.1653
vn -0.1928 0.2629 0.9454
vn -0.1508 -0.0200 0.9884
vn -0.1505 -0.0200 0.9884
vn -0.7389 -0.0980 0.6666
vn -0.9011 -0.4019 0.1630
vn -0.9777 -0.1295 0.1656
vn -0.9777 -0.1295 0.1653
vn -0.9813 0.1036 0.1621
vn -0.9702 -0.1775 0.1649
vn -0.7017 0.6989 0.1383
vn -0.7619 0.1678 0.6256
vn -0.5692 0.6838 0.4565
vn -0.7338 -0.1344 0.6660
vn -0.1004 -0.3098 0.9455
vn -0.0545 -0.2727 0.9606
vn -0.0818 -0.0164 0.9965
vn -0.1490 -0.0274 0.9885
vn 0.0292 -0.8566 0.5151
vn 0.0328 -0.8539 0.5194
vn -0.6510 -0.4278 0.6270
vn -0.2863 -0.8419 0.4573
vn -0.7326 -0.1341 0.6673
vn 0.8549 0.4929 0.1620
vn 0.6284 0.4626 0.6254
vn 0.7252 0.1754 0.6658
vn 0.9586 0.2321 0.1648
vn 0.3583 0.9233 0.1382
vn 0.2437 0.8558 0.4564
vn 0.8696 0.4937 -0.0000
vn 0.3503 0.9366 -0.0000
vn -0.2733 0.9567 0.0998
vn -0.2805 0.8097 0.5154
vn -0.1173 0.8597 0.4972
vn -0.1255 0.9868 0.1026
vn -0.1656 0.9861 0.0132
vn 0.0884 -0.9911 0.0998
vn 0.1106 -0.9910 0.0753
vn 0.1658 -0.9861 -0.0132
vn -0.4061 -0.9032 0.1388
vn 0.3862 -0.9223 -0.0149
vn 0.2922 -0.9554 -0.0421
vn 0.1804 -0.9828 -0.0392
vn 0.5396 -0.8393 0.0664
vn 0.7375 -0.6610 0.1388
vn 0.6030 -0.6536 0.4573
vn 0.6761 -0.5749 0.4609
vn 0.4669 -0.8827 0.0530
vn 0.5247 -0.7057 0.4761
vn 0.1261 -0.9905 0.0550
vn 0.0555 -0.8586 0.5096
vn -0.2193 0.9755 0.0151
vn -0.2931 0.9552 0.0421
vn -0.1801 0.9829 0.0392
vn -0.3252 0.9397 0.1057
vn -0.2849 0.8421 0.4579
vn -0.4448 0.8849 0.1383
vn -0.2409 0.7638 0.5988
vn -0.1381 0.9810 0.1361
vn -0.1387 0.8272 0.5445
vn 0.5055 -0.1017 0.8568
vn 0.7685 -0.1266 0.6272
vn 0.7239 0.1751 0.6674
vn 0.4065 0.0968 0.9085
vn 0.4104 -0.1989 0.8900
vn 0.2770 0.0655 0.9586
vn -0.0474 -0.3002 0.9527
vn -0.1089 0.2354 0.9658
vn 0.1747 0.2612 0.9493
vn -0.0822 -0.0165 0.9965
vn 0.2789 0.0660 0.9580
vn -0.1038 0.2729 0.9564
vn -0.0820 -0.0164 0.9965
vn 0.2779 0.0657 0.9584
vn -0.0820 -0.0165 0.9965
vn 0.2092 0.3901 0.8967
vn 0.4090 0.0974 0.9073
vn 0.4078 0.0971 0.9079
vn 0.7245 0.1752 0.6666
vn 0.9853 -0.0501 0.1632
vn 0.9585 0.2320 0.1658
vn 0.9586 0.2320 0.1653
vn -0.2057 0.2529 0.9454
vn -0.1498 -0.0275 0.9883
vn -0.1494 -0.0274 0.9884
vn -0.7332 -0.1342 0.6667
vn -0.8802 -0.4458 0.1631
vn -0.9701 -0.1774 0.1658
vn -0.9701 -0.1775 0.1653
vt 0.835623 0.237093
vt 0.835623 1.534769
vt 0.850970 1.534769
vt 0.850971 0.237093
vt 0.865728 1.534769
vt 0.865728 0.237093
vt 0.879328 1.534769
vt 0.879329 0.237093
vt 0.891249 1.534769
vt 0.891250 0.237093
vt 0.901033 1.534769
vt 0.901033 0.237093
vt 0.988066 0.237093
vt 0.988066 1.534770
vt 0.978959 1.534770
vt 0.978959 0.237093
vt 0.969078 1.534770
vt 0.969078 0.237093
vt 0.958802 1.534770
vt 0.958802 0.237093
vt 0.948526 1.534770
vt 0.948526 0.237093
vt 0.938644 1.534770
vt 0.938645 0.237093
vt 0.929538 1.534770
vt 0.929538 0.237093
vt 0.820276 1.534769
vt 0.820276 0.237093
vt 0.805518 1.534769
vt 0.805518 0.237093
vt 0.791917 1.534769
vt 0.791918 0.237093
vt 0.779996 1.534769
vt 0.779997 0.237093
vt 0.770213 1.534769
vt 0.770213 0.237093
vt 0.948526 0.237093
vt 0.958802 0.237093
vt 0.969078 0.237093
vt 0.988066 0.237093
vt 0.779996 1.534769
vt 0.779997 0.237093
vt 0.805518 1.534769
vt 0.805519 0.237093
vt 0.850971 0.010463
vt 0.835623 0.011475
vt 0.820276 0.010463
vt 0.805519 0.007466
vt 0.791918 0.002598
vt 0.779997 -0.003952
vt 0.770213 -0.011934
vt 0.762944 -0.021041
vt 0.758467 -0.030922
vt 0.756956 -0.041198
vt 0.758467 -0.051474
vt 0.762944 -0.061355
vt 0.770213 -0.070462
vt 0.779997 -0.078444
vt 0.791918 -0.084994
vt 0.805519 -0.089862
vt 0.820276 -0.092859
vt 0.835623 -0.093871
vt 0.850971 -0.092859
vt 0.865728 -0.089862
vt 0.879329 -0.084994
vt 0.891250 -0.078444
vt 0.901033 -0.070462
vt 0.908303 -0.061355
vt 0.912780 -0.051474
vt 0.914291 -0.041198
vt 0.912780 -0.030922
vt 0.908303 -0.021041
vt 0.901033 -0.011934
vt 0.891250 -0.003952
vt 0.879329 0.002598
vt 0.865728 0.007466
vt 0.295164 0.237093
vt 0.295163 1.534769
vt 0.310510 1.534769
vt 0.310510 0.237093
vt 0.325267 1.534769
vt 0.325267 0.237093
vt 0.338868 1.534769
vt 0.338869 0.237093
vt 0.350789 1.534769
vt 0.350790 0.237093
vt 0.360572 1.534769
vt 0.360572 0.237093
vt 0.988066 0.237093
vt 0.988066 1.534769
vt 0.978959 1.534769
vt 0.978959 0.237093
vt 0.969078 1.534769
vt 0.969078 0.237093
vt 0.958802 1.534769
vt 0.958802 0.237093
vt 0.948526 1.534769
vt 0.948526 0.237093
vt 0.938644 1.534769
vt 0.938645 0.237093
vt 0.929538 1.534769
vt 0.929538 0.237093
vt 0.279815 1.534769
vt 0.279815 0.237093
vt 0.265058 1.534769
vt 0.265058 0.237093
vt 0.251456 1.534769
vt 0.251457 0.237093
vt 0.239536 1.534769
vt 0.239537 0.237093
vt 0.229753 1.534769
vt 0.229753 0.237093
vt 0.948526 0.237093
vt 0.958802 0.237093
vt 0.969078 0.237093
vt 0.988066 0.237093
vt 0.310510 0.010463
vt 0.295164 0.011475
vt 0.279815 0.010463
vt 0.265058 0.007466
vt 0.251457 0.002598
vt 0.239537 -0.003952
vt 0.229753 -0.011934
vt 0.222484 -0.021041
vt 0.218007 -0.030922
vt 0.216495 -0.041198
vt 0.218007 -0.051474
vt 0.222484 -0.061355
vt 0.229753 -0.070462
vt 0.239537 -0.078444
vt 0.251457 -0.084994
vt 0.265058 -0.089862
vt 0.279815 -0.092859
vt 0.295164 -0.093872
vt 0.310510 -0.092859
vt 0.325268 -0.089862
vt 0.338869 -0.084994
vt 0.350790 -0.078444
vt 0.360572 -0.070462
vt 0.367843 -0.061355
vt 0.372320 -0.051474
vt 0.373830 -0.041198
vt 0.372320 -0.030922
vt 0.367843 -0.021041
vt 0.360572 -0.011934
vt 0.350790 -0.003952
vt 0.338869 0.002598
vt 0.325267 0.007466
vt 0.254771 1.291901
vt 0.254800 0.770890
vt 0.280006 0.770886
vt 0.279971 1.292296
vt 0.229570 1.291506
vt 0.229569 0.770897
vt 0.204369 1.291901
vt 0.204337 0.770890
vt 0.179168 1.292296
vt 0.179131 0.770886
vt 0.254648 0.290851
vt 0.279796 0.290845
vt 0.229567 0.290855
vt 0.204487 0.290851
vt 0.179339 0.290846
vt 0.254589 -0.128396
vt 0.279677 -0.128396
vt 0.229566 -0.128397
vt 0.204543 -0.128396
vt 0.179455 -0.128396
vt 0.254626 -0.477927
vt 0.279750 -0.477917
vt 0.229566 -0.477933
vt 0.204506 -0.477928
vt 0.179382 -0.477917
vt 0.254697 -0.756519
vt 0.279992 -0.756478
vt 0.229565 -0.756542
vt 0.204434 -0.756519
vt 0.179138 -0.756478
vt 0.255248 -0.970806
vt 0.280730 -0.970773
vt 0.229565 -0.970866
vt 0.203882 -0.970806
vt 0.178401 -0.970773
vt 0.254956 -1.131771
vt 0.280335 -1.133327
vt 0.229565 -1.130232
vt 0.204175 -1.131771
vt 0.178795 -1.133327
vt 0.584299 0.074423
vt 0.584299 0.277030
vt 0.592118 0.277030
vt 0.592118 0.074423
vt 0.599636 0.277030
vt 0.599636 0.074423
vt 0.606565 0.277030
vt 0.606565 0.074423
vt 0.612638 0.277030
vt 0.612638 0.074423
vt 0.617623 0.277030
vt 0.617623 0.074423
vt 0.979229 0.074423
vt 0.979229 0.277030
vt 0.974590 0.277030
vt 0.974590 0.074423
vt 0.969556 0.277030
vt 0.969556 0.074423
vt 0.964320 0.277030
vt 0.964321 0.074423
vt 0.959085 0.277030
vt 0.959085 0.074423
vt 0.954051 0.277030
vt 0.954051 0.074423
vt 0.949412 0.277030
vt 0.949412 0.074423
vt 0.576479 0.277030
vt 0.576480 0.074423
vt 0.568962 0.277030
vt 0.568962 0.074423
vt 0.562032 0.277030
vt 0.562032 0.074423
vt 0.555958 0.277030
vt 0.555958 0.074423
vt 0.550974 0.277030
vt 0.550974 0.074423
vt 0.954051 0.277030
vt 0.954051 0.074423
vt 0.974590 0.277030
vt 0.979229 0.277030
vt 0.979229 0.074423
vt 0.555959 0.277030
vt 0.555959 0.074423
vt 0.592118 0.990640
vt 0.584298 0.991156
vt 0.576479 0.990640
vt 0.568961 0.989113
vt 0.562032 0.986633
vt 0.555959 0.983296
vt 0.550974 0.979229
vt 0.547271 0.974590
vt 0.544990 0.969555
vt 0.544220 0.964320
vt 0.544990 0.959085
vt 0.547271 0.954051
vt 0.550974 0.949411
vt 0.555958 0.945345
vt 0.562032 0.942007
vt 0.568962 0.939528
vt 0.576479 0.938000
vt 0.584298 0.937485
vt 0.592118 0.938000
vt 0.599635 0.939528
vt 0.606565 0.942007
vt 0.612638 0.945345
vt 0.617623 0.949411
vt 0.621326 0.954051
vt 0.623607 0.959085
vt 0.624377 0.964320
vt 0.623607 0.969555
vt 0.621326 0.974590
vt 0.617623 0.979229
vt 0.612638 0.983296
vt 0.606565 0.986633
vt 0.599635 0.989113
vt 0.640537 0.074424
vt 0.640537 0.277031
vt 0.648356 0.277031
vt 0.648356 0.074424
vt 0.655875 0.277031
vt 0.655875 0.074424
vt 0.662804 0.277031
vt 0.662804 0.074424
vt 0.668877 0.277031
vt 0.668877 0.074424
vt 0.673862 0.277031
vt 0.673862 0.074424
vt 0.979229 0.074424
vt 0.979229 0.277031
vt 0.974590 0.277031
vt 0.974590 0.074424
vt 0.969556 0.277031
vt 0.969556 0.074424
vt 0.964320 0.277031
vt 0.964321 0.074424
vt 0.959085 0.277031
vt 0.959085 0.074424
vt 0.954051 0.277031
vt 0.954051 0.074424
vt 0.949412 0.277031
vt 0.949412 0.074424
vt 0.632718 0.277031
vt 0.632718 0.074424
vt 0.625200 0.277031
vt 0.625200 0.074424
vt 0.618271 0.277031
vt 0.618271 0.074424
vt 0.612197 0.277031
vt 0.612198 0.074424
vt 0.607213 0.277031
vt 0.607213 0.074424
vt 0.954051 0.277031
vt 0.954051 0.074424
vt 0.974590 0.277031
vt 0.979229 0.277031
vt 0.979229 0.074424
vt 0.648356 0.990640
vt 0.640537 0.991156
vt 0.632718 0.990640
vt 0.625200 0.989113
vt 0.618271 0.986633
vt 0.612197 0.983296
vt 0.607213 0.979229
vt 0.603509 0.974590
vt 0.601229 0.969555
vt 0.600459 0.964320
vt 0.601229 0.959085
vt 0.603509 0.954051
vt 0.607213 0.949411
vt 0.612197 0.945345
vt 0.618271 0.942007
vt 0.625200 0.939528
vt 0.632718 0.938000
vt 0.640537 0.937485
vt 0.648356 0.938000
vt 0.655875 0.939528
vt 0.662804 0.942007
vt 0.668877 0.945345
vt 0.673861 0.949411
vt 0.677565 0.954051
vt 0.679846 0.959085
vt 0.680616 0.964320
vt 0.679846 0.969555
vt 0.677565 0.974590
vt 0.673861 0.979229
vt 0.668877 0.983296
vt 0.662804 0.986633
vt 0.655875 0.989113
vt 0.204356 -1.236263
vt 0.204325 -0.715260
vt 0.179120 -0.715256
vt 0.179156 -1.236658
vt 0.229555 -1.235866
vt 0.229557 -0.715267
vt 0.254756 -1.236263
vt 0.254789 -0.715260
vt 0.279956 -1.236658
vt 0.279994 -0.715256
vt 0.204479 -0.235217
vt 0.179330 -0.235212
vt 0.229559 -0.235221
vt 0.254640 -0.235217
vt 0.279788 -0.235212
vt 0.204538 0.184030
vt 0.179451 0.184030
vt 0.229562 0.184030
vt 0.254585 0.184030
vt 0.279674 0.184029
vt 0.204505 0.533563
vt 0.179381 0.533551
vt 0.229564 0.533568
vt 0.254625 0.533561
vt 0.279749 0.533551
vt 0.204433 0.812157
vt 0.179139 0.812117
vt 0.229566 0.812179
vt 0.254698 0.812157
vt 0.279992 0.812117
vt 0.203882 1.026445
vt 0.178401 1.026411
vt 0.229566 1.026505
vt 0.255249 1.026445
vt 0.280731 1.026411
vt 0.204176 1.187409
vt 0.178796 1.188966
vt 0.229566 1.185870
vt 0.254956 1.187409
vt 0.280337 1.188966
vt 0.008394 0.039703
vt 0.006668 0.043114
vt 0.003408 0.043002
vt 0.005343 0.038826
vt 0.011168 0.041359
vt 0.009709 0.043650
vt -0.018750 0.024060
vt -0.022778 0.038712
vt -0.041975 0.036065
vt -0.034929 0.013542
vt -0.011015 0.030703
vt -0.012508 0.041065
vt -0.005959 0.034579
vt -0.006868 0.042366
vt -0.001548 0.036863
vt -0.002925 0.042953
vt 0.002182 0.038119
vt 0.000327 0.043052
vt 0.006411 0.045148
vt 0.003095 0.045490
vt 0.009402 0.044975
vt -0.022808 0.046903
vt -0.041975 0.048095
vt -0.012129 0.046570
vt -0.006516 0.046409
vt -0.002885 0.046236
vt 0.000070 0.045883
vt 0.006593 0.046421
vt 0.003313 0.047047
vt 0.009513 0.045868
vt -0.022333 0.051970
vt -0.041240 0.055606
vt -0.011752 0.049937
vt -0.006164 0.048864
vt -0.002592 0.048179
vt 0.000292 0.047626
vt 0.006891 0.047670
vt 0.003685 0.048574
vt 0.009729 0.046747
vt -0.020892 0.056851
vt -0.039136 0.062854
vt -0.010853 0.053204
vt -0.005580 0.051275
vt -0.002144 0.050092
vt 0.000730 0.049327
vt 0.007878 0.049459
vt 0.004896 0.050768
vt 0.010481 0.047847
vt -0.017828 0.064443
vt -0.034670 0.074021
vt -0.009167 0.058456
vt -0.004412 0.055160
vt -0.000967 0.053156
vt 0.002017 0.051861
vt 0.010758 0.051980
vt 0.008243 0.053927
vt 0.012735 0.049383
vt -0.008663 0.076546
vt -0.019777 0.092294
vt -0.003945 0.067521
vt -0.000686 0.062053
vt 0.002567 0.058300
vt 0.005565 0.055755
vt 0.014969 0.053625
vt 0.013482 0.056314
vt 0.015895 0.050398
vt 0.006432 0.085049
vt 0.003497 0.103109
vt 0.007099 0.075407
vt 0.007997 0.068832
vt 0.009769 0.063207
vt 0.011749 0.059092
vt 0.018082 0.053860
vt 0.017802 0.056805
vt 0.018068 0.050477
vt 0.018224 0.086621
vt 0.019268 0.104039
vt 0.017409 0.077494
vt 0.017007 0.071031
vt 0.017052 0.064829
vt 0.017411 0.059984
vt 0.020248 0.053578
vt 0.020796 0.056435
vt 0.019609 0.050239
vt 0.026419 0.085798
vt 0.029627 0.102575
vt 0.024726 0.076946
vt 0.023520 0.070648
vt 0.022348 0.064529
vt 0.021396 0.059566
vt 0.022365 0.053040
vt 0.023715 0.055671
vt 0.021128 0.049892
vt 0.034341 0.083538
vt 0.039798 0.100117
vt 0.031729 0.074754
vt 0.029715 0.068599
vt 0.027380 0.062851
vt 0.025255 0.058481
vt 0.025170 0.051670
vt 0.027547 0.053616
vt 0.023117 0.049018
vt 0.044724 0.077725
vt 0.054119 0.093434
vt 0.040543 0.069006
vt 0.037279 0.063225
vt 0.033553 0.058651
vt 0.030187 0.055557
vt 0.028472 0.048577
vt 0.031535 0.049453
vt 0.025668 0.046917
vt 0.055625 0.064240
vt 0.071776 0.074780
vt 0.047900 0.057589
vt 0.042848 0.053707
vt 0.038436 0.051420
vt 0.034703 0.050162
vt 0.030211 0.045152
vt 0.033480 0.045270
vt 0.027155 0.044614
vt 0.059678 0.049595
vt 0.078876 0.052277
vt 0.049408 0.047228
vt 0.043768 0.045918
vt 0.039822 0.045327
vt 0.036567 0.045224
vt 0.030474 0.043110
vt 0.033800 0.042777
vt 0.027457 0.043268
vt 0.059721 0.041401
vt 0.078904 0.040240
vt 0.049037 0.041719
vt 0.043419 0.041873
vt 0.039786 0.042041
vt 0.036829 0.042390
vt 0.030298 0.041832
vt 0.033586 0.041217
vt 0.027360 0.042364
vt 0.059254 0.036329
vt 0.078184 0.032721
vt 0.048664 0.038349
vt 0.043071 0.039416
vt 0.039496 0.040096
vt 0.036611 0.040645
vt 0.030007 0.040578
vt 0.033218 0.039688
vt 0.027153 0.041472
vt 0.057819 0.031442
vt 0.076091 0.025461
vt 0.047769 0.035079
vt 0.042491 0.037003
vt 0.039052 0.038182
vt 0.036175 0.038942
vt 0.029035 0.038784
vt 0.032014 0.037491
vt 0.026431 0.040346
vt 0.054763 0.023839
vt 0.071639 0.014272
vt 0.046087 0.029822
vt 0.041328 0.033114
vt 0.037879 0.035115
vt 0.034893 0.036405
vt 0.026175 0.036279
vt 0.028679 0.034335
vt 0.024236 0.038875
vt 0.045599 0.011712
vt 0.056745 -0.004056
vt 0.040870 0.020744
vt 0.037605 0.026215
vt 0.034351 0.029967
vt 0.031352 0.032510
vt 0.021958 0.034657
vt 0.023438 0.031959
vt 0.021049 0.037905
vt 0.030482 0.003189
vt 0.033423 -0.014908
vt 0.029815 0.012846
vt 0.028917 0.019428
vt 0.027145 0.025058
vt 0.025166 0.029177
vt 0.018832 0.034431
vt 0.019109 0.031476
vt 0.018857 0.037834
vt 0.018670 0.001617
vt 0.017616 -0.015834
vt 0.019490 0.010758
vt 0.019895 0.017229
vt 0.019853 0.023439
vt 0.019497 0.028290
vt 0.016657 0.034716
vt 0.016107 0.031850
vt 0.017301 0.038072
vt 0.010461 0.002446
vt 0.007235 -0.014359
vt 0.012163 0.011310
vt 0.013374 0.017616
vt 0.014550 0.023742
vt 0.015504 0.028712
vt 0.014531 0.035256
vt 0.013179 0.032615
vt 0.015768 0.038425
vt 0.002530 0.004716
vt -0.002954 -0.011885
vt 0.005152 0.013510
vt 0.007172 0.019671
vt 0.009510 0.025424
vt 0.011638 0.029799
vt 0.011712 0.036623
vt 0.009336 0.034668
vt 0.013759 0.039299
vt -0.007862 0.010548
vt -0.017291 -0.005170
vt -0.003668 0.019271
vt -0.000397 0.025055
vt 0.003332 0.029630
vt 0.006697 0.032725
vt 0.247013 0.034292
vt 0.243997 0.034841
vt 0.242105 0.032175
vt 0.245727 0.031352
vt 0.247488 0.037504
vt 0.245311 0.037656
vt 0.241441 0.003384
vt 0.230302 0.008220
vt 0.221345 -0.008410
vt 0.238834 -0.015845
vt 0.241421 0.013673
vt 0.234106 0.017889
vt 0.241748 0.020019
vt 0.236315 0.023318
vt 0.242825 0.024822
vt 0.238241 0.026967
vt 0.244238 0.028467
vt 0.240162 0.029727
vt 0.242213 0.035695
vt 0.239964 0.033231
vt 0.244061 0.038085
vt 0.224205 0.012912
vt 0.212576 -0.001201
vt 0.230248 0.021373
vt 0.233477 0.025912
vt 0.235737 0.028827
vt 0.237816 0.031050
vt 0.241284 0.036454
vt 0.238799 0.034193
vt 0.243425 0.038554
vt 0.220870 0.016044
vt 0.208101 0.003224
vt 0.227988 0.023632
vt 0.231800 0.027644
vt 0.234321 0.030188
vt 0.236505 0.032170
vt 0.240635 0.037181
vt 0.238055 0.035051
vt 0.242962 0.039087
vt 0.218261 0.018656
vt 0.204604 0.007332
vt 0.226357 0.025367
vt 0.230650 0.028923
vt 0.233422 0.031219
vt 0.235687 0.033093
vt 0.240047 0.037959
vt 0.237352 0.035945
vt 0.242535 0.039649
vt 0.216176 0.021703
vt 0.201214 0.011529
vt 0.224955 0.027292
vt 0.229606 0.030292
vt 0.232576 0.032294
vt 0.234933 0.034070
vt 0.239477 0.039019
vt 0.236626 0.037272
vt 0.242204 0.040380
vt 0.213715 0.025562
vt 0.197692 0.016746
vt 0.223155 0.029932
vt 0.228216 0.032262
vt 0.231503 0.033940
vt 0.234078 0.035569
vt 0.238974 0.040940
vt 0.235988 0.039577
vt 0.242019 0.041710
vt 0.210232 0.032428
vt 0.192223 0.026702
vt 0.220447 0.034373
vt 0.226196 0.035536
vt 0.230143 0.036749
vt 0.233216 0.038122
vt 0.238990 0.044017
vt 0.235855 0.043294
vt 0.242250 0.043905
vt 0.207544 0.044282
vt 0.188143 0.045284
vt 0.217661 0.042350
vt 0.223964 0.041491
vt 0.228888 0.041657
vt 0.232737 0.042367
vt 0.239956 0.047383
vt 0.236837 0.047628
vt 0.243118 0.046308
vt 0.209135 0.057927
vt 0.192036 0.065838
vt 0.217705 0.052867
vt 0.223650 0.049897
vt 0.229136 0.048302
vt 0.233541 0.047695
vt 0.241339 0.049813
vt 0.238563 0.051017
vt 0.244172 0.047977
vt 0.213756 0.067683
vt 0.199662 0.078719
vt 0.220911 0.061481
vt 0.226069 0.057417
vt 0.231272 0.054240
vt 0.235538 0.052184
vt 0.242610 0.051302
vt 0.240336 0.053194
vt 0.245085 0.048980
vt 0.218287 0.073550
vt 0.205854 0.085708
vt 0.224800 0.067063
vt 0.229457 0.062548
vt 0.234088 0.058366
vt 0.237833 0.055201
vt 0.243838 0.052409
vt 0.241966 0.054669
vt 0.246008 0.049784
vt 0.222780 0.077836
vt 0.211848 0.091028
vt 0.228594 0.070817
vt 0.232725 0.065829
vt 0.236716 0.061009
vt 0.239922 0.057138
vt 0.245156 0.053410
vt 0.243720 0.055997
vt 0.246972 0.050540
vt 0.227827 0.081454
vt 0.218188 0.095932
vt 0.232988 0.073846
vt 0.236557 0.068429
vt 0.239804 0.063100
vt 0.242214 0.058830
vt 0.246855 0.054382
vt 0.246189 0.057335
vt 0.248134 0.051251
vt 0.234435 0.084815
vt 0.226209 0.100723
vt 0.239198 0.076629
vt 0.242231 0.070803
vt 0.244382 0.065098
vt 0.245607 0.060523
vt 0.249501 0.055292
vt 0.249841 0.058400
vt 0.249976 0.051984
vt 0.244887 0.087542
vt 0.240292 0.105827
vt 0.248262 0.078175
vt 0.250073 0.071778
vt 0.250617 0.066090
vt 0.250391 0.061650
vt 0.252988 0.055619
vt 0.254282 0.058557
vt 0.252492 0.052419
vt 0.258599 0.086562
vt 0.261234 0.105827
vt 0.258610 0.076255
vt 0.258276 0.069900
vt 0.257194 0.065093
vt 0.255776 0.061444
vt 0.256008 0.055054
vt 0.257908 0.057728
vt 0.254668 0.052227
vt 0.269752 0.081704
vt 0.278749 0.098342
vt 0.265930 0.072026
vt 0.263713 0.066592
vt 0.261782 0.062942
vt 0.259857 0.060179
vt 0.257799 0.054194
vt 0.260054 0.056668
vt 0.255933 0.051767
vt 0.275851 0.076995
vt 0.287516 0.091101
vt 0.269789 0.068533
vt 0.266552 0.063994
vt 0.264288 0.061077
vt 0.262205 0.058853
vt 0.258735 0.053433
vt 0.261222 0.055705
vt 0.256597 0.051291
vt 0.279184 0.073853
vt 0.291987 0.086661
vt 0.272047 0.066269
vt 0.268228 0.062259
vt 0.265704 0.059714
vt 0.263518 0.057731
vt 0.259390 0.052706
vt 0.261968 0.054846
vt 0.257078 0.050765
vt 0.281789 0.071234
vt 0.295480 0.082542
vt 0.273678 0.064531
vt 0.269378 0.060977
vt 0.266603 0.058682
vt 0.264337 0.056807
vt 0.259985 0.051931
vt 0.262673 0.053953
vt 0.257520 0.050210
vt 0.283869 0.068181
vt 0.298864 0.078334
vt 0.275077 0.062603
vt 0.270420 0.059607
vt 0.267448 0.057606
vt 0.265090 0.055830
vt 0.260558 0.050877
vt 0.263400 0.052628
vt 0.257872 0.049496
vt 0.286323 0.064315
vt 0.302377 0.073104
vt 0.276873 0.059958
vt 0.271809 0.057635
vt 0.268521 0.055959
vt 0.265946 0.054331
vt 0.261063 0.048966
vt 0.264037 0.050326
vt 0.258057 0.048204
vt 0.289792 0.057441
vt 0.307819 0.063129
vt 0.279575 0.055514
vt 0.273826 0.054359
vt 0.269879 0.053150
vt 0.266807 0.051778
vt 0.261029 0.045900
vt 0.264165 0.046614
vt 0.257758 0.046047
vt 0.292455 0.045588
vt 0.311841 0.044544
vt 0.282347 0.047535
vt 0.276049 0.048403
vt 0.271128 0.048242
vt 0.267280 0.047537
vt 0.260052 0.042539
vt 0.263173 0.042288
vt 0.256885 0.043625
vt 0.290840 0.031960
vt 0.307897 0.024029
vt 0.282287 0.037027
vt 0.276350 0.040002
vt 0.270869 0.041603
vt 0.266468 0.042215
vt 0.258665 0.040110
vt 0.261442 0.038902
vt 0.255827 0.041948
vt 0.286210 0.022225
vt 0.300261 0.011191
vt 0.279072 0.028427
vt 0.273925 0.032493
vt 0.268728 0.035672
vt 0.264465 0.037732
vt 0.257393 0.038621
vt 0.259666 0.036727
vt 0.254914 0.040943
vt 0.281680 0.016373
vt 0.294073 0.004227
vt 0.275183 0.022857
vt 0.270534 0.027370
vt 0.265910 0.031552
vt 0.262168 0.034718
vt 0.256164 0.037513
vt 0.258035 0.035252
vt 0.253992 0.040142
vt 0.277192 0.012099
vt 0.288088 -0.001073
vt 0.271391 0.019110
vt 0.267268 0.024094
vt 0.263281 0.028913
vt 0.260079 0.032782
vt 0.254847 0.036513
vt 0.256282 0.033925
vt 0.253032 0.039387
vt 0.272152 0.008490
vt 0.281761 -0.005958
vt 0.267002 0.016088
vt 0.263439 0.021499
vt 0.260197 0.026824
vt 0.257788 0.031093
vt 0.253145 0.035541
vt 0.253812 0.032587
vt 0.251866 0.038676
vt 0.265556 0.005138
vt 0.273761 -0.010732
vt 0.260802 0.013311
vt 0.257772 0.019128
vt 0.255622 0.024827
vt 0.254397 0.029399
vt 0.250498 0.034628
vt 0.250163 0.031518
vt 0.250018 0.037941
vt 0.255126 0.002415
vt 0.259718 -0.015824
vt 0.251753 0.011764
vt 0.249942 0.018151
vt 0.249395 0.023832
vt 0.249618 0.028269
vt 0.331395 0.048672
vt 0.333560 0.028723
vt 0.343971 0.031830
vt 0.340667 0.044996
vt 0.312697 0.053152
vt 0.314067 0.022007
vt 0.361934 0.043038
vt 0.361721 0.038151
vt 0.364507 0.039106
vt 0.365081 0.042441
vt 0.358851 0.042829
vt 0.358752 0.036942
vt 0.355667 0.042438
vt 0.356020 0.035704
vt 0.351698 0.042342
vt 0.353171 0.034478
vt 0.346707 0.042991
vt 0.349516 0.033327
vt 0.336884 0.020594
vt 0.346492 0.026454
vt 0.318938 0.009653
vt 0.362625 0.036322
vt 0.365091 0.037860
vt 0.359824 0.034599
vt 0.357211 0.032999
vt 0.354702 0.031466
vt 0.351529 0.029528
vt 0.342589 0.013914
vt 0.350120 0.021752
vt 0.327685 -0.000338
vt 0.363865 0.034695
vt 0.365984 0.036819
vt 0.361430 0.032578
vt 0.359078 0.030705
vt 0.356684 0.028727
vt 0.353990 0.026001
vt 0.359340 0.002844
vt 0.360320 0.012780
vt 0.354750 -0.015845
vt 0.368352 0.032621
vt 0.369311 0.035709
vt 0.366737 0.029965
vt 0.364922 0.027306
vt 0.363016 0.023814
vt 0.361304 0.019075
vt 0.382540 0.001131
vt 0.378794 0.009680
vt 0.388410 -0.015845
vt 0.374555 0.032895
vt 0.373805 0.036194
vt 0.374690 0.029926
vt 0.374701 0.026707
vt 0.375137 0.021962
vt 0.376485 0.015910
vt 0.394737 0.006386
vt 0.390094 0.013996
vt 0.403797 -0.008457
vt 0.377670 0.034366
vt 0.375893 0.037278
vt 0.379160 0.031922
vt 0.380810 0.029216
vt 0.383485 0.024829
vt 0.386765 0.019452
vt 0.404987 0.014830
vt 0.399098 0.022069
vt 0.417399 0.001850
vt 0.380403 0.036461
vt 0.377812 0.038642
vt 0.382980 0.034981
vt 0.385835 0.033497
vt 0.389854 0.030938
vt 0.394616 0.026971
vt 0.414067 0.036239
vt 0.404787 0.039908
vt 0.432780 0.031778
vt 0.383490 0.041843
vt 0.380307 0.042428
vt 0.386585 0.042062
vt 0.389775 0.042457
vt 0.393748 0.042555
vt 0.398742 0.041910
vt 0.411881 0.056187
vt 0.401472 0.053074
vt 0.431362 0.062921
vt 0.383710 0.046763
vt 0.380910 0.045835
vt 0.386688 0.047964
vt 0.389423 0.049199
vt 0.392273 0.050424
vt 0.395927 0.051575
vt 0.408551 0.064311
vt 0.398950 0.058448
vt 0.426479 0.075263
vt 0.382818 0.048592
vt 0.380348 0.047070
vt 0.385620 0.050308
vt 0.388234 0.051905
vt 0.390743 0.053436
vt 0.393915 0.055374
vt 0.402844 0.070983
vt 0.395322 0.063147
vt 0.417727 0.085239
vt 0.381587 0.050220
vt 0.379471 0.048114
vt 0.384020 0.052328
vt 0.386370 0.054198
vt 0.388762 0.056174
vt 0.391455 0.058899
vt 0.386099 0.082033
vt 0.385125 0.072107
vt 0.390672 0.100705
vt 0.377127 0.052294
vt 0.376188 0.049238
vt 0.378730 0.054939
vt 0.380537 0.057594
vt 0.382439 0.061082
vt 0.384145 0.065817
vt 0.362922 0.083732
vt 0.366665 0.075191
vt 0.357060 0.100686
vt 0.370910 0.051977
vt 0.371661 0.048658
vt 0.370773 0.054954
vt 0.370760 0.058174
vt 0.370322 0.062918
vt 0.368973 0.068967
vt 0.350738 0.078485
vt 0.355375 0.070880
vt 0.341695 0.093314
vt 0.367797 0.050506
vt 0.369579 0.047586
vt 0.366305 0.052954
vt 0.364654 0.055662
vt 0.361979 0.060050
vt 0.358701 0.065426
vt 0.340495 0.070055
vt 0.346375 0.062817
vt 0.328105 0.083030
vt 0.365064 0.048412
vt 0.367672 0.046221
vt 0.362481 0.049898
vt 0.359626 0.051386
vt 0.355610 0.053948
vt 0.350852 0.057916
vt 0.533247 0.043675
vt 0.560377 0.038744
vt 0.570595 0.059916
vt 0.541605 0.062246
vt 0.526782 0.019627
vt 0.550865 0.014734
vt 0.533089 0.150671
vt 0.560206 0.155682
vt 0.550624 0.179664
vt 0.526556 0.174701
vt 0.541503 0.132125
vt 0.570485 0.134540
vt 0.547958 0.115477
vt 0.577763 0.115855
vt 0.550416 0.097198
vt 0.580632 0.097243
vt 0.548011 0.078912
vt 0.577817 0.078623
vt 0.574944 0.033381
vt 0.587925 0.055463
vt 0.562909 0.010233
vt 0.574757 0.161088
vt 0.562655 0.184200
vt 0.587802 0.139044
vt 0.597016 0.118031
vt 0.600511 0.097272
vt 0.597078 0.076503
vt 0.583505 0.028190
vt 0.598892 0.049624
vt 0.570346 0.006073
vt 0.583304 0.166304
vt 0.570079 0.188382
vt 0.598753 0.144915
vt 0.610706 0.121881
vt 0.614816 0.097293
vt 0.610778 0.072693
vt 0.147334 0.027563
vt 0.155587 0.032640
vt 0.142741 0.053701
vt 0.132487 0.048238
vt 0.160217 0.006072
vt 0.167437 0.010144
vt 0.144735 0.164896
vt 0.153480 0.159763
vt 0.165374 0.183317
vt 0.157797 0.187442
vt 0.129473 0.142901
vt 0.140735 0.137212
vt 0.117938 0.119088
vt 0.132062 0.115691
vt 0.114816 0.093564
vt 0.129710 0.094592
vt 0.120894 0.069771
vt 0.129814 0.076055
vt 0.169767 0.038004
vt 0.159480 0.058540
vt 0.179188 0.014550
vt 0.168262 0.154543
vt 0.177607 0.178887
vt 0.158307 0.133067
vt 0.151479 0.114146
vt 0.149268 0.095511
vt 0.147251 0.078096
vt 0.196474 0.043089
vt 0.188023 0.061401
vt 0.202924 0.019341
vt 0.195621 0.149860
vt 0.201962 0.174114
vt 0.187415 0.131149
vt 0.181211 0.114423
vt 0.179067 0.096239
vt 0.181385 0.077887
vt 0.226243 0.045878
vt 0.220403 0.062764
vt 0.230505 0.022391
vt 0.225728 0.147378
vt 0.229909 0.171114
vt 0.220015 0.130313
vt 0.215456 0.114828
vt 0.213729 0.096451
vt 0.215674 0.078125
vt 0.245801 0.047162
vt 0.243132 0.063556
vt 0.248200 0.023796
vt 0.245422 0.146224
vt 0.247740 0.169744
vt 0.242855 0.129733
vt 0.240844 0.114866
vt 0.240019 0.096599
vt 0.241005 0.078358
vt 0.259255 0.047811
vt 0.258458 0.063960
vt 0.260643 0.024550
vt 0.258942 0.145644
vt 0.260251 0.169018
vt 0.258234 0.129433
vt 0.257806 0.114843
vt 0.257610 0.096672
vt 0.257936 0.078515
vt 0.272589 0.048605
vt 0.273536 0.064836
vt 0.273080 0.025299
vt 0.272325 0.144911
vt 0.272734 0.168299
vt 0.273353 0.128644
vt 0.274420 0.114209
vt 0.274873 0.096728
vt 0.274523 0.079254
vt 0.291603 0.049606
vt 0.295035 0.066125
vt 0.290838 0.026160
vt 0.291386 0.143989
vt 0.290543 0.167484
vt 0.294892 0.127459
vt 0.297917 0.113111
vt 0.299020 0.096792
vt 0.297992 0.080473
vt 0.319462 0.051556
vt 0.323337 0.068864
vt 0.318836 0.027783
vt 0.319289 0.142140
vt 0.318588 0.165938
vt 0.323229 0.124832
vt 0.326410 0.110823
vt 0.327449 0.096852
vt 0.326465 0.082879
vt 0.343472 0.053641
vt 0.345323 0.072043
vt 0.343676 0.029840
vt 0.343322 0.140136
vt 0.343453 0.163952
vt 0.345236 0.121731
vt 0.346940 0.108369
vt 0.347626 0.096889
vt 0.346980 0.085408
vt 0.356432 0.054312
vt 0.357145 0.073182
vt 0.356443 0.030643
vt 0.356290 0.139506
vt 0.356231 0.163186
vt 0.357065 0.120632
vt 0.357806 0.107425
vt 0.358217 0.096907
vt 0.357842 0.086389
vt 0.364663 0.054101
vt 0.364631 0.073065
vt 0.364703 0.030573
vt 0.364524 0.139743
vt 0.364492 0.163279
vt 0.364553 0.120773
vt 0.364575 0.107397
vt 0.364592 0.096918
vt 0.364609 0.086439
vt 0.372895 0.054340
vt 0.372118 0.073207
vt 0.372962 0.030672
vt 0.372759 0.139530
vt 0.372755 0.163205
vt 0.372041 0.120656
vt 0.371342 0.107447
vt 0.370968 0.096928
vt 0.371377 0.086412
vt 0.385857 0.053711
vt 0.383944 0.072108
vt 0.385730 0.029912
vt 0.385723 0.140198
vt 0.385526 0.164002
vt 0.383865 0.121792
vt 0.382207 0.108427
vt 0.381558 0.096945
vt 0.382243 0.085467
vt 0.409874 0.051705
vt 0.405942 0.069004
vt 0.410572 0.027933
vt 0.409736 0.142277
vt 0.410366 0.166054
vt 0.405857 0.124965
vt 0.402723 0.110949
vt 0.401733 0.096977
vt 0.402764 0.083009
vt 0.437750 0.049845
vt 0.434262 0.066361
vt 0.438576 0.026387
vt 0.437608 0.144220
vt 0.438367 0.167683
vt 0.434169 0.127693
vt 0.431200 0.113341
vt 0.430160 0.097021
vt 0.431249 0.080704
vt 0.456783 0.048903
vt 0.455779 0.065150
vt 0.456348 0.025565
vt 0.456639 0.145219
vt 0.456137 0.168557
vt 0.455685 0.128968
vt 0.454683 0.114538
vt 0.454310 0.097057
vt 0.454735 0.079577
vt 0.470140 0.048150
vt 0.470882 0.064332
vt 0.468799 0.024838
vt 0.469996 0.146012
vt 0.468587 0.169320
vt 0.470785 0.129831
vt 0.471289 0.115254
vt 0.471581 0.097083
vt 0.471342 0.078911
vt 0.483630 0.047541
vt 0.486241 0.063993
vt 0.481270 0.024101
vt 0.483484 0.146660
vt 0.481056 0.170094
vt 0.486145 0.130216
vt 0.488247 0.115376
vt 0.489185 0.097109
vt 0.488300 0.078839
vt 0.503266 0.046325
vt 0.509049 0.063319
vt 0.499024 0.022705
vt 0.503116 0.147934
vt 0.498805 0.171541
vt 0.508950 0.130956
vt 0.513638 0.115523
vt 0.515516 0.097147
vt 0.513693 0.078766
vt 0.196396 0.333016
vt 0.169299 0.337986
vt 0.159059 0.316851
vt 0.188016 0.314477
vt 0.202895 0.357029
vt 0.178843 0.361958
vt 0.196396 0.226131
vt 0.169299 0.221160
vt 0.178843 0.197188
vt 0.202895 0.202117
vt 0.188016 0.244669
vt 0.159059 0.242295
vt 0.181589 0.261309
vt 0.151812 0.260974
vt 0.179161 0.279573
vt 0.148974 0.279573
vt 0.181589 0.297837
vt 0.151812 0.298172
vt 0.154756 0.343369
vt 0.141751 0.321328
vt 0.166818 0.366475
vt 0.154756 0.215778
vt 0.166818 0.192672
vt 0.141752 0.237818
vt 0.132572 0.258826
vt 0.129111 0.279573
vt 0.132571 0.300320
vt 0.146209 0.348570
vt 0.130802 0.327180
vt 0.159395 0.370644
vt 0.146210 0.210577
vt 0.159396 0.188503
vt 0.130802 0.231967
vt 0.118889 0.254998
vt 0.114816 0.279573
vt 0.118889 0.304148
vt 0.583034 0.348472
vt 0.574498 0.343280
vt 0.587480 0.321268
vt 0.598415 0.327110
vt 0.569870 0.370519
vt 0.562457 0.366358
vt 0.583034 0.210674
vt 0.574498 0.215865
vt 0.562457 0.192789
vt 0.569869 0.188627
vt 0.598415 0.232036
vt 0.587480 0.237877
vt 0.610307 0.255034
vt 0.596644 0.258856
vt 0.614372 0.279573
vt 0.600098 0.279573
vt 0.610308 0.304111
vt 0.596644 0.300290
vt 0.559974 0.337908
vt 0.570196 0.316800
vt 0.550446 0.361850
vt 0.559973 0.221238
vt 0.550446 0.197297
vt 0.570196 0.242346
vt 0.577431 0.260999
vt 0.580265 0.279573
vt 0.577431 0.298146
vt 0.532910 0.332949
vt 0.541277 0.314433
vt 0.526425 0.356933
vt 0.532911 0.226197
vt 0.526425 0.202213
vt 0.541277 0.244713
vt 0.547694 0.261332
vt 0.550118 0.279573
vt 0.547694 0.297814
vt 0.503002 0.330262
vt 0.508797 0.313314
vt 0.498734 0.353821
vt 0.503002 0.228884
vt 0.498734 0.205324
vt 0.508797 0.245831
vt 0.513452 0.261236
vt 0.515298 0.279573
vt 0.513452 0.297909
vt 0.483412 0.329019
vt 0.486041 0.312609
vt 0.481026 0.352403
vt 0.483412 0.230126
vt 0.481026 0.206742
vt 0.486041 0.246536
vt 0.488118 0.261346
vt 0.489028 0.279573
vt 0.488118 0.297800
vt 0.469955 0.328393
vt 0.470718 0.312247
vt 0.468583 0.351650
vt 0.469955 0.230753
vt 0.468583 0.207496
vt 0.470718 0.246898
vt 0.471199 0.261442
vt 0.471464 0.279573
vt 0.471199 0.297703
vt 0.456626 0.327621
vt 0.455650 0.311409
vt 0.456160 0.350906
vt 0.456626 0.231524
vt 0.456160 0.208239
vt 0.455650 0.247736
vt 0.454630 0.262132
vt 0.454231 0.279573
vt 0.454630 0.297014
vt 0.437637 0.326654
vt 0.434182 0.310170
vt 0.438430 0.350061
vt 0.437637 0.232492
vt 0.438430 0.209085
vt 0.434182 0.248976
vt 0.431197 0.263291
vt 0.430135 0.279573
vt 0.431197 0.295854
vt 0.409828 0.324757
vt 0.405931 0.307491
vt 0.410492 0.348478
vt 0.409828 0.234389
vt 0.410491 0.210667
vt 0.405931 0.251654
vt 0.402781 0.265633
vt 0.401771 0.279573
vt 0.402781 0.293512
vt 0.385867 0.322720
vt 0.383983 0.304361
vt 0.385707 0.346468
vt 0.385865 0.236425
vt 0.385707 0.212677
vt 0.383983 0.254785
vt 0.382307 0.268118
vt 0.381642 0.279573
vt 0.382307 0.291028
vt 0.372931 0.322075
vt 0.372184 0.303246
vt 0.372964 0.345693
vt 0.372930 0.237071
vt 0.372964 0.213453
vt 0.372184 0.255899
vt 0.371465 0.269078
vt 0.371073 0.279573
vt 0.371465 0.290068
vt 0.364717 0.322301
vt 0.364714 0.303376
vt 0.364724 0.345781
vt 0.364717 0.236844
vt 0.364724 0.213365
vt 0.364714 0.255770
vt 0.364713 0.269116
vt 0.364713 0.279573
vt 0.364713 0.290030
vt 0.356503 0.322079
vt 0.357244 0.303248
vt 0.356484 0.345701
vt 0.356503 0.237067
vt 0.356484 0.213445
vt 0.357242 0.255898
vt 0.357959 0.269077
vt 0.358351 0.279573
vt 0.357959 0.290069
vt 0.343564 0.322731
vt 0.345443 0.304366
vt 0.343739 0.346487
vt 0.343564 0.236415
vt 0.343739 0.212659
vt 0.345443 0.254780
vt 0.347116 0.268116
vt 0.347781 0.279573
vt 0.347116 0.291030
vt 0.319594 0.324779
vt 0.323489 0.307503
vt 0.318942 0.348513
vt 0.319594 0.234367
vt 0.318942 0.210633
vt 0.323489 0.251643
vt 0.326638 0.265628
vt 0.327646 0.279573
vt 0.326638 0.293518
vt 0.291769 0.326687
vt 0.295220 0.310190
vt 0.290987 0.350112
vt 0.291769 0.232459
vt 0.290987 0.209034
vt 0.295220 0.248955
vt 0.298205 0.263281
vt 0.299267 0.279573
vt 0.298205 0.295865
vt 0.272764 0.327662
vt 0.273737 0.311436
vt 0.273242 0.350968
vt 0.272764 0.231484
vt 0.273242 0.208178
vt 0.273737 0.247710
vt 0.274755 0.262118
vt 0.275154 0.279573
vt 0.274756 0.297028
vt 0.259424 0.328439
vt 0.258656 0.312279
vt 0.260807 0.351719
vt 0.259424 0.230707
vt 0.260807 0.207427
vt 0.258656 0.246868
vt 0.258171 0.261426
vt 0.257906 0.279573
vt 0.258171 0.297720
vt 0.245953 0.329070
vt 0.243317 0.312643
vt 0.248352 0.352479
vt 0.245952 0.230076
vt 0.248351 0.206667
vt 0.243317 0.246503
vt 0.241235 0.261327
vt 0.240325 0.279573
vt 0.241235 0.297819
vt 0.226341 0.330319
vt 0.220536 0.313353
vt 0.230621 0.353906
vt 0.226341 0.228827
vt 0.230621 0.205241
vt 0.220536 0.245793
vt 0.215875 0.261215
vt 0.214027 0.279573
vt 0.215875 0.297931
vt 0.313929 0.234142
vt 0.337841 0.236381
vt 0.339574 0.254727
vt 0.317674 0.251425
vt 0.313488 0.210455
vt 0.338202 0.212680
vt 0.313315 0.324466
vt 0.337254 0.322553
vt 0.337293 0.346256
vt 0.312551 0.348145
vt 0.317295 0.307235
vt 0.339237 0.304232
vt 0.320523 0.293283
vt 0.340992 0.290929
vt 0.321623 0.279359
vt 0.341732 0.279495
vt 0.320713 0.265420
vt 0.341148 0.268053
vt 0.350748 0.237132
vt 0.351344 0.255931
vt 0.350911 0.213561
vt 0.350171 0.321978
vt 0.350012 0.345549
vt 0.351023 0.303189
vt 0.351821 0.290040
vt 0.352282 0.279567
vt 0.351964 0.269089
vt 0.358947 0.236973
vt 0.358801 0.255858
vt 0.359135 0.213542
vt 0.358367 0.322249
vt 0.358235 0.345679
vt 0.358478 0.303363
vt 0.358561 0.290045
vt 0.358631 0.279610
vt 0.358703 0.269176
vt 0.367142 0.237262
vt 0.366254 0.256043
vt 0.367358 0.213690
vt 0.366564 0.322071
vt 0.366460 0.345643
vt 0.365932 0.303279
vt 0.365299 0.290127
vt 0.364978 0.279654
vt 0.365442 0.269186
vt 0.380054 0.236718
vt 0.378033 0.255019
vt 0.380085 0.213014
vt 0.379468 0.322791
vt 0.379176 0.346493
vt 0.377696 0.304463
vt 0.376108 0.291155
vt 0.375519 0.279725
vt 0.376263 0.268305
vt 0.403972 0.234886
vt 0.399940 0.252068
vt 0.404850 0.211218
vt 0.403359 0.324948
vt 0.403914 0.348626
vt 0.399562 0.307713
vt 0.396504 0.293761
vt 0.395588 0.279862
vt 0.396693 0.265976
vt 0.431710 0.233260
vt 0.428104 0.249642
vt 0.432767 0.209921
vt 0.431072 0.326952
vt 0.431811 0.350302
vt 0.427689 0.310522
vt 0.424789 0.296261
vt 0.423832 0.280054
vt 0.425009 0.263863
vt 0.450628 0.232516
vt 0.449464 0.248625
vt 0.450480 0.209303
vt 0.449978 0.327953
vt 0.449514 0.351162
vt 0.449034 0.311830
vt 0.448069 0.297530
vt 0.447769 0.280217
vt 0.448304 0.262911
vt 0.463893 0.231929
vt 0.464428 0.247971
vt 0.462887 0.208748
vt 0.463234 0.328720
vt 0.461912 0.351886
vt 0.463987 0.312688
vt 0.464490 0.298277
vt 0.464834 0.280333
vt 0.464734 0.262388
vt 0.477269 0.231515
vt 0.479606 0.247820
vt 0.475312 0.208198
vt 0.476603 0.329317
vt 0.474328 0.352605
vt 0.479162 0.313045
vt 0.481210 0.298415
vt 0.482177 0.280452
vt 0.481454 0.262477
vt 0.496708 0.230655
vt 0.502054 0.247506
vt 0.493023 0.207129
vt 0.496029 0.330442
vt 0.492023 0.353915
vt 0.501603 0.313665
vt 0.506091 0.298531
vt 0.507925 0.280627
vt 0.506335 0.262700
vt 0.526291 0.228833
vt 0.533777 0.247217
vt 0.520785 0.204804
vt 0.525584 0.332666
vt 0.519751 0.356619
vt 0.533319 0.314386
vt 0.539213 0.298267
vt 0.541458 0.280855
vt 0.539451 0.263415
vt 0.553097 0.225204
vt 0.561530 0.246171
vt 0.545037 0.200981
vt 0.552338 0.336660
vt 0.543949 0.360771
vt 0.561056 0.315809
vt 0.567067 0.298123
vt 0.569455 0.281046
vt 0.567300 0.263938
vt 0.567753 0.220932
vt 0.577971 0.243171
vt 0.557289 0.197214
vt 0.566934 0.341132
vt 0.556148 0.364704
vt 0.577454 0.319033
vt 0.584379 0.299492
vt 0.587024 0.281166
vt 0.584629 0.262805
vt 0.576661 0.216566
vt 0.588530 0.238866
vt 0.564950 0.193555
vt 0.575782 0.345619
vt 0.563759 0.368468
vt 0.587954 0.323482
vt 0.596390 0.302186
vt 0.599218 0.281249
vt 0.596675 0.260274
vt 0.585286 0.211753
vt 0.599191 0.233298
vt 0.572579 0.189440
vt 0.584341 0.350548
vt 0.571331 0.372686
vt 0.598538 0.329194
vt 0.609854 0.306534
vt 0.614816 0.281355
vt 0.610197 0.256111
vt 0.150291 0.211346
vt 0.163992 0.217572
vt 0.151606 0.238004
vt 0.133755 0.231072
vt 0.162808 0.189445
vt 0.174438 0.194382
vt 0.149382 0.345033
vt 0.163166 0.338994
vt 0.173296 0.362323
vt 0.161599 0.367102
vt 0.133116 0.325083
vt 0.151059 0.318395
vt 0.119608 0.302956
vt 0.141761 0.298862
vt 0.114816 0.277951
vt 0.138074 0.278109
vt 0.119948 0.253013
vt 0.142043 0.257409
vt 0.190723 0.223836
vt 0.181446 0.242259
vt 0.198021 0.200136
vt 0.189980 0.333094
vt 0.196954 0.356891
vt 0.180955 0.314547
vt 0.173852 0.297520
vt 0.171119 0.278334
vt 0.174112 0.259187
vt 0.220710 0.227393
vt 0.214484 0.244338
vt 0.225497 0.203926
vt 0.220012 0.329946
vt 0.224479 0.353476
vt 0.214017 0.312917
vt 0.209189 0.297310
vt 0.207315 0.278581
vt 0.209444 0.259878
vt 0.240349 0.229009
vt 0.237439 0.245450
vt 0.243134 0.205660
vt 0.239672 0.328597
vt 0.242138 0.351982
vt 0.236986 0.312118
vt 0.234885 0.297189
vt 0.234034 0.278762
vt 0.235136 0.260349
vt 0.253829 0.229842
vt 0.252842 0.246024
vt 0.255546 0.206603
vt 0.253162 0.327948
vt 0.254562 0.351207
vt 0.252396 0.311754
vt 0.251938 0.297133
vt 0.251755 0.278883
vt 0.252187 0.260637
vt 0.267165 0.230792
vt 0.267951 0.247043
vt 0.267941 0.207524
vt 0.266509 0.327179
vt 0.266968 0.350456
vt 0.267516 0.310940
vt 0.268591 0.296504
vt 0.269088 0.279001
vt 0.268829 0.261492
vt 0.286153 0.231978
vt 0.289444 0.248501
vt 0.285626 0.208589
vt 0.285511 0.326251
vt 0.284666 0.349631
vt 0.289027 0.309775
vt 0.292084 0.295460
vt 0.293248 0.279165
vt 0.292306 0.262856
vt 0.313929 0.050774
vt 0.337841 0.053013
vt 0.339574 0.071360
vt 0.317674 0.068058
vt 0.313488 0.027088
vt 0.338202 0.029313
vt 0.313315 0.141099
vt 0.337254 0.139185
vt 0.337293 0.162889
vt 0.312551 0.164777
vt 0.317295 0.123868
vt 0.339237 0.120864
vt 0.320523 0.109915
vt 0.340992 0.107561
vt 0.321623 0.095991
vt 0.341732 0.096128
vt 0.320713 0.082053
vt 0.341148 0.084686
vt 0.350748 0.053764
vt 0.351344 0.072563
vt 0.350911 0.030194
vt 0.350171 0.138610
vt 0.350012 0.162181
vt 0.351023 0.119821
vt 0.351821 0.106672
vt 0.352282 0.096200
vt 0.351964 0.085722
vt 0.358947 0.053605
vt 0.358801 0.072490
vt 0.359135 0.030175
vt 0.358367 0.138881
vt 0.358235 0.162312
vt 0.358478 0.119996
vt 0.358561 0.106677
vt 0.358631 0.096243
vt 0.358703 0.085809
vt 0.367142 0.053894
vt 0.366254 0.072676
vt 0.367358 0.030323
vt 0.366564 0.138704
vt 0.366460 0.162276
vt 0.365932 0.119912
vt 0.365299 0.106760
vt 0.364978 0.096286
vt 0.365442 0.085818
vt 0.380054 0.053351
vt 0.378033 0.071652
vt 0.380085 0.029646
vt 0.379468 0.139423
vt 0.379176 0.163126
vt 0.377696 0.121096
vt 0.376108 0.107787
vt 0.375519 0.096358
vt 0.376263 0.084938
vt 0.403972 0.051518
vt 0.399940 0.068700
vt 0.404850 0.027850
vt 0.403359 0.141581
vt 0.403914 0.165259
vt 0.399562 0.124346
vt 0.396504 0.110394
vt 0.395588 0.096495
vt 0.396693 0.082609
vt 0.431710 0.049893
vt 0.428104 0.066275
vt 0.432767 0.026554
vt 0.431072 0.143584
vt 0.431811 0.166935
vt 0.427689 0.127155
vt 0.424789 0.112893
vt 0.423832 0.096687
vt 0.425009 0.080495
vt 0.450628 0.049148
vt 0.449464 0.065257
vt 0.450480 0.025936
vt 0.449978 0.144586
vt 0.449514 0.167794
vt 0.449034 0.128463
vt 0.448069 0.114162
vt 0.447769 0.096850
vt 0.448304 0.079543
vt 0.463893 0.048562
vt 0.464428 0.064603
vt 0.462887 0.025380
vt 0.463234 0.145353
vt 0.461912 0.168519
vt 0.463987 0.129321
vt 0.464490 0.114909
vt 0.464834 0.096966
vt 0.464734 0.079020
vt 0.477269 0.048148
vt 0.479606 0.064453
vt 0.475312 0.024830
vt 0.476603 0.145950
vt 0.474328 0.169238
vt 0.479162 0.129678
vt 0.481210 0.115048
vt 0.482177 0.097084
vt 0.481454 0.079110
vt 0.496708 0.047288
vt 0.502054 0.064139
vt 0.493023 0.023762
vt 0.496029 0.147074
vt 0.492023 0.170548
vt 0.501603 0.130297
vt 0.506091 0.115163
vt 0.507925 0.097260
vt 0.506335 0.079333
vt 0.526291 0.045466
vt 0.533777 0.063850
vt 0.520785 0.021436
vt 0.525584 0.149298
vt 0.519751 0.173251
vt 0.533319 0.131019
vt 0.539213 0.114899
vt 0.541458 0.097488
vt 0.539451 0.080047
vt 0.553097 0.041837
vt 0.561530 0.062804
vt 0.545037 0.017614
vt 0.552338 0.153293
vt 0.543949 0.177404
vt 0.561056 0.132442
vt 0.567067 0.114755
vt 0.569455 0.097679
vt 0.567300 0.080571
vt 0.567753 0.037564
vt 0.577971 0.059804
vt 0.557289 0.013847
vt 0.566934 0.157764
vt 0.556148 0.181337
vt 0.577454 0.135666
vt 0.584379 0.116125
vt 0.587024 0.097798
vt 0.584629 0.079438
vt 0.576661 0.033198
vt 0.588530 0.055498
vt 0.564950 0.010188
vt 0.575782 0.162251
vt 0.563759 0.185100
vt 0.587954 0.140115
vt 0.596390 0.118819
vt 0.599218 0.097881
vt 0.596675 0.076907
vt 0.585286 0.028386
vt 0.599191 0.049931
vt 0.572579 0.006072
vt 0.584341 0.167181
vt 0.571331 0.189319
vt 0.598538 0.145827
vt 0.609854 0.123166
vt 0.614816 0.097988
vt 0.610197 0.072743
vt 0.150291 0.027979
vt 0.163992 0.034205
vt 0.151606 0.054637
vt 0.133755 0.047705
vt 0.162808 0.006077
vt 0.174438 0.011015
vt 0.149382 0.161665
vt 0.163166 0.155626
vt 0.173296 0.178956
vt 0.161599 0.183735
vt 0.133116 0.141716
vt 0.151059 0.135028
vt 0.119608 0.119589
vt 0.141761 0.115494
vt 0.114816 0.094584
vt 0.138074 0.094742
vt 0.119948 0.069646
vt 0.142043 0.074042
vt 0.190723 0.040469
vt 0.181446 0.058892
vt 0.198021 0.016769
vt 0.189980 0.149726
vt 0.196954 0.173524
vt 0.180955 0.131179
vt 0.173852 0.114153
vt 0.171119 0.094967
vt 0.174112 0.075820
vt 0.220710 0.044025
vt 0.214484 0.060971
vt 0.225497 0.020559
vt 0.220012 0.146579
vt 0.224479 0.170108
vt 0.214017 0.129550
vt 0.209189 0.113943
vt 0.207315 0.095213
vt 0.209444 0.076511
vt 0.240349 0.045642
vt 0.237439 0.062082
vt 0.243134 0.022292
vt 0.239672 0.145229
vt 0.242138 0.168614
vt 0.236986 0.128751
vt 0.234885 0.113821
vt 0.234034 0.095395
vt 0.235136 0.076982
vt 0.253829 0.046474
vt 0.252842 0.062656
vt 0.255546 0.023236
vt 0.253162 0.144581
vt 0.254562 0.167840
vt 0.252396 0.128387
vt 0.251938 0.113766
vt 0.251755 0.095515
vt 0.252187 0.077270
vt 0.267165 0.047425
vt 0.267951 0.063676
vt 0.267941 0.024156
vt 0.266509 0.143811
vt 0.266968 0.167088
vt 0.267516 0.127573
vt 0.268591 0.113137
vt 0.269088 0.095633
vt 0.268829 0.078125
vt 0.286153 0.048611
vt 0.289444 0.065134
vt 0.285626 0.025222
vt 0.285511 0.142884
vt 0.284666 0.166264
vt 0.289027 0.126407
vt 0.292084 0.112093
vt 0.293248 0.095798
vt 0.292306 0.079489
vt 0.429093 -2.932122
vt 0.435035 -2.443586
vt 0.421391 -2.443427
vt 0.415898 -2.928660
vt 0.325259 -2.928420
vt 0.321718 -2.443351
vt 0.308073 -2.443366
vt 0.312053 -2.931823
vt 0.341426 -2.920317
vt 0.339772 -2.443348
vt 0.357480 -2.912204
vt 0.357829 -2.443307
vt 0.370604 -2.908847
vt 0.371550 -2.443371
vt 0.383721 -2.912245
vt 0.385278 -2.443281
vt 0.399757 -2.920432
vt 0.403342 -2.443253
vt 0.435089 -1.934068
vt 0.421397 -1.934026
vt 0.322169 -1.934105
vt 0.308479 -1.934116
vt 0.340205 -1.934096
vt 0.358187 -1.934090
vt 0.371777 -1.934167
vt 0.385371 -1.934059
vt 0.403361 -1.933976
vt 0.434170 -1.398494
vt 0.420499 -1.398496
vt 0.321329 -1.398725
vt 0.307660 -1.398768
vt 0.339345 -1.398671
vt 0.357319 -1.398643
vt 0.370910 -1.398754
vt 0.384502 -1.398581
vt 0.402480 -1.398498
vt 0.432512 -0.842604
vt 0.418846 -0.842632
vt 0.319668 -0.842969
vt 0.306004 -0.843029
vt 0.337676 -0.842891
vt 0.355650 -0.842848
vt 0.369255 -0.842909
vt 0.382859 -0.842756
vt 0.400837 -0.842670
vt 0.430331 -0.273986
vt 0.416672 -0.274011
vt 0.317563 -0.274473
vt 0.303892 -0.274512
vt 0.335544 -0.274420
vt 0.353495 -0.274342
vt 0.367081 -0.274273
vt 0.380690 -0.274143
vt 0.398668 -0.274047
vt 0.428342 0.298742
vt 0.414671 0.298699
vt 0.315561 0.298214
vt 0.301905 0.298184
vt 0.333566 0.298252
vt 0.351541 0.298354
vt 0.365151 0.298487
vt 0.378738 0.298560
vt 0.396689 0.298643
vt 0.425947 0.867238
vt 0.412283 0.867168
vt 0.313103 0.866757
vt 0.299439 0.866719
vt 0.331111 0.866809
vt 0.349089 0.866908
vt 0.362693 0.867070
vt 0.376299 0.867021
vt 0.394275 0.867077
vt 0.423739 1.423020
vt 0.410066 1.422960
vt 0.310895 1.422605
vt 0.297223 1.422589
vt 0.328913 1.422632
vt 0.346891 1.422737
vt 0.360482 1.422927
vt 0.374075 1.422833
vt 0.392049 1.422882
vt 0.422118 1.958388
vt 0.408429 1.958356
vt 0.309194 1.958103
vt 0.295504 1.958120
vt 0.327231 1.958085
vt 0.345221 1.958197
vt 0.358815 1.958329
vt 0.372406 1.958277
vt 0.390390 1.958314
vt 0.421508 2.467701
vt 0.407862 2.467655
vt 0.308187 2.467509
vt 0.294543 2.467637
vt 0.326235 2.467374
vt 0.344300 2.467443
vt 0.358028 2.467563
vt 0.371748 2.467530
vt 0.389807 2.467611
vt 0.416301 2.956176
vt 0.403102 2.952734
vt 0.312466 2.952719
vt 0.299262 2.956140
vt 0.328628 2.944534
vt 0.344682 2.936393
vt 0.357806 2.933034
vt 0.370921 2.936429
vt 0.386955 2.944586
vt -0.183362 -0.518330
vt -0.183363 -0.395892
vt -0.201266 -0.395892
vt -0.201266 -0.518330
vt -0.165459 -0.518330
vt -0.165459 -0.395892
vt -0.141862 -0.518330
vt -0.141862 -0.395892
vt -0.118265 -0.518330
vt -0.118266 -0.395892
vt -0.100362 -0.518330
vt -0.100362 -0.395892
vt -0.082458 -0.518330
vt -0.082458 -0.395892
vt -0.058861 -0.518330
vt -0.058861 -0.395892
vt -0.224863 -0.395892
vt -0.224863 -0.518330
vt -0.183363 -0.276149
vt -0.201266 -0.276149
vt -0.165459 -0.276149
vt -0.141862 -0.276148
vt -0.118266 -0.276148
vt -0.100362 -0.276148
vt -0.082458 -0.276148
vt -0.058862 -0.276148
vt -0.224863 -0.276148
vt -0.183363 -0.158587
vt -0.201266 -0.158587
vt -0.165459 -0.158587
vt -0.141862 -0.158587
vt -0.118266 -0.158587
vt -0.100362 -0.158588
vt -0.082458 -0.158587
vt -0.058862 -0.158587
vt -0.224863 -0.158587
vt -0.183363 -0.042755
vt -0.201266 -0.042755
vt -0.165459 -0.042755
vt -0.141862 -0.042755
vt -0.118266 -0.042755
vt -0.100362 -0.042755
vt -0.082458 -0.042755
vt -0.058862 -0.042755
vt -0.224863 -0.042755
vt -0.183363 0.071755
vt -0.201266 0.071755
vt -0.165459 0.071755
vt -0.141862 0.071755
vt -0.118266 0.071755
vt -0.100362 0.071755
vt -0.082458 0.071755
vt -0.058862 0.071755
vt -0.224863 0.071755
vt -0.183363 0.185293
vt -0.201266 0.185293
vt -0.165459 0.185293
vt -0.141863 0.185293
vt -0.118266 0.185293
vt -0.100362 0.185293
vt -0.082458 0.185293
vt -0.058862 0.185293
vt -0.224863 0.185293
vt -0.183363 0.298154
vt -0.201266 0.298154
vt -0.165459 0.298154
vt -0.141862 0.298154
vt -0.118266 0.298154
vt -0.100362 0.298154
vt -0.082458 0.298154
vt -0.058862 0.298154
vt -0.224863 0.298154
vt -0.183363 0.410579
vt -0.201266 0.410579
vt -0.165459 0.410580
vt -0.141862 0.410580
vt -0.118266 0.410580
vt -0.100362 0.410580
vt -0.082458 0.410580
vt -0.058862 0.410580
vt -0.224863 0.410580
vt -0.183363 0.522759
vt -0.201266 0.522759
vt -0.165459 0.522759
vt -0.141862 0.522759
vt -0.118266 0.522759
vt -0.100362 0.522759
vt -0.082458 0.522759
vt -0.058862 0.522759
vt -0.224863 0.522759
vt -0.183363 0.634826
vt -0.201266 0.634826
vt -0.165459 0.634826
vt -0.141862 0.634826
vt -0.118266 0.634826
vt -0.100362 0.634826
vt -0.082458 0.634826
vt -0.058862 0.634826
vt -0.224863 0.634826
vt -0.183363 0.746862
vt -0.201266 0.746862
vt -0.165459 0.746862
vt -0.141862 0.746862
vt -0.118266 0.746862
vt -0.100362 0.746862
vt -0.082458 0.746862
vt -0.058862 0.746862
vt -0.224863 0.746862
vt 0.151567 -0.518330
vt 0.151567 -0.395893
vt 0.133663 -0.395893
vt 0.133663 -0.518330
vt 0.169470 -0.518330
vt 0.169471 -0.395893
vt 0.193067 -0.518330
vt 0.193067 -0.395893
vt 0.216664 -0.518330
vt 0.216664 -0.395893
vt 0.234568 -0.518330
vt 0.234567 -0.395893
vt 0.252471 -0.518330
vt 0.252471 -0.395893
vt 0.276069 -0.518330
vt 0.276068 -0.395893
vt 0.110067 -0.395893
vt 0.110067 -0.518330
vt 0.151567 -0.276149
vt 0.133663 -0.276149
vt 0.169470 -0.276149
vt 0.193067 -0.276149
vt 0.216664 -0.276149
vt 0.234567 -0.276149
vt 0.252471 -0.276149
vt 0.276067 -0.276149
vt 0.110066 -0.276148
vt 0.151566 -0.158589
vt 0.133663 -0.158589
vt 0.169470 -0.158589
vt 0.193067 -0.158589
vt 0.216664 -0.158589
vt 0.234568 -0.158589
vt 0.252471 -0.158589
vt 0.276068 -0.158589
vt 0.110066 -0.158589
vt 0.151567 -0.042755
vt 0.133663 -0.042755
vt 0.169470 -0.042755
vt 0.193067 -0.042755
vt 0.216664 -0.042755
vt 0.234567 -0.042755
vt 0.252471 -0.042755
vt 0.276068 -0.042755
vt 0.110066 -0.042755
vt 0.151567 0.071755
vt 0.133663 0.071755
vt 0.169471 0.071755
vt 0.193067 0.071755
vt 0.216664 0.071755
vt 0.234567 0.071755
vt 0.252471 0.071755
vt 0.276068 0.071755
vt 0.110067 0.071755
vt 0.151567 0.185293
vt 0.133663 0.185293
vt 0.169471 0.185293
vt 0.193067 0.185293
vt 0.216664 0.185293
vt 0.234568 0.185293
vt 0.252471 0.185293
vt 0.276068 0.185293
vt 0.110067 0.185293
vt 0.151567 0.298154
vt 0.133663 0.298154
vt 0.169471 0.298154
vt 0.193067 0.298154
vt 0.216664 0.298154
vt 0.234568 0.298154
vt 0.252472 0.298154
vt 0.276069 0.298154
vt 0.110067 0.298155
vt 0.151567 0.410580
vt 0.133664 0.410580
vt 0.169471 0.410580
vt 0.193067 0.410580
vt 0.216664 0.410580
vt 0.234568 0.410580
vt 0.252472 0.410580
vt 0.276069 0.410580
vt 0.110067 0.410580
vt 0.151568 0.522759
vt 0.133664 0.522759
vt 0.169471 0.522759
vt 0.193068 0.522759
vt 0.216665 0.522759
vt 0.234568 0.522759
vt 0.252471 0.522759
vt 0.276068 0.522759
vt 0.110067 0.522759
vt 0.151568 0.634825
vt 0.133664 0.634825
vt 0.169471 0.634825
vt 0.193068 0.634825
vt 0.216665 0.634825
vt 0.234568 0.634825
vt 0.252472 0.634825
vt 0.276069 0.634825
vt 0.110068 0.634826
vt 0.151568 0.746862
vt 0.133664 0.746862
vt 0.169472 0.746862
vt 0.193068 0.746862
vt 0.216665 0.746862
vt 0.234568 0.746862
vt 0.252472 0.746862
vt 0.276069 0.746862
vt 0.110068 0.746862
vt -0.099594 -0.099254
vt -0.099636 0.023184
vt -0.117540 0.023178
vt -0.117498 -0.099260
vt -0.081691 -0.099248
vt -0.081733 0.023190
vt -0.058093 -0.099240
vt -0.058136 0.023199
vt -0.034497 -0.099232
vt -0.034540 0.023207
vt -0.016594 -0.099226
vt -0.016636 0.023213
vt 0.001310 -0.099219
vt 0.001268 0.023219
vt 0.024907 -0.099211
vt 0.024864 0.023227
vt -0.141137 0.023169
vt -0.141095 -0.099269
vt -0.099678 0.142928
vt -0.117582 0.142922
vt -0.081774 0.142934
vt -0.058177 0.142943
vt -0.034581 0.142950
vt -0.016677 0.142956
vt 0.001227 0.142962
vt 0.024823 0.142971
vt -0.141179 0.142913
vt -0.099719 0.260488
vt -0.117622 0.260481
vt -0.081815 0.260494
vt -0.058218 0.260502
vt -0.034621 0.260510
vt -0.016718 0.260516
vt 0.001186 0.260522
vt 0.024782 0.260531
vt -0.141219 0.260473
vt -0.099758 0.376321
vt -0.117662 0.376315
vt -0.081855 0.376328
vt -0.058258 0.376335
vt -0.034662 0.376344
vt -0.016758 0.376350
vt 0.001146 0.376356
vt 0.024742 0.376364
vt -0.141259 0.376307
vt -0.099798 0.490831
vt -0.117702 0.490825
vt -0.081894 0.490837
vt -0.058297 0.490845
vt -0.034701 0.490853
vt -0.016797 0.490860
vt 0.001106 0.490866
vt 0.024703 0.490874
vt -0.141299 0.490816
vt -0.099837 0.604369
vt -0.117741 0.604362
vt -0.081934 0.604375
vt -0.058337 0.604383
vt -0.034740 0.604391
vt -0.016836 0.604398
vt 0.001067 0.604403
vt 0.024663 0.604411
vt -0.141338 0.604354
vt -0.099876 0.717230
vt -0.117780 0.717224
vt -0.081973 0.717236
vt -0.058375 0.717244
vt -0.034779 0.717252
vt -0.016876 0.717258
vt 0.001028 0.717264
vt 0.024625 0.717273
vt -0.141377 0.717215
vt -0.099915 0.829655
vt -0.117819 0.829649
vt -0.082011 0.829662
vt -0.058414 0.829670
vt -0.034818 0.829678
vt -0.016914 0.829684
vt 0.000989 0.829690
vt 0.024586 0.829698
vt -0.141416 0.829641
vt -0.099954 0.941835
vt -0.117858 0.941829
vt -0.082050 0.941841
vt -0.058454 0.941849
vt -0.034857 0.941857
vt -0.016953 0.941863
vt 0.000950 0.941869
vt 0.024548 0.941877
vt -0.141454 0.941820
vt -0.099993 1.053902
vt -0.117896 1.053896
vt -0.082089 1.053908
vt -0.058493 1.053916
vt -0.034896 1.053924
vt -0.016992 1.053931
vt 0.000912 1.053937
vt 0.024509 1.053945
vt -0.141493 1.053887
vt -0.100031 1.165937
vt -0.117935 1.165932
vt -0.082128 1.165944
vt -0.058531 1.165952
vt -0.034934 1.165960
vt -0.017030 1.165966
vt 0.000873 1.165972
vt 0.024470 1.165980
vt -0.141531 1.165923
vt -0.015898 -0.518330
vt -0.015898 -0.395893
vt -0.033802 -0.395893
vt -0.033802 -0.518330
vt 0.002006 -0.518330
vt 0.002006 -0.395893
vt 0.025601 -0.518330
vt 0.025602 -0.395893
vt 0.049199 -0.518330
vt 0.049199 -0.395893
vt 0.067102 -0.518330
vt 0.067102 -0.395893
vt 0.085006 -0.518330
vt 0.085006 -0.395893
vt 0.108603 -0.518330
vt 0.108603 -0.395893
vt -0.057399 -0.395893
vt -0.057398 -0.518330
vt -0.015898 -0.276149
vt -0.033802 -0.276149
vt 0.002006 -0.276149
vt 0.025602 -0.276149
vt 0.049198 -0.276149
vt 0.067102 -0.276149
vt 0.085006 -0.276149
vt 0.108603 -0.276149
vt -0.057398 -0.276149
vt -0.015898 -0.158589
vt -0.033802 -0.158589
vt 0.002006 -0.158589
vt 0.025601 -0.158589
vt 0.049198 -0.158589
vt 0.067102 -0.158589
vt 0.085006 -0.158589
vt 0.108603 -0.158589
vt -0.057398 -0.158589
vt -0.015898 -0.042756
vt -0.033802 -0.042756
vt 0.002006 -0.042756
vt 0.025602 -0.042756
vt 0.049199 -0.042756
vt 0.067102 -0.042756
vt 0.085006 -0.042756
vt 0.108602 -0.042756
vt -0.057399 -0.042756
vt -0.015898 0.071755
vt -0.033802 0.071755
vt 0.002006 0.071755
vt 0.025602 0.071755
vt 0.049199 0.071755
vt 0.067102 0.071755
vt 0.085007 0.071755
vt 0.108603 0.071755
vt -0.057398 0.071755
vt -0.015898 0.185293
vt -0.033802 0.185293
vt 0.002006 0.185293
vt 0.025602 0.185293
vt 0.049199 0.185292
vt 0.067102 0.185292
vt 0.085006 0.185293
vt 0.108603 0.185292
vt -0.057398 0.185293
vt -0.015898 0.298154
vt -0.033802 0.298154
vt 0.002006 0.298154
vt 0.025602 0.298154
vt 0.049199 0.298154
vt 0.067102 0.298154
vt 0.085006 0.298154
vt 0.108603 0.298154
vt -0.057398 0.298154
vt -0.015898 0.410579
vt -0.033802 0.410579
vt 0.002006 0.410579
vt 0.025602 0.410579
vt 0.049199 0.410579
vt 0.067103 0.410579
vt 0.085006 0.410579
vt 0.108603 0.410579
vt -0.057399 0.410579
vt -0.015898 0.522759
vt -0.033802 0.522759
vt 0.002006 0.522759
vt 0.025602 0.522759
vt 0.049199 0.522759
vt 0.067102 0.522759
vt 0.085006 0.522759
vt 0.108603 0.522759
vt -0.057399 0.522759
vt -0.015898 0.634826
vt -0.033802 0.634826
vt 0.002005 0.634826
vt 0.025602 0.634826
vt 0.049199 0.634826
vt 0.067102 0.634826
vt 0.085006 0.634826
vt 0.108603 0.634826
vt -0.057399 0.634826
vt -0.015899 0.746862
vt -0.033802 0.746862
vt 0.002005 0.746862
vt 0.025601 0.746862
vt 0.049199 0.746862
vt 0.067102 0.746862
vt 0.085006 0.746862
vt 0.108603 0.746862
vt -0.057399 0.746862
vt -0.350826 -0.473563
vt -0.350863 -0.365330
vt -0.368766 -0.365336
vt -0.368729 -0.473569
vt -0.332922 -0.473557
vt -0.332959 -0.365323
vt -0.309326 -0.473549
vt -0.309363 -0.365315
vt -0.285729 -0.473541
vt -0.285767 -0.365307
vt -0.267825 -0.473534
vt -0.267863 -0.365301
vt -0.249922 -0.473528
vt -0.249959 -0.365295
vt -0.226325 -0.473519
vt -0.226363 -0.365287
vt -0.392363 -0.365344
vt -0.392326 -0.473577
vt -0.350900 -0.256110
vt -0.368804 -0.256116
vt -0.332997 -0.256104
vt -0.309401 -0.256096
vt -0.285804 -0.256088
vt -0.267900 -0.256081
vt -0.249996 -0.256076
vt -0.226400 -0.256067
vt -0.392400 -0.256124
vt -0.350939 -0.146096
vt -0.368842 -0.146101
vt -0.333035 -0.146089
vt -0.309439 -0.146081
vt -0.285842 -0.146073
vt -0.267939 -0.146067
vt -0.250035 -0.146060
vt -0.226439 -0.146052
vt -0.392439 -0.146109
vt -0.350977 -0.035450
vt -0.368881 -0.035456
vt -0.333074 -0.035444
vt -0.309478 -0.035436
vt -0.285881 -0.035427
vt -0.267977 -0.035421
vt -0.250073 -0.035415
vt -0.226477 -0.035407
vt -0.392477 -0.035464
vt -0.351015 0.075678
vt -0.368919 0.075672
vt -0.333112 0.075685
vt -0.309516 0.075693
vt -0.285919 0.075700
vt -0.268015 0.075707
vt -0.250111 0.075713
vt -0.226515 0.075721
vt -0.392515 0.075664
vt -0.351055 0.187162
vt -0.368958 0.187156
vt -0.333151 0.187169
vt -0.309554 0.187177
vt -0.285958 0.187185
vt -0.268054 0.187191
vt -0.250151 0.187197
vt -0.226554 0.187206
vt -0.392554 0.187148
vt -0.351093 0.298894
vt -0.368996 0.298888
vt -0.333189 0.298900
vt -0.309592 0.298909
vt -0.285996 0.298916
vt -0.268093 0.298923
vt -0.250189 0.298929
vt -0.226592 0.298937
vt -0.392592 0.298880
vt -0.351132 0.410784
vt -0.369035 0.410778
vt -0.333228 0.410791
vt -0.309631 0.410799
vt -0.286035 0.410807
vt -0.268131 0.410813
vt -0.250228 0.410819
vt -0.226631 0.410828
vt -0.392632 0.410770
vt -0.351170 0.522764
vt -0.369074 0.522758
vt -0.333266 0.522770
vt -0.309670 0.522778
vt -0.286073 0.522786
vt -0.268170 0.522793
vt -0.250266 0.522799
vt -0.226669 0.522807
vt -0.392670 0.522750
vt -0.351209 0.634786
vt -0.369114 0.634780
vt -0.333305 0.634792
vt -0.309709 0.634800
vt -0.286112 0.634809
vt -0.268208 0.634815
vt -0.250305 0.634821
vt -0.226708 0.634829
vt -0.392710 0.634772
vt -0.351248 0.746819
vt -0.369152 0.746813
vt -0.333345 0.746825
vt -0.309748 0.746834
vt -0.286151 0.746842
vt -0.268247 0.746848
vt -0.250344 0.746854
vt -0.226747 0.746862
vt -0.392750 0.746805
vt 0.996346 0.529820
vt 0.996346 0.522422
vt 0.870432 0.522422
vt 0.870432 0.529820
vt 0.923343 0.996346
vt 0.923344 0.870432
vt 0.925356 0.870432
vt 0.925356 0.996346
vt 0.926290 0.998376
vt 0.924747 0.999086
vt 0.999087 0.529441
vt 0.999087 0.522043
vt 0.916245 0.481108
vt 0.918239 0.488509
vt 0.954403 0.478974
vt 0.952476 0.471556
vt 0.951889 0.469300
vt 0.915638 0.478857
vt 0.912635 0.480290
vt 0.911981 0.482254
vt 0.913982 0.489653
vt 0.923344 0.500000
vt 0.925356 0.500000
vt 0.500000 0.529820
vt 0.500000 0.522422
vt 0.996345 0.464438
vt 0.996345 0.456930
vt 0.999086 0.457223
vt 0.999086 0.464731
vt 0.998376 0.466650
vt 0.996345 0.467014
vt 0.870431 0.467014
vt 0.870432 0.464438
vt 0.870432 0.456930
vt 0.499999 0.464438
vt 0.500000 0.456930
vt 0.499999 0.467014
vt 0.929770 0.996346
vt 0.965554 0.996346
vt 0.965358 0.999086
vt 0.929568 0.999086
vt 0.929770 0.870432
vt 0.965554 0.870432
vt 0.929770 0.500000
vt 0.965554 0.500000
vt 0.915436 0.996346
vt 0.915638 0.999087
vt 0.951889 0.999087
vt 0.951693 0.996346
vt 0.951693 0.870432
vt 0.915436 0.870432
vt 0.911372 0.870432
vt 0.911372 0.996346
vt 0.912635 0.998376
vt 0.915436 0.500000
vt 0.951694 0.500000
vt 0.911372 0.500000
vt 0.184308 0.500000
vt 0.184308 0.870432
vt 0.188789 0.870432
vt 0.188789 0.500000
vt 0.147640 0.500000
vt 0.147640 0.870432
vt 0.049435 0.500000
vt 0.049435 0.870432
vt -0.048307 0.500000
vt -0.048307 0.870432
vt 0.184308 0.996346
vt 0.184465 0.999086
vt 0.187789 0.998376
vt 0.188788 0.996345
vt 0.147640 0.996345
vt 0.147803 0.999086
vt 0.049435 0.996346
vt 0.049614 0.999086
vt -0.048307 0.996346
vt -0.048111 0.999086
vt 0.195444 0.499999
vt 0.199566 0.499999
vt 0.199566 0.870431
vt 0.195444 0.870431
vt 0.159173 0.870431
vt 0.159172 0.499999
vt 0.062088 0.500000
vt 0.062088 0.870432
vt -0.034446 0.870432
vt -0.034446 0.500000
vt 0.195443 0.996345
vt 0.199565 0.996345
vt 0.198334 0.998375
vt 0.195287 0.999086
vt 0.159010 0.999086
vt 0.159173 0.996345
vt 0.062088 0.996345
vt 0.061909 0.999086
vt -0.034641 0.999086
vt -0.034446 0.996345
vt 0.184936 0.417736
vt 0.186485 0.425242
vt 0.190800 0.424355
vt 0.189258 0.416847
vt 0.187789 0.415387
vt 0.184465 0.415453
vt 0.147804 0.423144
vt 0.148291 0.425423
vt 0.149895 0.432918
vt 0.050149 0.447435
vt 0.051909 0.454895
vt 0.049614 0.445166
vt -0.048111 0.469300
vt -0.047525 0.471556
vt -0.045597 0.478974
vt 0.061375 0.495012
vt 0.061910 0.497281
vt 0.159010 0.475503
vt 0.158522 0.473224
vt 0.156918 0.465729
vt 0.059615 0.487553
vt -0.037156 0.511449
vt -0.035228 0.518867
vt -0.034641 0.521123
vt 0.055762 0.471224
vt 0.153407 0.449323
vt -0.041376 0.495212
vt 0.194816 0.465610
vt 0.195287 0.467893
vt 0.198334 0.466649
vt 0.199096 0.464731
vt 0.197554 0.457223
vt 0.193267 0.458104
vt 0.189876 0.441673
vt 0.194177 0.440789
vt 0.500000 0.416553
vt 0.500000 0.414564
vt 0.870432 0.414564
vt 0.870432 0.416553
vt 0.870432 0.424060
vt 0.500000 0.424061
vt 0.500000 0.440495
vt 0.870432 0.440496
vt 0.190698 0.996345
vt 0.189258 0.999086
vt 0.996346 0.416552
vt 0.999086 0.416848
vt 0.999086 0.424355
vt 0.996346 0.424060
vt 0.996346 0.414564
vt 0.996346 0.440496
vt 0.999086 0.440789
vt 0.500000 0.482638
vt 0.500000 0.490035
vt 0.870432 0.490035
vt 0.870433 0.482638
vt 0.870433 0.480004
vt 0.500000 0.480004
vt 0.500000 0.506229
vt 0.870432 0.506229
vt 0.928962 0.528308
vt 0.929568 0.530559
vt 0.965359 0.521124
vt 0.964772 0.518868
vt 0.962844 0.511450
vt 0.926968 0.520908
vt 0.922746 0.522043
vt 0.924748 0.529441
vt 0.926290 0.530814
vt 0.922603 0.504708
vt 0.958624 0.495212
vt 0.918364 0.505848
vt 0.996346 0.482638
vt 0.996346 0.480004
vt 0.996346 0.490035
vt 0.999087 0.489653
vt 0.999087 0.482254
vt 0.998376 0.480290
vt 0.996346 0.506229
vt 0.999087 0.505848
vt 0.996346 0.458795
vt 0.996346 0.451279
vt 0.870432 0.451279
vt 0.870432 0.458795
vt 0.870432 0.460797
vt 0.996346 0.460797
vt 0.228466 0.996346
vt 0.230351 0.996345
vt 0.231344 0.998376
vt 0.229896 0.999086
vt 0.999087 0.458511
vt 0.999087 0.450994
vt 0.224673 0.409711
vt 0.226164 0.417229
vt 0.262860 0.410094
vt 0.261420 0.402566
vt 0.260983 0.400277
vt 0.224220 0.407424
vt 0.221131 0.408653
vt 0.220347 0.410569
vt 0.221844 0.418085
vt 0.500000 0.458795
vt 0.500000 0.460797
vt 0.500000 0.451279
vt 0.996345 0.410111
vt 0.996345 0.402531
vt 0.999086 0.402747
vt 0.999086 0.410326
vt 0.998376 0.412202
vt 0.996345 0.412632
vt 0.870432 0.412631
vt 0.870432 0.410111
vt 0.870432 0.402531
vt 0.499999 0.410111
vt 0.500000 0.402530
vt 0.499999 0.412632
vt 0.234787 0.996345
vt 0.271182 0.996345
vt 0.271036 0.999086
vt 0.234636 0.999086
vt 0.230351 0.870432
vt 0.234787 0.870432
vt 0.271182 0.870432
vt 0.234788 0.500000
vt 0.271182 0.500000
vt 0.230351 0.500000
vt 0.224068 0.996346
vt 0.224220 0.999086
vt 0.260983 0.999086
vt 0.260837 0.996346
vt 0.260837 0.870432
vt 0.224069 0.870432
vt 0.219891 0.870432
vt 0.219891 0.996346
vt 0.221131 0.998376
vt 0.224069 0.500000
vt 0.260837 0.500000
vt 0.219891 0.500000
vt 0.496023 0.500000
vt 0.496023 0.870432
vt 0.500500 0.870432
vt 0.500500 0.500000
vt 0.459021 0.500000
vt 0.459021 0.870432
vt 0.359798 0.500000
vt 0.359798 0.870432
vt 0.496023 0.996346
vt 0.496139 0.999086
vt 0.499459 0.998376
vt 0.500500 0.996346
vt 0.459021 0.996346
vt 0.459141 0.999086
vt 0.359798 0.996346
vt 0.359930 0.999086
vt 0.504221 0.499999
vt 0.508432 0.499999
vt 0.508432 0.870431
vt 0.504221 0.870431
vt 0.467531 0.870432
vt 0.467531 0.499999
vt 0.369190 0.500000
vt 0.369190 0.870432
vt 0.504221 0.996345
vt 0.508432 0.996345
vt 0.507221 0.998375
vt 0.504105 0.999086
vt 0.467411 0.999086
vt 0.467531 0.996345
vt 0.369190 0.996345
vt 0.369058 0.999086
vt 0.496486 0.362636
vt 0.497626 0.370215
vt 0.501981 0.369562
vt 0.500846 0.361982
vt 0.499459 0.360443
vt 0.496139 0.360331
vt 0.459141 0.365997
vt 0.459501 0.368300
vt 0.460685 0.375873
vt 0.360327 0.384597
vt 0.361634 0.392149
vt 0.359930 0.382300
vt 0.368660 0.432764
vt 0.369058 0.435061
vt 0.467411 0.418900
vt 0.467051 0.416597
vt 0.465867 0.409025
vt 0.367354 0.425212
vt 0.269160 0.443052
vt 0.270599 0.450581
vt 0.271037 0.452870
vt 0.364494 0.408681
vt 0.463276 0.392449
vt 0.266010 0.426573
vt 0.503759 0.410975
vt 0.504105 0.413280
vt 0.507221 0.412201
vt 0.508086 0.410326
vt 0.506951 0.402746
vt 0.502618 0.403396
vt 0.500122 0.386806
vt 0.504466 0.386154
vt 0.500000 0.361765
vt 0.500000 0.359677
vt 0.870432 0.359677
vt 0.870432 0.361765
vt 0.870432 0.369345
vt 0.500000 0.369345
vt 0.500000 0.385938
vt 0.870432 0.385938
vt 0.502299 0.996346
vt 0.500846 0.999086
vt 0.996346 0.361765
vt 0.999087 0.361982
vt 0.999086 0.369562
vt 0.996346 0.369345
vt 0.996346 0.359677
vt 0.996346 0.385938
vt 0.999086 0.386154
vt 0.500000 0.410856
vt 0.500000 0.418373
vt 0.870432 0.418373
vt 0.870433 0.410857
vt 0.870433 0.408283
vt 0.500000 0.408283
vt 0.500000 0.434826
vt 0.870432 0.434826
vt 0.234183 0.457660
vt 0.234636 0.459947
vt 0.232692 0.450142
vt 0.228399 0.450994
vt 0.229896 0.458511
vt 0.231344 0.459983
vt 0.229428 0.433685
vt 0.225121 0.434540
vt 0.996346 0.410857
vt 0.996346 0.408283
vt 0.996346 0.418373
vt 0.999087 0.418086
vt 0.999087 0.410569
vt 0.998376 0.408653
vt 0.996346 0.434826
vt 0.999087 0.434540
vt 0.996346 0.405954
vt 0.996346 0.398370
vt 0.870432 0.398370
vt 0.870432 0.405954
vt 0.870432 0.408052
vt 0.996346 0.408052
vt 0.537771 0.996346
vt 0.539550 0.996346
vt 0.540586 0.998376
vt 0.539216 0.999086
vt 0.999087 0.405745
vt 0.999087 0.398160
vt 0.536565 0.356738
vt 0.537660 0.364323
vt 0.574661 0.359093
vt 0.573608 0.351502
vt 0.573287 0.349193
vt 0.536232 0.354431
vt 0.533086 0.355495
vt 0.532202 0.357368
vt 0.533302 0.364953
vt 0.500000 0.405955
vt 0.500000 0.408052
vt 0.500000 0.398370
vt 0.996345 0.370533
vt 0.996345 0.362912
vt 0.999086 0.363067
vt 0.999086 0.370688
vt 0.998376 0.372525
vt 0.996345 0.373006
vt 0.870431 0.373006
vt 0.870432 0.370533
vt 0.870432 0.362912
vt 0.499999 0.370533
vt 0.500000 0.362912
vt 0.499999 0.373006
vt 0.543991 0.996346
vt 0.580756 0.996346
vt 0.580649 0.999086
vt 0.543880 0.999086
vt 0.539550 0.870432
vt 0.543991 0.870432
vt 0.580756 0.870432
vt 0.543991 0.500000
vt 0.580756 0.500000
vt 0.539550 0.500000
vt 0.536121 0.996346
vt 0.536232 0.999086
vt 0.573287 0.999087
vt 0.573180 0.996346
vt 0.573180 0.870432
vt 0.536121 0.870432
vt 0.531868 0.870432
vt 0.531868 0.996346
vt 0.533086 0.998376
vt 0.536121 0.500000
vt 0.573180 0.500000
vt 0.531868 0.500000
vt 0.809803 0.500000
vt 0.809802 0.870432
vt 0.814269 0.870432
vt 0.814269 0.500000
vt 0.772617 0.500000
vt 0.772617 0.870432
vt 0.672826 0.500000
vt 0.672826 0.870432
vt 0.809802 0.996346
vt 0.809886 0.999086
vt 0.813196 0.998376
vt 0.814268 0.996346
vt 0.772616 0.996346
vt 0.772703 0.999087
vt 0.672826 0.996346
vt 0.672923 0.999086
vt 0.815690 0.499999
vt 0.819962 0.499999
vt 0.819962 0.870431
vt 0.815690 0.870431
vt 0.778748 0.870432
vt 0.778749 0.499999
vt 0.679652 0.500000
vt 0.679652 0.870432
vt 0.815689 0.996345
vt 0.819962 0.996345
vt 0.818768 0.998376
vt 0.815606 0.999086
vt 0.778662 0.999086
vt 0.778748 0.996345
vt 0.679652 0.996345
vt 0.679556 0.999086
vt 0.810135 0.322550
vt 0.810954 0.330171
vt 0.815331 0.329703
vt 0.814517 0.322082
vt 0.813197 0.320486
vt 0.809886 0.320233
vt 0.772703 0.324304
vt 0.772963 0.326620
vt 0.773816 0.334237
vt 0.673212 0.338402
vt 0.674161 0.346007
vt 0.672923 0.336089
vt 0.679267 0.386908
vt 0.679556 0.389221
vt 0.778662 0.377516
vt 0.778403 0.375200
vt 0.777550 0.367583
vt 0.678319 0.379303
vt 0.579275 0.392329
vt 0.580329 0.399921
vt 0.580649 0.402230
vt 0.676240 0.362655
vt 0.775682 0.350910
vt 0.576968 0.375711
vt 0.815357 0.371154
vt 0.815607 0.373472
vt 0.818768 0.372525
vt 0.819714 0.370688
vt 0.818899 0.363067
vt 0.814538 0.363533
vt 0.812746 0.346852
vt 0.817115 0.346385
vt 0.500000 0.321926
vt 0.500000 0.319764
vt 0.870432 0.319764
vt 0.870432 0.321926
vt 0.870432 0.329547
vt 0.500000 0.329547
vt 0.500000 0.346230
vt 0.870432 0.346230
vt 0.996346 0.321926
vt 0.996346 0.319764
vt 0.998376 0.320486
vt 0.999086 0.322082
vt 0.999086 0.329703
vt 0.996346 0.329547
vt 0.996346 0.346230
vt 0.999086 0.346385
vt 0.500000 0.357579
vt 0.500000 0.365163
vt 0.870432 0.365163
vt 0.870432 0.357579
vt 0.870433 0.355061
vt 0.500000 0.355061
vt 0.500000 0.381767
vt 0.870432 0.381767
vt 0.543547 0.405120
vt 0.543880 0.407427
vt 0.542452 0.397534
vt 0.538116 0.398160
vt 0.539216 0.405745
vt 0.540586 0.407291
vt 0.540056 0.380929
vt 0.535709 0.381556
vt 0.996346 0.357578
vt 0.996346 0.355061
vt 0.996346 0.365164
vt 0.999087 0.364953
vt 0.999087 0.357368
vt 0.998376 0.355495
vt 0.996346 0.381767
vt 0.999087 0.381557
vt 0.996346 0.367554
vt 0.996346 0.359930
vt 0.870432 0.359930
vt 0.870432 0.367554
vt 0.870432 0.369723
vt 0.996346 0.369723
vt 0.998376 0.369006
vt 0.999087 0.367405
vt 0.999087 0.359781
vt 0.850404 0.318329
vt 0.851187 0.325953
vt 0.888358 0.322224
vt 0.887607 0.314597
vt 0.887379 0.312277
vt 0.850166 0.316010
vt 0.846980 0.316945
vt 0.846020 0.318780
vt 0.846807 0.326403
vt 0.500000 0.367554
vt 0.500000 0.369723
vt 0.500000 0.359930
vt 0.996345 0.342589
vt 0.996345 0.334946
vt 0.999086 0.335053
vt 0.999086 0.342696
vt 0.998376 0.344502
vt 0.996345 0.345021
vt 0.870432 0.345021
vt 0.870432 0.342590
vt 0.870432 0.334946
vt 0.499999 0.342590
vt 0.500000 0.334946
vt 0.499999 0.345021
vt 0.855715 0.996346
vt 0.892701 0.996346
vt 0.892625 0.999086
vt 0.855635 0.999086
vt 0.852346 0.998376
vt 0.851278 0.996346
vt 0.851278 0.870432
vt 0.855715 0.870432
vt 0.892701 0.870432
vt 0.855715 0.500000
vt 0.892701 0.500000
vt 0.851278 0.500000
vt 0.850086 0.996346
vt 0.850165 0.999087
vt 0.887378 0.999087
vt 0.887302 0.996346
vt 0.887303 0.870432
vt 0.850086 0.870432
vt 0.845781 0.870432
vt 0.845781 0.996346
vt 0.846980 0.998376
vt 0.850086 0.500000
vt 0.887303 0.500000
vt 0.845781 0.500000
vt 0.124689 0.500000
vt 0.124689 0.870432
vt 0.129141 0.870432
vt 0.129141 0.500000
vt 0.087408 0.500000
vt 0.087407 0.870432
vt 0.987318 0.500000
vt 0.987317 0.870432
vt 1.087408 0.870432
vt 1.087408 0.500000
vt 0.124689 0.996346
vt 0.124747 0.999086
vt 0.128046 0.998376
vt 0.129141 0.996345
vt 0.087407 0.996346
vt 0.087467 0.999086
vt 0.987318 0.996346
vt 0.987386 0.999087
vt 1.087468 0.999087
vt 1.087408 0.996346
vt 0.128764 0.499999
vt 0.133079 0.499999
vt 0.133079 0.870431
vt 0.128764 0.870431
vt 0.091674 0.870431
vt 0.091674 0.499999
vt 0.992128 0.500000
vt 1.091674 0.500000
vt 1.091674 0.870432
vt 0.992128 0.870432
vt 0.128764 0.996345
vt 0.133079 0.996345
vt 0.131900 0.998375
vt 0.128706 0.999086
vt 0.091614 0.999086
vt 0.091674 0.996345
vt 0.992127 0.996345
vt 1.091674 0.996345
vt 1.091614 0.999086
vt 0.992060 0.999086
vt 0.124919 0.294269
vt 0.125486 0.301912
vt 0.129876 0.301589
vt 0.129313 0.293945
vt 0.128046 0.292308
vt 0.124747 0.291945
vt 0.087468 0.294765
vt 0.087648 0.297089
vt 0.088242 0.304730
vt 0.987589 0.305326
vt 0.988258 0.312961
vt 1.088242 0.304730
vt 1.087649 0.297089
vt 1.087468 0.294765
vt 0.987386 0.303004
vt 0.991857 0.354023
vt 0.992060 0.356345
vt 1.091614 0.348149
vt 1.091433 0.345826
vt 1.090840 0.338184
vt 0.991188 0.346388
vt 0.891645 0.355617
vt 0.892396 0.363245
vt 0.892625 0.365564
vt 0.989723 0.329674
vt 1.089541 0.321457
vt 0.890002 0.338921
vt 0.128534 0.343019
vt 0.128706 0.345343
vt 0.131900 0.344502
vt 0.132907 0.342696
vt 0.132344 0.335053
vt 0.127967 0.335375
vt 0.090840 0.338184
vt 0.091433 0.345825
vt 0.091614 0.348149
vt 0.126727 0.318644
vt 0.131110 0.318321
vt 0.089541 0.321457
vt 0.500000 0.293838
vt 0.500000 0.291621
vt 0.870432 0.291621
vt 0.870432 0.293838
vt 0.870432 0.301482
vt 0.500000 0.301481
vt 0.500000 0.318214
vt 0.870432 0.318214
vt 0.996346 0.293838
vt 0.996346 0.291621
vt 0.998376 0.292308
vt 0.999086 0.293946
vt 0.999086 0.301589
vt 0.996346 0.301482
vt 0.996346 0.318214
vt 0.999086 0.318321
vt 0.500001 0.318930
vt 0.500001 0.326554
vt 0.870432 0.326553
vt 0.870433 0.318930
vt 0.870433 0.316461
vt 0.500001 0.316461
vt 0.500000 0.343242
vt 0.870432 0.343242
vt 0.855398 0.366957
vt 0.855636 0.369275
vt 0.854615 0.359332
vt 0.850252 0.359781
vt 0.851039 0.367405
vt 0.852346 0.369006
vt 0.852901 0.342643
vt 0.848530 0.343092
vt 0.996346 0.318930
vt 0.996346 0.316461
vt 0.996346 0.326553
vt 0.999087 0.326403
vt 0.999087 0.318780
vt 0.998376 0.316945
vt 0.996346 0.343242
vt 0.999087 0.343092
vt 0.996346 0.340535
vt 0.996346 0.332889
vt 0.870432 0.332889
vt 0.870432 0.340535
vt 0.870432 0.342756
vt 0.996346 0.342756
vt 0.998376 0.342074
vt 0.999087 0.340431
vt 0.999087 0.332786
vt 0.165287 0.291361
vt 0.165825 0.299006
vt 0.203086 0.296451
vt 0.202572 0.288804
vt 0.202416 0.286479
vt 0.165123 0.289036
vt 0.161911 0.289867
vt 0.160893 0.291670
vt 0.161435 0.299315
vt 0.500000 0.340534
vt 0.500000 0.342756
vt 0.500000 0.332889
vt 0.996345 0.323742
vt 0.996346 0.316086
vt 0.999086 0.316156
vt 0.999086 0.323812
vt 0.998376 0.325591
vt 0.996345 0.326140
vt 0.870432 0.326140
vt 0.870432 0.323742
vt 0.870432 0.316086
vt 0.499999 0.323742
vt 0.500000 0.316086
vt 0.499999 0.326140
vt 0.168941 0.996345
vt 0.206057 0.996345
vt 0.206005 0.999086
vt 0.168886 0.999086
vt 0.165604 0.998376
vt 0.164513 0.996346
vt 0.164513 0.870432
vt 0.168941 0.870432
vt 0.206057 0.870432
vt 0.168941 0.500000
vt 0.206057 0.500000
vt 0.164513 0.500000
vt 0.165067 0.996346
vt 0.165122 0.999086
vt 0.202416 0.999086
vt 0.202364 0.996346
vt 0.202364 0.870432
vt 0.165068 0.870432
vt 0.160728 0.870432
vt 0.160728 0.996346
vt 0.161910 0.998376
vt 0.165067 0.500000
vt 0.202364 0.500000
vt 0.160728 0.500000
vt 0.440123 0.500000
vt 0.440123 0.870432
vt 0.444559 0.870432
vt 0.444559 0.500000
vt 0.402797 0.500000
vt 0.402797 0.870432
vt 0.302564 0.500000
vt 0.302564 0.870432
vt 0.440123 0.996346
vt 0.440161 0.999086
vt 0.443448 0.998376
vt 0.444559 0.996346
vt 0.402797 0.996346
vt 0.402836 0.999086
vt 0.302564 0.996346
vt 0.302610 0.999086
vt 0.442788 0.499999
vt 0.447132 0.499999
vt 0.447132 0.870431
vt 0.442788 0.870431
vt 0.405609 0.870432
vt 0.405609 0.499999
vt 0.305798 0.500000
vt 0.305799 0.870432
vt 0.442788 0.996345
vt 0.447132 0.996345
vt 0.445967 0.998375
vt 0.442751 0.999086
vt 0.405570 0.999086
vt 0.405609 0.996345
vt 0.305799 0.996345
vt 0.305753 0.999086
vt 0.440274 0.275196
vt 0.440644 0.282851
vt 0.445039 0.282640
vt 0.444671 0.274985
vt 0.443448 0.273314
vt 0.440161 0.272867
vt 0.402836 0.274717
vt 0.402955 0.277045
vt 0.403346 0.284699
vt 0.302746 0.282524
vt 0.303196 0.290176
vt 0.302610 0.280198
vt 0.305616 0.331324
vt 0.305753 0.333650
vt 0.405570 0.328192
vt 0.405451 0.325864
vt 0.405060 0.318210
vt 0.305166 0.323672
vt 0.205335 0.329931
vt 0.205849 0.337578
vt 0.206005 0.339904
vt 0.304182 0.306924
vt 0.404203 0.301455
vt 0.204211 0.313191
vt 0.442638 0.324022
vt 0.442751 0.326350
vt 0.445967 0.325591
vt 0.447020 0.323812
vt 0.446652 0.316156
vt 0.442267 0.316366
vt 0.441455 0.299609
vt 0.445846 0.299398
vt 0.500000 0.274915
vt 0.500000 0.272657
vt 0.870432 0.272657
vt 0.870432 0.274914
vt 0.870432 0.282570
vt 0.500000 0.282570
vt 0.500000 0.299328
vt 0.870432 0.299328
vt 0.996346 0.274914
vt 0.996346 0.272657
vt 0.998376 0.273315
vt 0.999087 0.274985
vt 0.999086 0.282640
vt 0.996346 0.282570
vt 0.996346 0.299328
vt 0.999086 0.299399
vt 0.500001 0.291774
vt 0.500001 0.299419
vt 0.870432 0.299419
vt 0.870433 0.291774
vt 0.870433 0.289345
vt 0.500001 0.289345
vt 0.500001 0.316154
vt 0.870432 0.316154
vt 0.168723 0.340123
vt 0.168886 0.342449
vt 0.168184 0.332478
vt 0.163806 0.332786
vt 0.164348 0.340431
vt 0.165604 0.342074
vt 0.167004 0.315742
vt 0.162621 0.316051
vt 0.996346 0.291774
vt 0.996346 0.289345
vt 0.996346 0.299419
vt 0.999087 0.299316
vt 0.999087 0.291670
vt 0.998376 0.289868
vt 0.996346 0.316154
vt 0.999087 0.316051
vt 0.996346 0.322404
vt 0.996346 0.314748
vt 0.870432 0.314748
vt 0.870432 0.322405
vt 0.870432 0.324666
vt 0.996346 0.324666
vt 0.998376 0.324011
vt 0.999087 0.322338
vt 0.999087 0.314681
vt 0.480686 0.273305
vt 0.481035 0.280962
vt 0.518341 0.279316
vt 0.518011 0.271658
vt 0.517911 0.269329
vt 0.480580 0.270977
vt 0.477349 0.271729
vt 0.476288 0.273506
vt 0.476639 0.281162
vt 0.500000 0.322404
vt 0.500000 0.324666
vt 0.500000 0.314748
vt 0.996345 0.311904
vt 0.996346 0.304243
vt 0.999086 0.304284
vt 0.999086 0.311945
vt 0.998376 0.313704
vt 0.996345 0.314275
vt 0.870432 0.314276
vt 0.870432 0.311904
vt 0.870432 0.304242
vt 0.500000 0.311904
vt 0.500000 0.304242
vt 0.499999 0.314275
vt 0.483054 0.996346
vt 0.520248 0.996345
vt 0.520214 0.999086
vt 0.483018 0.999086
vt 0.479745 0.998376
vt 0.478636 0.996346
vt 0.478636 0.870432
vt 0.483054 0.870432
vt 0.520248 0.870432
vt 0.483054 0.500000
vt 0.520248 0.500000
vt 0.478636 0.500000
vt 0.480544 0.996346
vt 0.480580 0.999086
vt 0.517911 0.999086
vt 0.517877 0.996346
vt 0.517877 0.870432
vt 0.480544 0.870432
vt 0.476181 0.870432
vt 0.476181 0.996346
vt 0.477349 0.998376
vt 0.480544 0.500000
vt 0.517877 0.500000
vt 0.476181 0.500000
vt 0.755784 0.500000
vt 0.755785 0.870432
vt 0.760208 0.870432
vt 0.760208 0.500000
vt 0.718442 0.500000
vt 0.718442 0.870432
vt 0.618154 0.500000
vt 0.618154 0.870432
vt 0.755785 0.996346
vt 0.755807 0.999086
vt 0.759084 0.998376
vt 0.760208 0.996346
vt 0.718442 0.996346
vt 0.718466 0.999086
vt 0.618154 0.996346
vt 0.618183 0.999086
vt 0.757374 0.499999
vt 0.761739 0.499999
vt 0.761739 0.870431
vt 0.757374 0.870431
vt 0.720143 0.870432
vt 0.720143 0.500000
vt 0.620175 0.500000
vt 0.620175 0.870432
vt 0.757374 0.996345
vt 0.761739 0.996345
vt 0.760584 0.998376
vt 0.757351 0.999086
vt 0.720119 0.999086
vt 0.720143 0.996345
vt 0.620175 0.996345
vt 0.620146 0.999086
vt 0.755874 0.263208
vt 0.756095 0.270869
vt 0.760494 0.270743
vt 0.760274 0.263082
vt 0.759084 0.261389
vt 0.755807 0.260878
vt 0.718466 0.261987
vt 0.718538 0.264317
vt 0.718775 0.271978
vt 0.618269 0.267684
vt 0.618550 0.275343
vt 0.618183 0.265354
vt 0.620061 0.316534
vt 0.620146 0.318863
vt 0.720119 0.315507
vt 0.720047 0.313177
vt 0.719810 0.305516
vt 0.619780 0.308875
vt 0.519785 0.312839
vt 0.520115 0.320497
vt 0.520215 0.322825
vt 0.619165 0.292109
vt 0.719293 0.288747
vt 0.519063 0.296077
vt 0.757284 0.312071
vt 0.757351 0.314401
vt 0.760584 0.313704
vt 0.761672 0.311945
vt 0.761453 0.304284
vt 0.757063 0.304410
vt 0.756579 0.287639
vt 0.760973 0.287514
vt 0.500000 0.263040
vt 0.500000 0.260752
vt 0.870432 0.260752
vt 0.870432 0.263040
vt 0.870432 0.270702
vt 0.500000 0.270701
vt 0.500000 0.287472
vt 0.870432 0.287472
vt 0.996346 0.263040
vt 0.996346 0.260752
vt 0.998376 0.261389
vt 0.999087 0.263082
vt 0.999086 0.270743
vt 0.996346 0.270702
vt 0.996346 0.287472
vt 0.999086 0.287514
vt 0.500001 0.273573
vt 0.500001 0.281229
vt 0.870433 0.281229
vt 0.870433 0.273573
vt 0.870433 0.271177
vt 0.500001 0.271177
vt 0.500001 0.297988
vt 0.870432 0.297989
vt 0.482913 0.322138
vt 0.483018 0.324466
vt 0.482563 0.314481
vt 0.478178 0.314681
vt 0.478529 0.322338
vt 0.479745 0.324011
vt 0.481799 0.297722
vt 0.477409 0.297922
vt 0.996346 0.273573
vt 0.996346 0.271177
vt 0.996346 0.281229
vt 0.999087 0.281162
vt 0.999087 0.273506
vt 0.998376 0.271729
vt 0.996346 0.297989
vt 0.999087 0.297922
vt 0.996346 0.311113
vt 0.996346 0.303451
vt 0.870432 0.303451
vt 0.870432 0.311113
vt 0.870432 0.313403
vt 0.996346 0.313403
vt 0.998376 0.312769
vt 0.999087 0.311073
vt 0.999087 0.303412
vt 0.796304 0.262090
vt 0.796508 0.269752
vt 0.833831 0.268794
vt 0.833641 0.261132
vt 0.833583 0.258802
vt 0.796241 0.259760
vt 0.792998 0.260451
vt 0.791903 0.262208
vt 0.792110 0.269869
vt 0.500001 0.311112
vt 0.500000 0.313403
vt 0.500001 0.303451
vt 0.996345 0.305323
vt 0.996345 0.297659
vt 0.999086 0.297680
vt 0.999086 0.305344
vt 0.998376 0.307087
vt 0.996345 0.307674
vt 0.870432 0.307674
vt 0.870432 0.305323
vt 0.870432 0.297659
vt 0.500000 0.305323
vt 0.500000 0.297659
vt 0.499999 0.307674
vt 0.797692 0.996346
vt 0.834933 0.996346
vt 0.834913 0.999086
vt 0.797672 0.999086
vt 0.794405 0.998376
vt 0.793283 0.996346
vt 0.793283 0.870432
vt 0.797693 0.870432
vt 0.834933 0.870432
vt 0.797693 0.500000
vt 0.834932 0.500000
vt 0.793283 0.500000
vt 0.796220 0.996346
vt 0.796241 0.999087
vt 0.833583 0.999087
vt 0.833563 0.996346
vt 0.833563 0.870432
vt 0.796220 0.870432
vt 0.791840 0.870432
vt 0.791840 0.996346
vt 0.792998 0.998376
vt 0.796220 0.500000
vt 0.833563 0.500000
vt 0.791841 0.500000
vt 0.071498 0.500000
vt 0.071498 0.870432
vt 0.075910 0.870432
vt 0.075910 0.500000
vt 0.034156 0.500000
vt 0.034156 0.870432
vt 0.933861 0.500000
vt 0.933861 0.870432
vt 1.034156 0.870432
vt 1.034156 0.500000
vt 0.071498 0.996346
vt 0.071509 0.999086
vt 0.074778 0.998376
vt 0.075910 0.996345
vt 0.034156 0.996346
vt 0.034169 0.999086
vt 0.933861 0.996346
vt 0.933876 0.999087
vt 1.034169 0.999087
vt 1.034156 0.996346
vt 0.072297 0.499999
vt 0.076677 0.499999
vt 0.076677 0.870431
vt 0.072297 0.870431
vt 0.035034 0.870431
vt 0.035034 0.499999
vt 0.934971 0.500000
vt 1.035034 0.500000
vt 1.035034 0.870432
vt 0.934971 0.870432
vt 0.072296 0.996345
vt 0.076677 0.996345
vt 0.075529 0.998375
vt 0.072285 0.999086
vt 0.035022 0.999086
vt 0.035034 0.996345
vt 0.934971 0.996345
vt 1.035034 0.996345
vt 1.035022 0.999086
vt 0.934955 0.999086
vt 0.071543 0.256528
vt 0.071654 0.264192
vt 0.076054 0.264129
vt 0.075944 0.256465
vt 0.074778 0.254755
vt 0.071509 0.254198
vt 0.034169 0.254763
vt 0.034206 0.257093
vt 0.034328 0.264757
vt 0.933923 0.258890
vt 0.934078 0.266553
vt 1.034328 0.264757
vt 1.034206 0.257093
vt 1.034169 0.254763
vt 0.933877 0.256560
vt 0.934908 0.307764
vt 0.934955 0.310094
vt 1.035022 0.308301
vt 1.034985 0.305971
vt 1.034863 0.298307
vt 0.934754 0.300101
vt 0.834665 0.302338
vt 0.834856 0.310000
vt 0.834913 0.312330
vt 0.934416 0.283327
vt 1.034595 0.281532
vt 0.834248 0.285566
vt 0.072252 0.305407
vt 0.072285 0.307737
vt 0.075530 0.307086
vt 0.076644 0.305343
vt 0.076534 0.297680
vt 0.072141 0.297743
vt 0.034863 0.298307
vt 0.034985 0.305970
vt 0.035022 0.308301
vt 0.071898 0.280967
vt 0.076294 0.280904
vt 0.034595 0.281532
vt 0.500000 0.256444
vt 0.500000 0.254134
vt 0.870432 0.254135
vt 0.870432 0.256445
vt 0.870432 0.264108
vt 0.500000 0.264108
vt 0.500000 0.280883
vt 0.870432 0.280883
vt 0.996346 0.256445
vt 0.996346 0.254135
vt 0.998376 0.254755
vt 0.999086 0.256465
vt 0.999086 0.264129
vt 0.996346 0.264108
vt 0.996346 0.280884
vt 0.999086 0.280904
vt 0.500001 0.262247
vt 0.500001 0.269908
vt 0.870432 0.269909
vt 0.870432 0.262247
vt 0.870433 0.259878
vt 0.500001 0.259877
vt 0.500001 0.286680
vt 0.870432 0.286680
vt 0.797610 0.310956
vt 0.797672 0.313286
vt 0.797405 0.303294
vt 0.793014 0.303412
vt 0.793221 0.311073
vt 0.794405 0.312769
vt 0.796957 0.286523
vt 0.792562 0.286640
vt 0.996346 0.262247
vt 0.996346 0.259878
vt 0.996346 0.269909
vt 0.999087 0.269869
vt 0.999087 0.262208
vt 0.998376 0.260451
vt 0.996346 0.286680
vt 0.999087 0.286640
vt 0.996346 0.304931
vt 0.996346 0.297267
vt 0.870432 0.297267
vt 0.870432 0.304931
vt 0.870432 0.307243
vt 0.996346 0.307243
vt 0.998376 0.306623
vt 0.999087 0.304912
vt 0.999087 0.297248
vt 0.111974 0.255976
vt 0.112073 0.263639
vt 0.149401 0.263181
vt 0.149312 0.255518
vt 0.149284 0.253187
vt 0.111944 0.253645
vt 0.108692 0.254291
vt 0.107574 0.256033
vt 0.107675 0.263697
vt 0.500001 0.304931
vt 0.500001 0.307243
vt 0.500001 0.297268
vt 0.996345 0.302481
vt 0.996345 0.294816
vt 0.999086 0.294823
vt 0.999086 0.302487
vt 0.998376 0.304219
vt 0.996345 0.304818
vt 0.870431 0.304818
vt 0.870432 0.302481
vt 0.870432 0.294816
vt 0.500000 0.302481
vt 0.500000 0.294816
vt 0.499999 0.304818
vt 0.112649 0.996345
vt 0.149918 0.996345
vt 0.149909 0.999086
vt 0.112639 0.999086
vt 0.109378 0.998376
vt 0.108247 0.996345
vt 0.108247 0.870432
vt 0.112649 0.870432
vt 0.149918 0.870432
vt 0.112649 0.500000
vt 0.149919 0.500000
vt 0.108247 0.500000
vt 0.111933 0.996346
vt 0.111944 0.999086
vt 0.149284 0.999086
vt 0.149275 0.996346
vt 0.149275 0.870432
vt 0.111933 0.870432
vt 0.107543 0.870432
vt 0.107543 0.996346
vt 0.108692 0.998376
vt 0.111933 0.500000
vt 0.149275 0.500000
vt 0.107543 0.500000
vt 0.387177 0.500000
vt 0.387177 0.870432
vt 0.391580 0.870432
vt 0.391580 0.500000
vt 0.349841 0.500000
vt 0.349841 0.870432
vt 0.249561 0.500000
vt 0.249561 0.870432
vt 0.387177 0.996346
vt 0.387180 0.999086
vt 0.390442 0.998376
vt 0.391580 0.996345
vt 0.349841 0.996346
vt 0.349845 0.999086
vt 0.249561 0.996346
vt 0.249567 0.999086
vt 0.387438 0.499999
vt 0.391828 0.499999
vt 0.391828 0.870431
vt 0.387438 0.870431
vt 0.350153 0.870432
vt 0.350153 0.499999
vt 0.250027 0.500000
vt 0.250027 0.870432
vt 0.387438 0.996345
vt 0.391828 0.996345
vt 0.390686 0.998375
vt 0.387434 0.999086
vt 0.350149 0.999086
vt 0.350153 0.996345
vt 0.250027 0.996345
vt 0.250020 0.999086
vt 0.387191 0.253625
vt 0.387228 0.261289
vt 0.391626 0.261268
vt 0.391591 0.253604
vt 0.390442 0.251883
vt 0.387180 0.251294
vt 0.349845 0.251487
vt 0.349859 0.253818
vt 0.349902 0.261482
vt 0.249588 0.254517
vt 0.249652 0.262181
vt 0.249568 0.252186
vt 0.250000 0.303399
vt 0.250021 0.305730
vt 0.350149 0.305031
vt 0.350135 0.302700
vt 0.350092 0.295036
vt 0.249936 0.295735
vt 0.149793 0.296734
vt 0.149882 0.304397
vt 0.149909 0.306728
vt 0.249794 0.278958
vt 0.349997 0.278259
vt 0.149597 0.279958
vt 0.387423 0.302508
vt 0.387434 0.304838
vt 0.390686 0.304219
vt 0.391817 0.302487
vt 0.391782 0.294823
vt 0.387387 0.294843
vt 0.387307 0.278066
vt 0.391704 0.278045
vt 0.500000 0.253598
vt 0.500000 0.251273
vt 0.870432 0.251274
vt 0.870432 0.253598
vt 0.870432 0.261263
vt 0.500000 0.261262
vt 0.500000 0.278039
vt 0.870432 0.278040
vt 0.996346 0.253598
vt 0.996346 0.251274
vt 0.998376 0.251883
vt 0.999086 0.253604
vt 0.999086 0.261268
vt 0.996346 0.261263
vt 0.996346 0.278040
vt 0.999086 0.278046
vt 0.500001 0.256052
vt 0.500001 0.263716
vt 0.870432 0.263716
vt 0.870432 0.256052
vt 0.870433 0.253702
vt 0.500001 0.253702
vt 0.500001 0.280492
vt 0.870432 0.280492
vt 0.112609 0.304855
vt 0.112639 0.307185
vt 0.112509 0.297191
vt 0.108116 0.297248
vt 0.108217 0.304912
vt 0.109378 0.306623
vt 0.112291 0.280415
vt 0.107895 0.280472
vt 0.996346 0.256052
vt 0.996346 0.253702
vt 0.996346 0.263716
vt 0.999087 0.263697
vt 0.999087 0.256033
vt 0.998376 0.254292
vt 0.996346 0.280491
vt 0.999087 0.280473
vt 0.996346 0.302360
vt 0.996346 0.294695
vt 0.870432 0.294695
vt 0.870432 0.302360
vt 0.870432 0.304685
vt 0.996346 0.304685
vt 0.998376 0.304077
vt 0.999087 0.302354
vt 0.999087 0.294690
vt 0.427615 0.253454
vt 0.427644 0.261118
vt 0.464969 0.260993
vt 0.464946 0.253329
vt 0.464939 0.250998
vt 0.427606 0.251123
vt 0.424350 0.251740
vt 0.423216 0.253471
vt 0.423246 0.261135
vt 0.500001 0.302360
vt 0.500001 0.304685
vt 0.500001 0.294695
vt 0.996345 0.302050
vt 0.996346 0.294385
vt 0.999086 0.294383
vt 0.999086 0.302048
vt 0.998376 0.303773
vt 0.996345 0.304379
vt 0.870432 0.304379
vt 0.870432 0.302050
vt 0.870432 0.294385
vt 0.500000 0.302050
vt 0.500000 0.294385
vt 0.499999 0.304379
vt 0.427812 0.996346
vt 0.465102 0.996345
vt 0.465099 0.999086
vt 0.427810 0.999086
vt 0.424553 0.998376
vt 0.423416 0.996346
vt 0.423416 0.870432
vt 0.427812 0.870432
vt 0.465102 0.870432
vt 0.427812 0.500000
vt 0.465102 0.500000
vt 0.423416 0.500000
vt 0.427603 0.996346
vt 0.427606 0.999086
vt 0.464939 0.999086
vt 0.464937 0.996346
vt 0.464937 0.870432
vt 0.427603 0.870432
vt 0.423207 0.870432
vt 0.423207 0.996346
vt 0.424350 0.998376
vt 0.427603 0.500000
vt 0.464937 0.500000
vt 0.423207 0.500000
vt 0.702794 0.500000
vt 0.702794 0.870432
vt 0.707192 0.870432
vt 0.707192 0.500000
vt 0.665463 0.500000
vt 0.665463 0.870432
vt 0.565201 0.500000
vt 0.565201 0.870432
vt 0.702794 0.996346
vt 0.702793 0.999086
vt 0.706051 0.998376
vt 0.707192 0.996346
vt 0.665463 0.996346
vt 0.665462 0.999086
vt 0.565201 0.996346
vt 0.565202 0.999086
vt 0.702715 0.499999
vt 0.707111 0.499999
vt 0.707111 0.870431
vt 0.702715 0.870431
vt 0.665422 0.870432
vt 0.665422 0.500000
vt 0.565258 0.500000
vt 0.565259 0.870432
vt 0.702715 0.996345
vt 0.707111 0.996345
vt 0.705973 0.998375
vt 0.702717 0.999086
vt 0.665423 0.999086
vt 0.665422 0.996345
vt 0.565259 0.996345
vt 0.565258 0.999086
vt 0.702790 0.253158
vt 0.702779 0.260822
vt 0.707177 0.260829
vt 0.707189 0.253164
vt 0.706051 0.251436
vt 0.702793 0.250827
vt 0.665462 0.250787
vt 0.665461 0.253118
vt 0.665455 0.260782
vt 0.565205 0.253133
vt 0.565213 0.260797
vt 0.565202 0.250802
vt 0.565256 0.302016
vt 0.565258 0.304347
vt 0.665423 0.304332
vt 0.665424 0.302001
vt 0.665430 0.294337
vt 0.565248 0.294352
vt 0.465070 0.294548
vt 0.465093 0.302212
vt 0.465099 0.304543
vt 0.565230 0.277575
vt 0.665442 0.277559
vt 0.465019 0.277771
vt 0.702720 0.302041
vt 0.702717 0.304372
vt 0.705973 0.303772
vt 0.707115 0.302048
vt 0.707127 0.294383
vt 0.702731 0.294377
vt 0.702755 0.277600
vt 0.707152 0.277606
vt 0.500000 0.253166
vt 0.500000 0.250834
vt 0.870432 0.250834
vt 0.870432 0.253167
vt 0.870432 0.260831
vt 0.500000 0.260831
vt 0.500000 0.277608
vt 0.870432 0.277608
vt 0.996346 0.253167
vt 0.996346 0.250834
vt 0.998376 0.251436
vt 0.999087 0.253165
vt 0.999087 0.260829
vt 0.996346 0.260831
vt 0.996346 0.277608
vt 0.999086 0.277606
vt 0.500001 0.253477
vt 0.500001 0.261141
vt 0.870433 0.261141
vt 0.870433 0.253477
vt 0.870433 0.251140
vt 0.500001 0.251140
vt 0.500001 0.277918
vt 0.870433 0.277918
vt 0.427801 0.302337
vt 0.427810 0.304667
vt 0.427772 0.294672
vt 0.423377 0.294689
vt 0.423407 0.302354
vt 0.424553 0.304076
vt 0.427708 0.277895
vt 0.423311 0.277912
vt 0.996346 0.253477
vt 0.996346 0.251140
vt 0.996346 0.261141
vt 0.999087 0.261135
vt 0.999087 0.253471
vt 0.998376 0.251740
vt 0.996346 0.277918
vt 0.999087 0.277912
vt 0.996346 0.302101
vt 0.996346 0.294437
vt 0.870432 0.294437
vt 0.870432 0.302101
vt 0.870432 0.304435
vt 0.996346 0.304435
vt 0.998376 0.303832
vt 0.999087 0.302104
vt 0.999087 0.294440
vt 0.743211 0.253230
vt 0.743194 0.260894
vt 0.780519 0.260989
vt 0.780541 0.253325
vt 0.780548 0.250994
vt 0.743216 0.250899
vt 0.739956 0.251496
vt 0.738812 0.253221
vt 0.738796 0.260885
vt 0.500001 0.302101
vt 0.500001 0.304435
vt 0.500001 0.294437
vt 0.996345 0.303634
vt 0.996345 0.295970
vt 0.999086 0.295957
vt 0.999086 0.303621
vt 0.998376 0.305337
vt 0.996345 0.305951
vt 0.870432 0.305951
vt 0.870432 0.303634
vt 0.870432 0.295970
vt 0.500000 0.303634
vt 0.500000 0.295970
vt 0.499999 0.305951
vt 0.743096 0.996346
vt 0.780387 0.996346
vt 0.780389 0.999086
vt 0.743098 0.999086
vt 0.739844 0.998376
vt 0.738704 0.996346
vt 0.738704 0.870432
vt 0.743096 0.870432
vt 0.780386 0.870432
vt 0.743096 0.500000
vt 0.780387 0.500000
vt 0.738704 0.500000
vt 0.743217 0.996346
vt 0.743216 0.999087
vt 0.780548 0.999087
vt 0.780550 0.996346
vt 0.780549 0.870432
vt 0.743217 0.870432
vt 0.738817 0.870432
vt 0.738817 0.996346
vt 0.739956 0.998376
vt 0.743217 0.500000
vt 0.780550 0.500000
vt 0.738817 0.500000
vt 0.018439 0.500000
vt 0.018439 0.870432
vt 0.022831 0.870432
vt 0.022831 0.500000
vt -0.018900 0.500000
vt -0.018900 0.870432
vt 0.880822 0.500000
vt 0.880822 0.870432
vt 0.981100 0.870432
vt 0.981100 0.500000
vt 0.018439 0.996345
vt 0.018432 0.999086
vt 0.021685 0.998376
vt 0.022831 0.996346
vt -0.018900 0.996346
vt -0.018906 0.999086
vt 0.880821 0.996346
vt 0.880817 0.999086
vt 0.981094 0.999086
vt 0.981100 0.996346
vt 0.017938 0.499999
vt 0.022337 0.499999
vt 0.022337 0.870431
vt 0.017938 0.870431
vt -0.019339 0.870431
vt -0.019339 0.499999
vt 0.880532 0.500000
vt 0.980661 0.500000
vt 0.980661 0.870432
vt 0.880532 0.870432
vt 0.017938 0.996345
vt 0.022337 0.996345
vt 0.021204 0.998375
vt 0.017945 0.999086
vt -0.019333 0.999086
vt -0.019339 0.996345
vt 0.880532 0.996345
vt 0.980661 0.996345
vt 0.980667 0.999086
vt 0.880536 0.999086
vt 0.018410 0.254700
vt 0.018341 0.262364
vt 0.022739 0.262403
vt 0.022810 0.254739
vt 0.021686 0.253003
vt 0.018432 0.252369
vt -0.018906 0.252052
vt -0.018925 0.254383
vt -0.018986 0.262047
vt 0.880805 0.253729
vt 0.880765 0.261393
vt 0.981014 0.262047
vt 0.981075 0.254383
vt 0.981094 0.252052
vt 0.880817 0.251398
vt 0.880548 0.302612
vt 0.880536 0.304943
vt 0.980667 0.305596
vt 0.980686 0.303265
vt 0.980747 0.295601
vt 0.880589 0.294948
vt 0.780419 0.294543
vt 0.780396 0.302208
vt 0.780389 0.304539
vt 0.880677 0.278171
vt 0.980880 0.278824
vt 0.780468 0.277766
vt 0.017966 0.303581
vt 0.017945 0.305912
vt 0.021205 0.305337
vt 0.022359 0.303620
vt 0.022430 0.295957
vt 0.018036 0.295917
vt -0.019253 0.295601
vt -0.019314 0.303265
vt -0.019333 0.305596
vt 0.018189 0.279140
vt 0.022584 0.279180
vt -0.019120 0.278824
vt 0.500000 0.254753
vt 0.500000 0.252409
vt 0.870432 0.252409
vt 0.870432 0.254753
vt 0.870432 0.262417
vt 0.500000 0.262417
vt 0.500000 0.279194
vt 0.870432 0.279194
vt 0.996346 0.254753
vt 0.996346 0.252409
vt 0.998376 0.253003
vt 0.999087 0.254740
vt 0.999086 0.262404
vt 0.996346 0.262417
vt 0.996346 0.279194
vt 0.999086 0.279180
vt 0.500001 0.253218
vt 0.500001 0.260882
vt 0.870432 0.260882
vt 0.870433 0.253218
vt 0.870433 0.250890
vt 0.500001 0.250890
vt 0.500001 0.277659
vt 0.870432 0.277660
vt 0.743103 0.302113
vt 0.743098 0.304444
vt 0.743120 0.294448
vt 0.738725 0.294440
vt 0.738708 0.302104
vt 0.739844 0.303832
vt 0.743157 0.277671
vt 0.738760 0.277663
vt 0.996346 0.253218
vt 0.996346 0.250890
vt 0.996346 0.260882
vt 0.999087 0.260885
vt 0.999087 0.253221
vt 0.998376 0.251496
vt 0.996346 0.277660
vt 0.999087 0.277663
vt 0.996346 0.303912
vt 0.996346 0.296248
vt 0.870432 0.296247
vt 0.870432 0.303912
vt 0.870432 0.306257
vt 0.996346 0.306257
vt 0.998376 0.305664
vt 0.999087 0.303927
vt 0.999087 0.296262
vt 0.058839 0.255091
vt 0.058759 0.262754
vt 0.096087 0.263163
vt 0.096176 0.255499
vt 0.096202 0.253168
vt 0.058863 0.252760
vt 0.055598 0.253331
vt 0.054439 0.255045
vt 0.054361 0.262709
vt 0.500001 0.303911
vt 0.500001 0.306257
vt 0.500001 0.296248
vt 0.996345 0.308316
vt 0.996345 0.300654
vt 0.999086 0.300622
vt 0.999086 0.308285
vt 0.998376 0.309987
vt 0.996345 0.310615
vt 0.870431 0.310615
vt 0.870432 0.308316
vt 0.870432 0.300654
vt 0.500000 0.308316
vt 0.500000 0.300653
vt 0.499999 0.310615
vt 0.058299 0.996345
vt 0.095571 0.996345
vt 0.095580 0.999086
vt 0.058307 0.999086
vt 0.055060 0.998376
vt 0.053915 0.996346
vt 0.053915 0.870432
vt 0.058299 0.870432
vt 0.095571 0.870432
vt 0.058299 0.500000
vt 0.095571 0.500000
vt 0.053916 0.500000
vt 0.058871 0.996346
vt 0.058863 0.999086
vt 0.096202 0.999086
vt 0.096211 0.996346
vt 0.096211 0.870432
vt 0.058871 0.870432
vt 0.054463 0.870432
vt 0.054463 0.996346
vt 0.055598 0.998376
vt 0.058871 0.500000
vt 0.096211 0.500000
vt 0.054463 0.500000
vt 0.334142 0.500000
vt 0.334142 0.870432
vt 0.338526 0.870432
vt 0.338526 0.500000
vt 0.296799 0.500000
vt 0.296799 0.870432
vt 0.196503 0.500000
vt 0.196503 0.870432
vt 0.334142 0.996346
vt 0.334126 0.999086
vt 0.337373 0.998376
vt 0.338526 0.996346
vt 0.296799 0.996346
vt 0.296783 0.999086
vt 0.196503 0.996346
vt 0.196491 0.999086
vt 0.332980 0.499999
vt 0.337386 0.499999
vt 0.337386 0.870431
vt 0.332980 0.870431
vt 0.295728 0.870432
vt 0.295728 0.499999
vt 0.195660 0.500000
vt 0.195660 0.870431
vt 0.332980 0.996345
vt 0.337386 0.996345
vt 0.336261 0.998375
vt 0.332997 0.999086
vt 0.295743 0.999086
vt 0.295728 0.996345
vt 0.195660 0.996345
vt 0.195672 0.999086
vt 0.334077 0.259320
vt 0.333915 0.266983
vt 0.338314 0.267075
vt 0.338477 0.259413
vt 0.337373 0.257662
vt 0.334126 0.256989
vt 0.296783 0.256236
vt 0.296738 0.258567
vt 0.296589 0.266230
vt 0.196455 0.256838
vt 0.196338 0.264501
vt 0.196491 0.254508
vt 0.195708 0.305716
vt 0.195673 0.308046
vt 0.295743 0.309772
vt 0.295788 0.307441
vt 0.295938 0.299778
vt 0.195825 0.298052
vt 0.095696 0.296715
vt 0.095607 0.304378
vt 0.095580 0.306709
vt 0.196082 0.281277
vt 0.296263 0.283004
vt 0.095891 0.279939
vt 0.333046 0.308192
vt 0.332997 0.310523
vt 0.336261 0.309987
vt 0.337436 0.308285
vt 0.337599 0.300622
vt 0.333208 0.300530
vt 0.333561 0.283756
vt 0.337956 0.283849
vt 0.500000 0.259444
vt 0.500000 0.257082
vt 0.870432 0.257082
vt 0.870432 0.259444
vt 0.870432 0.267107
vt 0.500000 0.267107
vt 0.500000 0.283880
vt 0.870432 0.283880
vt 0.996346 0.259444
vt 0.996346 0.257082
vt 0.998376 0.257662
vt 0.999086 0.259413
vt 0.999086 0.267076
vt 0.996346 0.267107
vt 0.996346 0.283880
vt 0.999086 0.283849
vt 0.500001 0.255030
vt 0.500001 0.262695
vt 0.870433 0.262694
vt 0.870433 0.255031
vt 0.870433 0.252715
vt 0.500001 0.252715
vt 0.500001 0.279471
vt 0.870433 0.279471
vt 0.058331 0.303971
vt 0.058308 0.306302
vt 0.058411 0.296307
vt 0.054018 0.296262
vt 0.053939 0.303926
vt 0.055060 0.305664
vt 0.058585 0.279531
vt 0.054189 0.279486
vt 0.996346 0.255031
vt 0.996346 0.252715
vt 0.996346 0.262694
vt 0.999087 0.262709
vt 0.999087 0.255046
vt 0.998376 0.253331
vt 0.996346 0.279471
vt 0.999087 0.279486
vt 0.996346 0.308944
vt 0.996346 0.301281
vt 0.870432 0.301281
vt 0.870432 0.308944
vt 0.870432 0.311307
vt 0.996346 0.311307
vt 0.998376 0.310728
vt 0.999087 0.308977
vt 0.999087 0.301314
vt 0.374507 0.260206
vt 0.374331 0.267868
vt 0.411656 0.268755
vt 0.411846 0.261093
vt 0.411903 0.258762
vt 0.374561 0.257876
vt 0.371288 0.258405
vt 0.370108 0.260106
vt 0.369933 0.267768
vt 0.500001 0.308944
vt 0.500001 0.311307
vt 0.500001 0.301281
vt 0.996345 0.317531
vt 0.996346 0.309873
vt 0.999086 0.309817
vt 0.999086 0.317476
vt 0.998376 0.319158
vt 0.996345 0.319805
vt 0.870431 0.319805
vt 0.870432 0.317531
vt 0.870432 0.309873
vt 0.499999 0.317531
vt 0.500000 0.309872
vt 0.499999 0.319805
vt 0.373314 0.996346
vt 0.410558 0.996345
vt 0.410577 0.999086
vt 0.373331 0.999086
vt 0.370094 0.998376
vt 0.368942 0.996346
vt 0.368942 0.870432
vt 0.373314 0.870432
vt 0.410558 0.870432
vt 0.373313 0.500000
vt 0.410558 0.500000
vt 0.368942 0.500000
vt 0.374579 0.996346
vt 0.374561 0.999086
vt 0.411903 0.999086
vt 0.411922 0.996346
vt 0.411922 0.870432
vt 0.374579 0.870432
vt 0.370160 0.870432
vt 0.370160 0.996346
vt 0.371288 0.998376
vt 0.374579 0.500000
vt 0.411922 0.500000
vt 0.370160 0.500000
vt 0.649845 0.500000
vt 0.649845 0.870432
vt 0.654215 0.870432
vt 0.654215 0.500000
vt 0.612507 0.500000
vt 0.612507 0.870432
vt 0.512217 0.500000
vt 0.512217 0.870432
vt 0.649845 0.996346
vt 0.649815 0.999086
vt 0.653052 0.998376
vt 0.654215 0.996346
vt 0.612507 0.996346
vt 0.612479 0.999086
vt 0.512217 0.996346
vt 0.512194 0.999086
vt 0.647754 0.499999
vt 0.652169 0.499999
vt 0.652169 0.870431
vt 0.647754 0.870431
vt 0.610541 0.870431
vt 0.610541 0.499999
vt 0.510567 0.500000
vt 0.510567 0.870432
vt 0.647754 0.996345
vt 0.652169 0.996345
vt 0.651055 0.998376
vt 0.647784 0.999086
vt 0.610568 0.999086
vt 0.610541 0.996345
vt 0.510567 0.996345
vt 0.510590 0.999086
vt 0.649727 0.268461
vt 0.649436 0.276120
vt 0.653833 0.276287
vt 0.654127 0.268628
vt 0.653052 0.266859
vt 0.649816 0.266132
vt 0.612479 0.264763
vt 0.612396 0.267093
vt 0.612122 0.274752
vt 0.512125 0.263820
vt 0.511895 0.271481
vt 0.512194 0.261490
vt 0.510660 0.312682
vt 0.510590 0.315012
vt 0.610569 0.318274
vt 0.610651 0.315945
vt 0.610925 0.308285
vt 0.510890 0.305021
vt 0.410825 0.302299
vt 0.410635 0.309961
vt 0.410577 0.312291
vt 0.511392 0.288251
vt 0.611524 0.291519
vt 0.411240 0.285527
vt 0.647872 0.317309
vt 0.647784 0.319638
vt 0.651055 0.319158
vt 0.652258 0.317476
vt 0.652551 0.309817
vt 0.648163 0.309651
vt 0.648800 0.292885
vt 0.653192 0.293052
vt 0.500000 0.268684
vt 0.500000 0.266299
vt 0.870432 0.266299
vt 0.870432 0.268684
vt 0.870432 0.276343
vt 0.500000 0.276342
vt 0.500000 0.293107
vt 0.870432 0.293108
vt 0.996346 0.268684
vt 0.996346 0.266299
vt 0.998376 0.266859
vt 0.999086 0.268628
vt 0.999086 0.276287
vt 0.996346 0.276343
vt 0.996346 0.293107
vt 0.999086 0.293052
vt 0.500001 0.260073
vt 0.500001 0.267735
vt 0.870432 0.267735
vt 0.870433 0.260073
vt 0.870433 0.257776
vt 0.500001 0.257776
vt 0.500001 0.284508
vt 0.870432 0.284508
vt 0.373385 0.309077
vt 0.373331 0.311407
vt 0.373561 0.301414
vt 0.369170 0.301314
vt 0.368995 0.308977
vt 0.370094 0.310728
vt 0.373946 0.284641
vt 0.369551 0.284541
vt 0.996346 0.260073
vt 0.996346 0.257776
vt 0.996346 0.267735
vt 0.999087 0.267769
vt 0.999087 0.260106
vt 0.998376 0.258405
vt 0.996346 0.284508
vt 0.999087 0.284541
vt 0.996346 0.318649
vt 0.996346 0.310990
vt 0.870432 0.310990
vt 0.870432 0.318649
vt 0.870432 0.321036
vt 0.996346 0.321036
vt 0.998376 0.320478
vt 0.999087 0.318708
vt 0.999087 0.311049
vt 0.690149 0.270040
vt 0.689838 0.277698
vt 0.727148 0.279248
vt 0.727477 0.271591
vt 0.727576 0.269262
vt 0.690243 0.267711
vt 0.686960 0.268184
vt 0.685750 0.269863
vt 0.685441 0.277521
vt 0.500000 0.318649
vt 0.500000 0.321036
vt 0.500001 0.310991
vt 0.996345 0.332915
vt 0.996345 0.325264
vt 0.999086 0.325175
vt 0.999086 0.332825
vt 0.998376 0.334481
vt 0.996345 0.335152
vt 0.870432 0.335152
vt 0.870432 0.332914
vt 0.870432 0.325264
vt 0.499999 0.332914
vt 0.500000 0.325264
vt 0.499999 0.335152
vt 0.688043 0.996346
vt 0.725244 0.996346
vt 0.725277 0.999086
vt 0.688075 0.999086
vt 0.684852 0.998376
vt 0.683690 0.996346
vt 0.683690 0.870432
vt 0.688043 0.870432
vt 0.725244 0.870432
vt 0.688043 0.500000
vt 0.725244 0.500000
vt 0.683690 0.500000
vt 0.690275 0.996346
vt 0.690243 0.999086
vt 0.727576 0.999087
vt 0.727610 0.996346
vt 0.727610 0.870432
vt 0.690275 0.870432
vt 0.685843 0.870432
vt 0.685843 0.996346
vt 0.686960 0.998376
vt 0.690275 0.500000
vt 0.727610 0.500000
vt 0.685843 0.500000
vt 0.965422 0.500000
vt 0.965422 0.870432
vt 0.969771 0.870432
vt 0.969771 0.500000
vt 0.928108 0.500000
vt 0.928108 0.870432
vt 0.827870 0.500000
vt 0.827871 0.870432
vt 0.965422 0.996346
vt 0.965375 0.999086
vt 0.968595 0.998376
vt 0.969771 0.996346
vt 0.928108 0.996346
vt 0.928063 0.999087
vt 0.827870 0.996346
vt 0.827832 0.999086
vt 0.962095 0.499999
vt 0.966519 0.499999
vt 0.966519 0.870431
vt 0.962095 0.870431
vt 0.924944 0.870431
vt 0.924944 0.500000
vt 0.825123 0.500000
vt 0.825123 0.870432
vt 0.962095 0.996345
vt 0.966519 0.996345
vt 0.965420 0.998376
vt 0.962141 0.999086
vt 0.924988 0.999086
vt 0.924944 0.996345
vt 0.825123 0.996345
vt 0.825162 0.999086
vt 0.965234 0.283767
vt 0.964772 0.291417
vt 0.969164 0.291683
vt 0.969630 0.284032
vt 0.968595 0.282240
vt 0.965375 0.281440
vt 0.928063 0.279248
vt 0.927929 0.281575
vt 0.927489 0.289227
vt 0.827715 0.276220
vt 0.827333 0.283875
vt 0.827832 0.273892
vt 0.825278 0.325043
vt 0.825162 0.327371
vt 0.924989 0.332705
vt 0.925123 0.330378
vt 0.925563 0.322726
vt 0.825660 0.317388
vt 0.725707 0.312772
vt 0.725378 0.320429
vt 0.725277 0.322758
vt 0.826497 0.300632
vt 0.926526 0.305977
vt 0.726427 0.296010
vt 0.962283 0.332561
vt 0.962142 0.334888
vt 0.965421 0.334481
vt 0.966660 0.332825
vt 0.967126 0.325175
vt 0.962745 0.324911
vt 0.963758 0.308164
vt 0.968145 0.308429
vt 0.500000 0.284122
vt 0.500000 0.281706
vt 0.870432 0.281706
vt 0.870432 0.284122
vt 0.870432 0.291772
vt 0.500000 0.291772
vt 0.500000 0.308518
vt 0.870432 0.308518
vt 0.996346 0.284121
vt 0.996346 0.281706
vt 0.998376 0.282240
vt 0.999087 0.284032
vt 0.999087 0.291683
vt 0.996346 0.291772
vt 0.996346 0.308518
vt 0.999087 0.308429
vt 0.500001 0.269805
vt 0.500001 0.277463
vt 0.870433 0.277463
vt 0.870433 0.269805
vt 0.870433 0.267535
vt 0.500001 0.267534
vt 0.500001 0.294227
vt 0.870433 0.294227
vt 0.688169 0.318884
vt 0.688075 0.321212
vt 0.688480 0.311226
vt 0.684093 0.311049
vt 0.683784 0.318707
vt 0.684852 0.320478
vt 0.689159 0.294462
vt 0.684767 0.294285
vt 0.996346 0.269805
vt 0.996346 0.267535
vt 0.996346 0.277463
vt 0.999087 0.277521
vt 0.999087 0.269864
vt 0.998376 0.268184
vt 0.996346 0.294227
vt 0.999087 0.294285
vt 0.996346 0.334682
vt 0.996346 0.327033
vt 0.870432 0.327033
vt 0.870432 0.334682
vt 0.870432 0.337101
vt 0.996346 0.337101
vt 0.998376 0.336569
vt 0.999087 0.334774
vt 0.999087 0.327125
vt 0.005623 0.286268
vt 0.005134 0.293917
vt 0.042404 0.296345
vt 0.042916 0.288698
vt 0.043072 0.286373
vt 0.005771 0.283941
vt 0.002477 0.284338
vt 0.001227 0.285989
vt 0.000742 0.293638
vt 0.500000 0.334682
vt 0.500000 0.337101
vt 0.500000 0.327033
vt 0.996345 0.356383
vt 0.996345 0.348750
vt 0.999086 0.348619
vt 0.999086 0.356252
vt 0.998376 0.357870
vt 0.996345 0.358574
vt 0.870432 0.358574
vt 0.870432 0.356384
vt 0.870432 0.348750
vt 0.499999 0.356383
vt 0.500000 0.348750
vt 0.499999 0.358574
vt 0.002310 0.996345
vt 0.039439 0.996345
vt 0.039490 0.999086
vt 0.002359 0.999086
vt -0.000844 0.998376
vt -0.002017 0.996345
vt -0.002017 0.870432
vt 0.002310 0.870432
vt 0.039438 0.870432
vt 0.002310 0.500000
vt 0.039439 0.500000
vt -0.002017 0.500000
vt 0.005821 0.996346
vt 0.005771 0.999086
vt 0.043072 0.999086
vt 0.043124 0.996346
vt 0.043123 0.870432
vt 0.005821 0.870432
vt 0.001375 0.870432
vt 0.001375 0.996346
vt 0.002477 0.998376
vt 0.005821 0.500000
vt 0.043124 0.500000
vt 0.001375 0.500000
vt 0.280633 0.500000
vt 0.280633 0.870432
vt 0.284953 0.870432
vt 0.284952 0.500000
vt 0.243380 0.500000
vt 0.243379 0.870432
vt 0.143280 0.500000
vt 0.143280 0.870432
vt 0.280633 0.996345
vt 0.280564 0.999086
vt 0.283760 0.998376
vt 0.284953 0.996345
vt 0.243379 0.996346
vt 0.243313 0.999086
vt 0.143280 0.996346
vt 0.143221 0.999086
vt 0.275704 0.499999
vt 0.280137 0.499999
vt 0.280137 0.870431
vt 0.275704 0.870431
vt 0.238661 0.870431
vt 0.238661 0.499999
vt 0.139099 0.500000
vt 0.139099 0.870432
vt 0.275704 0.996345
vt 0.280137 0.996345
vt 0.279061 0.998375
vt 0.275773 0.999086
vt 0.238728 0.999086
vt 0.238661 0.996345
vt 0.139098 0.996345
vt 0.139158 0.999086
vt 0.280355 0.307172
vt 0.279669 0.314806
vt 0.284054 0.315200
vt 0.284743 0.307567
vt 0.283761 0.305745
vt 0.280564 0.304851
vt 0.243313 0.301587
vt 0.243114 0.303910
vt 0.242457 0.311546
vt 0.143044 0.295833
vt 0.142462 0.303476
vt 0.143221 0.293509
vt 0.139335 0.344576
vt 0.139158 0.346900
vt 0.238729 0.354936
vt 0.238928 0.352613
vt 0.239584 0.344977
vt 0.139916 0.336934
vt 0.040159 0.329825
vt 0.039647 0.337472
vt 0.039490 0.339798
vt 0.141189 0.320205
vt 0.241021 0.328262
vt 0.041281 0.313085
vt 0.275982 0.355860
vt 0.275774 0.358181
vt 0.279061 0.357870
vt 0.280347 0.356252
vt 0.281036 0.348619
vt 0.276668 0.348226
vt 0.278169 0.331516
vt 0.282545 0.331910
vt 0.500000 0.307699
vt 0.500000 0.305245
vt 0.870432 0.305246
vt 0.870432 0.307699
vt 0.870432 0.315332
vt 0.500000 0.315332
vt 0.500000 0.332041
vt 0.870432 0.332041
vt 0.996346 0.307699
vt 0.996346 0.305246
vt 0.998376 0.305745
vt 0.999087 0.307567
vt 0.999086 0.315200
vt 0.996346 0.315332
vt 0.996346 0.332041
vt 0.999086 0.331910
vt 0.500001 0.285896
vt 0.500001 0.293545
vt 0.870433 0.293546
vt 0.870433 0.285896
vt 0.870433 0.283663
vt 0.500001 0.283663
vt 0.500001 0.310289
vt 0.870432 0.310290
vt 0.002508 0.335052
vt 0.002359 0.337378
vt 0.002996 0.327403
vt -0.001384 0.327125
vt -0.001869 0.334774
vt -0.000844 0.336569
vt 0.004065 0.310660
vt -0.000321 0.310382
vt 0.996346 0.285896
vt 0.996346 0.283663
vt 0.996346 0.293546
vt 0.999087 0.293638
vt 0.999087 0.285989
vt 0.998376 0.284338
vt 0.996346 0.310290
vt 0.999087 0.310382
vt 0.996346 0.358994
vt 0.996346 0.351363
vt 0.870432 0.351363
vt 0.870432 0.358994
vt 0.870432 0.361451
vt 0.996346 0.361451
vt 0.998376 0.360955
vt 0.999087 0.359130
vt 0.999087 0.351499
vt 0.320668 0.310871
vt 0.319949 0.318501
vt 0.357135 0.322069
vt 0.357885 0.314441
vt 0.358113 0.312122
vt 0.320886 0.308550
vt 0.317580 0.308847
vt 0.316281 0.310460
vt 0.315567 0.318091
vt 0.500000 0.358994
vt 0.500000 0.361451
vt 0.500000 0.351363
vt 0.996345 0.390253
vt 0.996345 0.382652
vt 0.999086 0.382466
vt 0.999086 0.390068
vt 0.998376 0.391636
vt 0.996345 0.392380
vt 0.870431 0.392380
vt 0.870432 0.390254
vt 0.870432 0.382652
vt 0.499999 0.390254
vt 0.500000 0.382652
vt 0.499999 0.392380
vt 0.315794 0.996345
vt 0.352801 0.996345
vt 0.352877 0.999086
vt 0.315867 0.999086
vt 0.312693 0.998376
vt 0.311505 0.996346
vt 0.311505 0.870432
vt 0.315794 0.870432
vt 0.352801 0.870432
vt 0.315794 0.500000
vt 0.352801 0.500000
vt 0.311505 0.500000
vt 0.320959 0.996346
vt 0.320886 0.999086
vt 0.358113 0.999086
vt 0.358189 0.996346
vt 0.358189 0.870432
vt 0.320959 0.870432
vt 0.316499 0.870432
vt 0.316499 0.996346
vt 0.317580 0.998376
vt 0.320959 0.500000
vt 0.358189 0.500000
vt 0.316499 0.500000
vt 0.595054 0.500000
vt 0.595054 0.870432
vt 0.599329 0.870432
vt 0.599329 0.500000
vt 0.557925 0.500000
vt 0.557925 0.870432
vt 0.458114 0.500000
vt 0.458114 0.870432
vt 0.595054 0.996346
vt 0.594956 0.999086
vt 0.598119 0.998376
vt 0.599329 0.996346
vt 0.557925 0.996346
vt 0.557830 0.999086
vt 0.458114 0.996346
vt 0.458029 0.999086
vt 0.588076 0.499999
vt 0.592517 0.499999
vt 0.592517 0.870431
vt 0.588076 0.870431
vt 0.551216 0.870432
vt 0.551216 0.499999
vt 0.452091 0.500000
vt 0.452091 0.870432
vt 0.588076 0.996345
vt 0.592517 0.996345
vt 0.591468 0.998375
vt 0.588174 0.999086
vt 0.551311 0.999086
vt 0.551216 0.996345
vt 0.452091 0.996345
vt 0.452175 0.999086
vt 0.594660 0.341023
vt 0.593690 0.348625
vt 0.598058 0.349184
vt 0.599033 0.341582
vt 0.598119 0.339724
vt 0.594956 0.338711
vt 0.557830 0.334072
vt 0.557547 0.336385
vt 0.556613 0.343993
vt 0.457774 0.324811
vt 0.456936 0.332429
vt 0.458029 0.322494
vt 0.452430 0.373401
vt 0.452176 0.375718
vt 0.551311 0.387219
vt 0.551595 0.384905
vt 0.552528 0.377298
vt 0.453268 0.365783
vt 0.353854 0.355463
vt 0.353104 0.363091
vt 0.352877 0.365410
vt 0.455102 0.349106
vt 0.554571 0.360645
vt 0.355495 0.338766
vt 0.588469 0.389513
vt 0.588174 0.391825
vt 0.591468 0.391636
vt 0.592813 0.390068
vt 0.593789 0.382466
vt 0.589440 0.381910
vt 0.591565 0.365268
vt 0.595923 0.365825
vt 0.500000 0.341769
vt 0.500000 0.339270
vt 0.870432 0.339270
vt 0.870432 0.341769
vt 0.870432 0.349371
vt 0.500000 0.349370
vt 0.500000 0.366011
vt 0.870432 0.366011
vt 0.996346 0.341769
vt 0.996346 0.339270
vt 0.998376 0.339724
vt 0.999086 0.341582
vt 0.999086 0.349184
vt 0.996346 0.349371
vt 0.996346 0.366011
vt 0.999086 0.365825
vt 0.500001 0.310323
vt 0.500001 0.317954
vt 0.870432 0.317954
vt 0.870433 0.310323
vt 0.870433 0.308139
vt 0.500001 0.308139
vt 0.500001 0.334659
vt 0.870432 0.334659
vt 0.316086 0.359539
vt 0.315867 0.361859
vt 0.316804 0.351908
vt 0.312437 0.351499
vt 0.311722 0.359130
vt 0.312693 0.360955
vt 0.318377 0.335205
vt 0.314002 0.334795
vt 0.996346 0.310323
vt 0.996346 0.308139
vt 0.996346 0.317954
vt 0.999087 0.318091
vt 0.999087 0.310460
vt 0.998376 0.308847
vt 0.996346 0.334659
vt 0.999087 0.334795
vt 0.996346 0.393942
vt 0.996346 0.386343
vt 0.870432 0.386343
vt 0.870432 0.393942
vt 0.870432 0.396444
vt 0.996346 0.396443
vt 0.998376 0.395994
vt 0.999087 0.394133
vt 0.999087 0.386535
vt 0.634823 0.346254
vt 0.633811 0.353851
vt 0.670840 0.358875
vt 0.671892 0.351284
vt 0.672211 0.348975
vt 0.635131 0.343943
vt 0.631814 0.344112
vt 0.630454 0.345674
vt 0.629446 0.353272
vt 0.500000 0.393941
vt 0.500000 0.396444
vt 0.500000 0.386343
vt 0.996345 0.437358
vt 0.996345 0.429812
vt 0.999086 0.429557
vt 0.999086 0.437103
vt 0.904647 0.996345
vt 0.903212 0.999086
vt 0.901795 0.998376
vt 0.902804 0.996345
vt 0.996345 0.439399
vt 0.870431 0.439398
vt 0.870431 0.437358
vt 0.870432 0.429812
vt 0.499999 0.437358
vt 0.500000 0.429811
vt 0.499999 0.439399
vt 0.627956 0.996346
vt 0.664754 0.996345
vt 0.664861 0.999086
vt 0.628059 0.999086
vt 0.624925 0.998376
vt 0.623720 0.996346
vt 0.623720 0.870432
vt 0.627956 0.870432
vt 0.664754 0.870432
vt 0.627956 0.500000
vt 0.664754 0.500000
vt 0.623720 0.500000
vt 0.635234 0.996346
vt 0.635131 0.999086
vt 0.672211 0.999086
vt 0.672318 0.996346
vt 0.672318 0.870432
vt 0.635234 0.870432
vt 0.630761 0.870432
vt 0.630760 0.996346
vt 0.631814 0.998376
vt 0.635234 0.500000
vt 0.672318 0.500000
vt 0.630760 0.500000
vt 0.907950 0.500000
vt 0.907950 0.870432
vt 0.912159 0.870432
vt 0.912159 0.500000
vt 0.871054 0.500000
vt 0.871054 0.870432
vt 0.771792 0.500000
vt 0.771792 0.870432
vt 0.907950 0.996346
vt 0.907815 0.999086
vt 0.910928 0.998376
vt 0.912159 0.996346
vt 0.871054 0.996346
vt 0.870923 0.999087
vt 0.771792 0.996346
vt 0.771674 0.999087
vt 0.898365 0.499999
vt 0.902804 0.499999
vt 0.902804 0.870431
vt 0.898364 0.870431
vt 0.861810 0.870432
vt 0.861810 0.500000
vt 0.763420 0.500000
vt 0.763420 0.870432
vt 0.898364 0.996345
vt 0.898500 0.999086
vt 0.861941 0.999086
vt 0.861810 0.996345
vt 0.763421 0.996345
vt 0.763538 0.999086
vt 0.907409 0.388204
vt 0.906076 0.395752
vt 0.910413 0.396518
vt 0.911752 0.388972
vt 0.910928 0.387072
vt 0.907815 0.385909
vt 0.870924 0.379521
vt 0.870533 0.381819
vt 0.869247 0.389374
vt 0.771320 0.365784
vt 0.770155 0.373360
vt 0.771674 0.363480
vt 0.763893 0.414100
vt 0.763538 0.416404
vt 0.861941 0.432307
vt 0.862332 0.430009
vt 0.863618 0.422453
vt 0.765057 0.406525
vt 0.666234 0.392113
vt 0.665182 0.399704
vt 0.664861 0.402013
vt 0.767606 0.389942
vt 0.866432 0.405914
vt 0.668537 0.375494
vt 0.898905 0.436342
vt 0.898500 0.438638
vt 0.901795 0.438606
vt 0.903212 0.437103
vt 0.904551 0.429557
vt 0.900239 0.428795
vt 0.903157 0.412273
vt 0.907482 0.413038
vt 0.500000 0.389228
vt 0.500000 0.386677
vt 0.870432 0.386677
vt 0.870432 0.389229
vt 0.870432 0.396775
vt 0.500000 0.396775
vt 0.500000 0.413293
vt 0.870432 0.413293
vt 0.996346 0.389228
vt 0.996346 0.386677
vt 0.998376 0.387073
vt 0.999086 0.388972
vt 0.999086 0.396518
vt 0.996346 0.396775
vt 0.996345 0.413293
vt 0.999086 0.413038
vt 0.500000 0.345481
vt 0.500000 0.353079
vt 0.870433 0.353079
vt 0.870433 0.345481
vt 0.870432 0.343363
vt 0.500000 0.343363
vt 0.500000 0.369711
vt 0.870432 0.369711
vt 0.628367 0.394709
vt 0.628059 0.397019
vt 0.629379 0.387111
vt 0.625034 0.386535
vt 0.624026 0.394133
vt 0.624925 0.395993
vt 0.631595 0.370481
vt 0.627240 0.369903
vt 0.996346 0.345481
vt 0.996346 0.343364
vt 0.996346 0.353079
vt 0.999087 0.353272
vt 0.999087 0.345674
vt 0.998376 0.344113
vt 0.996346 0.369711
vt 0.999087 0.369903
vt 0.996346 0.442411
vt 0.996346 0.434872
vt 0.870432 0.434872
vt 0.870432 0.442411
vt 0.870432 0.444966
vt 0.996346 0.444966
vt 0.998376 0.444576
vt 0.999087 0.442673
vt 0.999087 0.435134
vt 0.947297 0.395385
vt 0.945910 0.402923
vt 0.982653 0.409797
vt 0.984090 0.402269
vt 0.984527 0.399979
vt 0.947718 0.393092
vt 0.944395 0.393097
vt 0.942958 0.394589
vt 0.941577 0.402128
vt 0.500000 0.442411
vt 0.500000 0.444966
vt 0.500000 0.434872
vt 0.996345 0.501177
vt 0.996345 0.493728
vt 0.999086 0.493386
vt 0.999086 0.500836
vt 0.211565 0.996345
vt 0.210150 0.999086
vt 0.208645 0.998375
vt 0.209603 0.996345
vt 0.209603 0.870431
vt 0.211565 0.870431
vt 0.870432 0.501177
vt 0.870432 0.493728
vt 0.499999 0.501177
vt 0.500000 0.493728
vt 0.211565 0.499999
vt 0.209603 0.499999
vt 0.937891 0.996346
vt 0.974343 0.996345
vt 0.974488 0.999086
vt 0.938032 0.999086
vt 0.934957 0.998376
vt 0.933733 0.996346
vt 0.933733 0.870432
vt 0.937891 0.870432
vt 0.974343 0.870432
vt 0.937891 0.500000
vt 0.974343 0.500000
vt 0.933733 0.500000
vt 0.947858 0.996346
vt 0.947718 0.999087
vt 0.984527 0.999086
vt 0.984673 0.996346
vt 0.984673 0.870432
vt 0.947858 0.870432
vt 0.943378 0.870432
vt 0.943378 0.996346
vt 0.944394 0.998376
vt 0.947858 0.500000
vt 0.984673 0.500000
vt 0.943378 0.500000
vt 0.218075 0.500000
vt 0.218075 0.870432
vt 0.222186 0.870432
vt 0.222186 0.500000
vt 0.181595 0.500000
vt 0.181595 0.870432
vt 0.083322 0.500000
vt 0.083322 0.870432
vt -0.015327 0.500000
vt -0.015327 0.870432
vt 0.218075 0.996345
vt 0.217893 0.999086
vt 0.220932 0.998376
vt 0.222186 0.996345
vt 0.181595 0.996345
vt 0.181419 0.999086
vt 0.083322 0.996345
vt 0.083162 0.999086
vt -0.015327 0.996346
vt -0.015473 0.999086
vt 0.205178 0.499999
vt 0.205178 0.870431
vt 0.169132 0.870431
vt 0.169132 0.499999
vt 0.071966 0.500000
vt 0.071966 0.870431
vt -0.025657 0.870432
vt -0.025657 0.500000
vt 0.205178 0.996345
vt 0.205360 0.999086
vt 0.169308 0.999086
vt 0.169132 0.996345
vt 0.071966 0.996345
vt 0.072126 0.999086
vt -0.025511 0.999086
vt -0.025657 0.996345
vt 0.217348 0.452289
vt 0.215553 0.459741
vt 0.219838 0.460771
vt 0.221639 0.453322
vt 0.220932 0.451375
vt 0.217893 0.450023
vt 0.181419 0.441421
vt 0.180892 0.443692
vt 0.179159 0.451157
vt 0.082682 0.422011
vt 0.081102 0.429511
vt 0.083162 0.419730
vt -0.015473 0.399979
vt -0.015910 0.402268
vt -0.017347 0.409797
vt 0.072606 0.469845
vt 0.072126 0.472126
vt 0.169308 0.493579
vt 0.169835 0.491309
vt 0.171569 0.483843
vt 0.074186 0.462345
vt -0.023637 0.442756
vt -0.025075 0.450285
vt -0.025511 0.452575
vt 0.077644 0.445928
vt 0.175363 0.467500
vt -0.020492 0.426277
vt 0.205905 0.499814
vt 0.205360 0.502081
vt 0.208645 0.502249
vt 0.210150 0.500836
vt 0.211952 0.493386
vt 0.207699 0.492363
vt 0.211626 0.476052
vt 0.215894 0.477079
vt 0.500000 0.453667
vt 0.500000 0.451056
vt 0.870432 0.451056
vt 0.870432 0.453667
vt 0.870432 0.461116
vt 0.500000 0.461116
vt 0.500000 0.477422
vt 0.870432 0.477422
vt 0.996346 0.453667
vt 0.996346 0.451056
vt 0.998376 0.451375
vt 0.999087 0.453322
vt 0.999086 0.460772
vt 0.996346 0.461116
vt 0.996346 0.477422
vt 0.999086 0.477079
vt 0.500000 0.394325
vt 0.500000 0.401864
vt 0.870433 0.401865
vt 0.870433 0.394325
vt 0.870433 0.392296
vt 0.500000 0.392297
vt 0.500000 0.418368
vt 0.870432 0.418368
vt 0.938454 0.443462
vt 0.938032 0.445754
vt 0.974489 0.452575
vt 0.974926 0.450285
vt 0.976363 0.442757
vt 0.939840 0.435923
vt 0.935533 0.435134
vt 0.934153 0.442673
vt 0.934957 0.444576
vt 0.942875 0.419423
vt 0.979508 0.426277
vt 0.938555 0.418631
vt 0.996346 0.394325
vt 0.996346 0.392297
vt 0.996346 0.401864
vt 0.999087 0.402128
vt 0.999087 0.394589
vt 0.941511 0.996346
vt 0.942958 0.999087
vt 0.996346 0.418368
vt 0.999087 0.418631
s 1
usemtl Material
f 1/1/1 67/2/2 3/3/3 2/4/4
f 2/4/4 3/3/3 68/5/5 4/6/6
f 4/6/6 68/5/5 5/7/7 69/8/8
f 69/8/8 5/7/7 70/9/9 6/10/10
f 6/10/10 70/9/9 8/11/11 7/12/12
f 7/13/12 8/14/11 71/15/13 9/16/14
f 9/16/14 71/15/13 73/17/15 72/18/16
f 72/18/16 73/17/15 10/19/17 74/20/18
f 74/20/18 10/19/17 12/21/19 11/22/20
f 11/22/20 12/21/19 14/23/21 13/24/22
f 13/24/22 14/23/21 76/25/23 75/26/24
f 75/12/24 76/11/23 77/9/25 15/10/26
f 15/10/26 77/9/25 16/7/27 78/8/28
f 78/8/28 16/7/27 80/5/29 79/6/30
f 79/6/30 80/5/29 18/3/31 17/4/32
f 17/4/32 18/3/31 82/2/33 81/1/34
f 81/1/34 82/2/33 19/27/35 83/28/36
f 83/28/36 19/27/35 20/29/37 84/30/38
f 84/30/38 20/29/37 86/31/39 85/32/40
f 85/32/40 86/31/39 87/33/41 21/34/42
f 21/34/42 87/33/41 89/35/43 88/36/44
f 88/26/44 89/25/43 22/23/45 90/24/46
f 90/24/46 22/23/45 24/21/47 23/37/48
f 23/37/48 24/21/47 92/19/49 91/38/50
f 91/38/50 92/19/49 25/17/51 93/39/52
f 93/39/52 25/17/51 94/15/53 26/16/54
f 26/16/54 94/15/53 27/14/55 95/40/56
f 95/36/56 27/35/55 97/41/57 96/42/58
f 96/42/58 97/41/57 29/31/59 28/32/60
f 28/32/60 29/31/59 98/43/61 30/44/62
f 3/45/3 67/46/2 32/47/63 98/48/61 29/49/59 97/50/57 27/51/55 94/52/53 25/53/51 92/54/49 24/55/47 22/56/45 89/57/43 87/58/41 86/59/39 20/60/37 19/61/35 82/62/33 18/63/31 80/64/29 16/65/27 77/66/25 76/67/23 14/68/21 12/69/19 10/70/17 73/71/15 71/72/13 8/73/11 70/74/9 5/75/7 68/76/5
f 30/44/62 98/43/61 32/27/63 31/28/64
f 31/28/64 32/27/63 67/2/2 1/1/1
f 33/77/1 100/78/2 99/79/65 34/80/4
f 34/80/4 99/79/65 101/81/5 35/82/6
f 35/82/6 101/81/5 36/83/7 102/84/8
f 102/84/8 36/83/7 38/85/9 37/86/10
f 37/86/10 38/85/9 103/87/11 39/88/66
f 39/89/66 103/90/11 104/91/13 40/92/67
f 40/92/67 104/91/13 41/93/68 105/94/16
f 105/94/16 41/93/68 106/95/17 42/96/18
f 42/96/18 106/95/17 107/97/69 43/98/20
f 43/98/20 107/97/69 44/99/21 108/100/70
f 108/100/70 44/99/21 109/101/23 45/102/71
f 45/88/71 109/87/23 110/85/25 46/86/26
f 46/86/26 110/85/25 112/83/27 111/84/28
f 111/84/28 112/83/27 114/81/29 113/82/30
f 113/82/30 114/81/29 116/79/72 115/80/32
f 115/80/32 116/79/72 47/78/33 117/77/34
f 117/77/34 47/78/33 118/103/73 48/104/36
f 48/104/36 118/103/73 49/105/37 119/106/38
f 119/106/38 49/105/37 51/107/39 50/108/40
f 50/108/40 51/107/39 53/109/41 52/110/42
f 52/110/42 53/109/41 120/111/43 54/112/44
f 54/102/44 120/101/43 55/99/45 121/100/46
f 121/100/46 55/99/45 122/97/47 56/113/48
f 56/113/48 122/97/47 123/95/49 57/114/50
f 57/114/50 123/95/49 124/93/51 58/115/52
f 58/115/52 124/93/51 125/91/74 59/92/54
f 59/92/54 125/91/74 61/90/55 60/116/56
f 60/112/56 61/111/55 62/109/57 126/110/58
f 126/110/58 62/109/57 127/107/59 63/108/60
f 63/108/60 127/107/59 128/105/61 64/106/62
f 99/117/65 100/118/2 66/119/63 128/120/61 127/121/59 62/122/57 61/123/55 125/124/74 124/125/51 123/126/49 122/127/47 55/128/45 120/129/43 53/130/41 51/131/39 49/132/37 118/133/73 47/134/33 116/135/72 114/136/29 112/137/27 110/138/25 109/139/23 44/140/21 107/141/69 106/142/17 41/143/68 104/144/13 103/145/11 38/146/9 36/147/7 101/148/5
f 64/106/62 128/105/61 66/103/63 65/104/64
f 65/104/64 66/103/63 100/78/2 33/77/1
f 129/149/75 133/150/76 136/151/77 132/152/78
f 130/153/79 134/154/80 133/150/76 129/149/75
f 131/155/81 135/156/82 134/154/80 130/153/79
f 132/157/78 136/158/77 135/156/82 131/155/81
f 133/150/76 137/159/83 140/160/84 136/151/77
f 134/154/80 138/161/85 137/159/83 133/150/76
f 135/156/82 139/162/86 138/161/85 134/154/80
f 136/158/77 140/163/84 139/162/86 135/156/82
f 137/159/83 141/164/87 144/165/88 140/160/84
f 138/161/85 142/166/89 141/164/87 137/159/83
f 139/162/86 143/167/90 142/166/89 138/161/85
f 140/163/84 144/168/88 143/167/90 139/162/86
f 141/164/87 145/169/91 148/170/92 144/165/88
f 142/166/89 146/171/93 145/169/91 141/164/87
f 143/167/90 147/172/94 146/171/93 142/166/89
f 144/168/88 148/173/92 147/172/94 143/167/90
f 145/169/91 149/174/95 152/175/96 148/170/92
f 146/171/93 150/176/97 149/174/95 145/169/91
f 147/172/94 151/177/98 150/176/97 146/171/93
f 148/173/92 152/178/96 151/177/98 147/172/94
f 149/174/95 153/179/99 156/180/100 152/175/96
f 150/176/97 154/181/101 153/179/99 149/174/95
f 151/177/98 155/182/102 154/181/101 150/176/97
f 152/178/96 156/183/100 155/182/102 151/177/98
f 153/179/99 157/184/103 160/185/104 156/180/100
f 154/181/101 158/186/105 157/184/103 153/179/99
f 155/182/102 159/187/106 158/186/105 154/181/101
f 156/183/100 160/188/104 159/187/106 155/182/102
s 0
f 161/189/107 162/190/107 164/191/107 163/192/107
f 163/192/108 164/191/108 166/193/108 165/194/108
f 165/194/109 166/193/109 168/195/109 167/196/109
f 167/196/110 168/195/110 170/197/110 169/198/110
f 169/198/111 170/197/111 172/199/111 171/200/111
f 171/201/112 172/202/112 174/203/112 173/204/112
f 173/204/113 174/203/113 176/205/113 175/206/113
f 175/206/114 176/205/114 178/207/114 177/208/114
f 177/208/115 178/207/115 180/209/115 179/210/115
f 179/210/116 180/209/116 182/211/116 181/212/116
f 181/212/117 182/211/117 184/213/117 183/214/117
f 183/200/118 184/199/118 186/197/118 185/198/118
f 185/198/119 186/197/119 188/195/119 187/196/119
f 187/196/120 188/195/120 190/193/120 189/194/120
f 189/194/121 190/193/121 192/191/121 191/192/121
f 191/192/122 192/191/122 194/190/122 193/189/122
f 193/189/123 194/190/123 196/215/123 195/216/123
f 195/216/124 196/215/124 198/217/124 197/218/124
f 197/218/125 198/217/125 200/219/125 199/220/125
f 199/220/126 200/219/126 202/221/126 201/222/126
f 201/222/127 202/221/127 204/223/127 203/224/127
f 203/214/128 204/213/128 206/225/128 205/226/128
f 205/226/129 206/225/129 208/209/129 207/210/129
f 207/210/130 208/209/130 210/207/130 209/208/130
f 209/208/131 210/207/131 212/205/131 211/206/131
f 211/206/132 212/205/132 214/227/132 213/204/132
f 213/204/133 214/227/133 216/228/133 215/229/133
f 215/224/134 216/223/134 218/230/134 217/231/134
f 217/231/135 218/230/135 220/219/135 219/220/135
f 219/220/136 220/219/136 222/217/136 221/218/136
f 164/232/137 162/233/137 224/234/137 222/235/137 220/236/137 218/237/137 216/238/137 214/239/137 212/240/137 210/241/137 208/242/137 206/243/137 204/244/137 202/245/137 200/246/137 198/247/137 196/248/137 194/249/137 192/250/137 190/251/137 188/252/137 186/253/137 184/254/137 182/255/137 180/256/137 178/257/137 176/258/137 174/259/137 172/260/137 170/261/137 168/262/137 166/263/137
f 221/218/138 222/217/138 224/215/138 223/216/138
f 223/216/139 224/215/139 162/190/139 161/189/139
f 225/264/107 226/265/107 228/266/107 227/267/107
f 227/267/108 228/266/108 230/268/108 229/269/108
f 229/269/109 230/268/109 232/270/109 231/271/109
f 231/271/110 232/270/110 234/272/110 233/273/110
f 233/273/111 234/272/111 236/274/111 235/275/111
f 235/276/112 236/277/112 238/278/112 237/279/112
f 237/279/113 238/278/113 240/280/113 239/281/113
f 239/281/114 240/280/114 242/282/114 241/283/114
f 241/283/115 242/282/115 244/284/115 243/285/115
f 243/285/116 244/284/116 246/286/116 245/287/116
f 245/287/117 246/286/117 248/288/117 247/289/117
f 247/275/118 248/274/118 250/272/118 249/273/118
f 249/273/119 250/272/119 252/270/119 251/271/119
f 251/271/120 252/270/120 254/268/120 253/269/120
f 253/269/121 254/268/121 256/266/121 255/267/121
f 255/267/122 256/266/122 258/265/122 257/264/122
f 257/264/123 258/265/123 260/290/123 259/291/123
f 259/291/124 260/290/124 262/292/124 261/293/124
f 261/293/125 262/292/125 264/294/125 263/295/125
f 263/295/140 264/294/140 266/296/140 265/297/140
f 265/297/141 266/296/141 268/298/141 267/299/141
f 267/289/128 268/288/128 270/300/128 269/301/128
f 269/301/129 270/300/129 272/284/129 271/285/129
f 271/285/130 272/284/130 274/282/130 273/283/130
f 273/283/131 274/282/131 276/280/131 275/281/131
f 275/281/132 276/280/132 278/302/132 277/279/132
f 277/279/133 278/302/133 280/303/133 279/304/133
f 279/299/134 280/298/134 282/296/134 281/297/134
f 281/297/135 282/296/135 284/294/135 283/295/135
f 283/295/142 284/294/142 286/292/142 285/293/142
f 228/305/137 226/306/137 288/307/137 286/308/137 284/309/137 282/310/137 280/311/137 278/312/137 276/313/137 274/314/137 272/315/137 270/316/137 268/317/137 266/318/137 264/319/137 262/320/137 260/321/137 258/322/137 256/323/137 254/324/137 252/325/137 250/326/137 248/327/137 246/328/137 244/329/137 242/330/137 240/331/137 238/332/137 236/333/137 234/334/137 232/335/137 230/336/137
f 285/293/138 286/292/138 288/290/138 287/291/138
f 287/291/139 288/290/139 226/265/139 225/264/139
s 1
f 289/337/143 293/338/144 296/339/145 292/340/146
f 290/341/147 294/342/148 293/338/144 289/337/143
f 291/343/149 295/344/150 294/342/148 290/341/147
f 292/345/146 296/346/145 295/344/150 291/343/149
f 293/338/144 297/347/151 300/348/152 296/339/145
f 294/342/148 298/349/153 297/347/151 293/338/144
f 295/344/150 299/350/154 298/349/153 294/342/148
f 296/346/145 300/351/152 299/350/154 295/344/150
f 297/347/151 301/352/155 304/353/156 300/348/152
f 298/349/153 302/354/157 301/352/155 297/347/151
f 299/350/154 303/355/158 302/354/157 298/349/153
f 300/351/152 304/356/156 303/355/158 299/350/154
f 301/352/155 305/357/159 308/358/160 304/353/156
f 302/354/157 306/359/161 305/357/159 301/352/155
f 303/355/158 307/360/162 306/359/161 302/354/157
f 304/356/156 308/361/160 307/360/162 303/355/158
f 305/357/159 309/362/163 312/363/164 308/358/160
f 306/359/161 310/364/165 309/362/163 305/357/159
f 307/360/162 311/365/166 310/364/165 306/359/161
f 308/361/160 312/366/164 311/365/166 307/360/162
f 309/362/163 313/367/167 316/368/168 312/363/164
f 310/364/165 314/369/169 313/367/167 309/362/163
f 311/365/166 315/370/170 314/369/169 310/364/165
f 312/366/164 316/371/168 315/370/170 311/365/166
f 313/367/167 317/372/171 320/373/172 316/368/168
f 314/369/169 318/374/173 317/372/171 313/367/167
f 315/370/170 319/375/174 318/374/173 314/369/169
f 316/371/168 320/376/172 319/375/174 315/370/170
f 321/377/175 329/378/176 336/379/177 328/380/178
f 322/381/179 330/382/180 329/378/176 321/377/175
f 323/383/181 331/384/182 330/385/180 322/386/179
f 324/387/183 332/388/184 331/384/182 323/383/181
f 325/389/185 333/390/186 332/388/184 324/387/183
f 326/391/187 334/392/188 333/390/186 325/389/185
f 327/393/189 335/394/190 334/392/188 326/391/187
f 328/380/178 336/379/177 335/394/190 327/393/189
f 329/378/176 337/395/191 344/396/192 336/379/177
f 330/382/180 338/397/193 337/395/191 329/378/176
f 331/384/182 339/398/194 338/399/193 330/385/180
f 332/388/184 340/400/195 339/398/194 331/384/182
f 333/390/186 341/401/196 340/400/195 332/388/184
f 334/392/188 342/402/197 341/401/196 333/390/186
f 335/394/190 343/403/198 342/402/197 334/392/188
f 336/379/177 344/396/192 343/403/198 335/394/190
f 337/395/191 345/404/199 352/405/200 344/396/192
f 338/397/193 346/406/18 345/404/199 337/395/191
f 339/398/194 347/407/201 346/408/18 338/399/193
f 340/400/195 348/409/202 347/407/201 339/398/194
f 341/401/196 349/410/203 348/409/202 340/400/195
f 342/402/197 350/411/50 349/410/203 341/401/196
f 343/403/198 351/412/204 350/411/50 342/402/197
f 344/396/192 352/405/200 351/412/204 343/403/198
f 345/404/199 353/413/205 360/414/206 352/405/200
f 346/406/18 354/415/207 353/413/205 345/404/199
f 347/407/201 355/416/208 354/417/207 346/408/18
f 348/409/202 356/418/209 355/416/208 347/407/201
f 349/410/203 357/419/210 356/418/209 348/409/202
f 350/411/50 358/420/211 357/419/210 349/410/203
f 351/412/204 359/421/212 358/420/211 350/411/50
f 352/405/200 360/414/206 359/421/212 351/412/204
f 353/413/205 361/422/213 368/423/214 360/414/206
f 354/415/207 362/424/215 361/422/213 353/413/205
f 355/416/208 363/425/216 362/426/215 354/417/207
f 356/418/209 364/427/217 363/425/216 355/416/208
f 357/419/210 365/428/218 364/427/217 356/418/209
f 358/420/211 366/429/219 365/428/218 357/419/210
f 359/421/212 367/430/220 366/429/219 358/420/211
f 360/414/206 368/423/214 367/430/220 359/421/212
f 361/422/213 369/431/221 376/432/222 368/423/214
f 362/424/215 370/433/223 369/431/221 361/422/213
f 363/425/216 371/434/224 370/435/223 362/426/215
f 364/427/217 372/436/225 371/434/224 363/425/216
f 365/428/218 373/437/226 372/436/225 364/427/217
f 366/429/219 374/438/227 373/437/226 365/428/218
f 367/430/220 375/439/228 374/438/227 366/429/219
f 368/423/214 376/432/222 375/439/228 367/430/220
f 369/431/221 377/440/229 384/441/230 376/432/222
f 370/433/223 378/442/231 377/440/229 369/431/221
f 371/434/224 379/443/232 378/444/231 370/435/223
f 372/436/225 380/445/233 379/443/232 371/434/224
f 373/437/226 381/446/234 380/445/233 372/436/225
f 374/438/227 382/447/235 381/446/234 373/437/226
f 375/439/228 383/448/236 382/447/235 374/438/227
f 376/432/222 384/441/230 383/448/236 375/439/228
f 377/440/229 385/449/237 392/450/238 384/441/230
f 378/442/231 386/451/239 385/449/237 377/440/229
f 379/443/232 387/452/240 386/453/239 378/444/231
f 380/445/233 388/454/241 387/452/240 379/443/232
f 381/446/234 389/455/242 388/454/241 380/445/233
f 382/447/235 390/456/243 389/455/242 381/446/234
f 383/448/236 391/457/244 390/456/243 382/447/235
f 384/441/230 392/450/238 391/457/244 383/448/236
f 385/449/237 393/458/245 400/459/246 392/450/238
f 386/451/239 394/460/34 393/458/245 385/449/237
f 387/452/240 395/461/247 394/462/34 386/453/239
f 388/454/241 396/463/248 395/461/247 387/452/240
f 389/455/242 397/464/249 396/463/248 388/454/241
f 390/456/243 398/465/1 397/464/249 389/455/242
f 391/457/244 399/466/250 398/465/1 390/456/243
f 392/450/238 400/459/246 399/466/250 391/457/244
f 393/458/245 401/467/251 408/468/252 400/459/246
f 394/460/34 402/469/253 401/467/251 393/458/245
f 395/461/247 403/470/254 402/471/253 394/462/34
f 396/463/248 404/472/255 403/470/254 395/461/247
f 397/464/249 405/473/256 404/472/255 396/463/248
f 398/465/1 406/474/257 405/473/256 397/464/249
f 399/466/250 407/475/258 406/474/257 398/465/1
f 400/459/246 408/468/252 407/475/258 399/466/250
f 401/467/251 409/476/259 416/477/260 408/468/252
f 402/469/253 410/478/261 409/476/259 401/467/251
f 403/470/254 411/479/262 410/480/261 402/471/253
f 404/472/255 412/481/263 411/479/262 403/470/254
f 405/473/256 413/482/264 412/481/263 404/472/255
f 406/474/257 414/483/265 413/482/264 405/473/256
f 407/475/258 415/484/266 414/483/265 406/474/257
f 408/468/252 416/477/260 415/484/266 407/475/258
f 409/476/259 417/485/267 424/486/268 416/477/260
f 410/478/261 418/487/269 417/485/267 409/476/259
f 411/479/262 419/488/270 418/489/269 410/480/261
f 412/481/263 420/490/271 419/488/270 411/479/262
f 413/482/264 421/491/272 420/490/271 412/481/263
f 414/483/265 422/492/273 421/491/272 413/482/264
f 415/484/266 423/493/274 422/492/273 414/483/265
f 416/477/260 424/486/268 423/493/274 415/484/266
f 417/485/267 425/494/275 432/495/276 424/486/268
f 418/487/269 426/496/277 425/494/275 417/485/267
f 419/488/270 427/497/278 426/498/277 418/489/269
f 420/490/271 428/499/279 427/497/278 419/488/270
f 421/491/272 429/500/280 428/499/279 420/490/271
f 422/492/273 430/501/281 429/500/280 421/491/272
f 423/493/274 431/502/282 430/501/281 422/492/273
f 424/486/268 432/495/276 431/502/282 423/493/274
f 425/494/275 433/503/283 440/504/284 432/495/276
f 426/496/277 434/505/285 433/503/283 425/494/275
f 427/497/278 435/506/286 434/507/285 426/498/277
f 428/499/279 436/508/287 435/506/286 427/497/278
f 429/500/280 437/509/288 436/508/287 428/499/279
f 430/501/281 438/510/289 437/509/288 429/500/280
f 431/502/282 439/511/290 438/510/289 430/501/281
f 432/495/276 440/504/284 439/511/290 431/502/282
f 433/503/283 441/512/291 448/513/292 440/504/284
f 434/505/285 442/514/50 441/512/291 433/503/283
f 435/506/286 443/515/293 442/516/50 434/507/285
f 436/508/287 444/517/294 443/515/293 435/506/286
f 437/509/288 445/518/295 444/517/294 436/508/287
f 438/510/289 446/519/18 445/518/295 437/509/288
f 439/511/290 447/520/296 446/519/18 438/510/289
f 440/504/284 448/513/292 447/520/296 439/511/290
f 441/512/291 449/521/297 456/522/298 448/513/292
f 442/514/50 450/523/299 449/521/297 441/512/291
f 443/515/293 451/524/300 450/525/299 442/516/50
f 444/517/294 452/526/301 451/524/300 443/515/293
f 445/518/295 453/527/302 452/526/301 444/517/294
f 446/519/18 454/528/303 453/527/302 445/518/295
f 447/520/296 455/529/304 454/528/303 446/519/18
f 448/513/292 456/522/298 455/529/304 447/520/296
f 449/521/297 457/530/305 464/531/306 456/522/298
f 450/523/299 458/532/307 457/530/305 449/521/297
f 451/524/300 459/533/308 458/534/307 450/525/299
f 452/526/301 460/535/309 459/533/308 451/524/300
f 453/527/302 461/536/310 460/535/309 452/526/301
f 454/528/303 462/537/311 461/536/310 453/527/302
f 455/529/304 463/538/312 462/537/311 454/528/303
f 456/522/298 464/531/306 463/538/312 455/529/304
f 457/530/305 465/539/313 472/540/314 464/531/306
f 458/532/307 466/541/315 465/539/313 457/530/305
f 459/533/308 467/542/316 466/543/315 458/534/307
f 460/535/309 468/544/317 467/542/316 459/533/308
f 461/536/310 469/545/318 468/544/317 460/535/309
f 462/537/311 470/546/319 469/545/318 461/536/310
f 463/538/312 471/547/320 470/546/319 462/537/311
f 464/531/306 472/540/314 471/547/320 463/538/312
f 465/539/313 473/548/321 480/549/322 472/540/314
f 466/541/315 474/550/323 473/548/321 465/539/313
f 467/542/316 475/551/324 474/552/323 466/543/315
f 468/544/317 476/553/325 475/551/324 467/542/316
f 469/545/318 477/554/326 476/553/325 468/544/317
f 470/546/319 478/555/327 477/554/326 469/545/318
f 471/547/320 479/556/328 478/555/327 470/546/319
f 472/540/314 480/549/322 479/556/328 471/547/320
f 473/548/321 481/557/329 488/558/330 480/549/322
f 474/550/323 482/559/331 481/557/329 473/548/321
f 475/551/324 483/560/332 482/561/331 474/552/323
f 476/553/325 484/562/333 483/560/332 475/551/324
f 477/554/326 485/563/334 484/562/333 476/553/325
f 478/555/327 486/564/335 485/563/334 477/554/326
f 479/556/328 487/565/336 486/564/335 478/555/327
f 480/549/322 488/558/330 487/565/336 479/556/328
f 481/557/329 489/566/337 496/567/338 488/558/330
f 482/559/331 490/568/1 489/566/337 481/557/329
f 483/560/332 491/569/339 490/570/1 482/561/331
f 484/562/333 492/571/340 491/569/339 483/560/332
f 485/563/334 493/572/341 492/571/340 484/562/333
f 486/564/335 494/573/34 493/572/341 485/563/334
f 487/565/336 495/574/342 494/573/34 486/564/335
f 488/558/330 496/567/338 495/574/342 487/565/336
f 489/566/337 497/575/343 504/576/344 496/567/338
f 490/568/1 498/577/345 497/575/343 489/566/337
f 491/569/339 499/578/346 498/579/345 490/570/1
f 492/571/340 500/580/347 499/578/346 491/569/339
f 493/572/341 501/581/348 500/580/347 492/571/340
f 494/573/34 502/582/349 501/581/348 493/572/341
f 495/574/342 503/583/350 502/582/349 494/573/34
f 496/567/338 504/576/344 503/583/350 495/574/342
f 497/575/343 505/584/351 512/585/352 504/576/344
f 498/577/345 506/586/353 505/584/351 497/575/343
f 499/578/346 507/587/354 506/588/353 498/579/345
f 500/580/347 508/589/355 507/587/354 499/578/346
f 501/581/348 509/590/356 508/589/355 500/580/347
f 502/582/349 510/591/357 509/590/356 501/581/348
f 503/583/350 511/592/358 510/591/357 502/582/349
f 504/576/344 512/585/352 511/592/358 503/583/350
f 505/584/351 321/377/175 328/380/178 512/585/352
f 506/586/353 322/381/179 321/377/175 505/584/351
f 507/587/354 323/383/181 322/386/179 506/588/353
f 508/589/355 324/387/183 323/383/181 507/587/354
f 509/590/356 325/389/185 324/387/183 508/589/355
f 510/591/357 326/391/187 325/389/185 509/590/356
f 511/592/358 327/393/189 326/391/187 510/591/357
f 512/585/352 328/380/178 327/393/189 511/592/358
f 513/593/359 521/594/360 528/595/361 520/596/362
f 514/597/363 522/598/364 521/594/360 513/593/359
f 515/599/365 523/600/366 522/601/364 514/602/363
f 516/603/367 524/604/368 523/600/366 515/599/365
f 517/605/369 525/606/370 524/604/368 516/603/367
f 518/607/371 526/608/372 525/606/370 517/605/369
f 519/609/373 527/610/374 526/608/372 518/607/371
f 520/596/362 528/595/361 527/610/374 519/609/373
f 521/594/360 529/611/375 536/612/376 528/595/361
f 522/598/364 530/613/377 529/611/375 521/594/360
f 523/600/366 531/614/378 530/615/377 522/601/364
f 524/604/368 532/616/379 531/614/378 523/600/366
f 525/606/370 533/617/380 532/616/379 524/604/368
f 526/608/372 534/618/381 533/617/380 525/606/370
f 527/610/374 535/619/382 534/618/381 526/608/372
f 528/595/361 536/612/376 535/619/382 527/610/374
f 529/611/375 537/620/383 544/621/384 536/612/376
f 530/613/377 538/622/385 537/620/383 529/611/375
f 531/614/378 539/623/386 538/624/385 530/615/377
f 532/616/379 540/625/387 539/623/386 531/614/378
f 533/617/380 541/626/388 540/625/387 532/616/379
f 534/618/381 542/627/389 541/626/388 533/617/380
f 535/619/382 543/628/390 542/627/389 534/618/381
f 536/612/376 544/621/384 543/628/390 535/619/382
f 537/620/383 545/629/391 552/630/392 544/621/384
f 538/622/385 546/631/18 545/629/391 537/620/383
f 539/623/386 547/632/393 546/633/18 538/624/385
f 540/625/387 548/634/394 547/632/393 539/623/386
f 541/626/388 549/635/395 548/634/394 540/625/387
f 542/627/389 550/636/50 549/635/395 541/626/388
f 543/628/390 551/637/396 550/636/50 542/627/389
f 544/621/384 552/630/392 551/637/396 543/628/390
f 545/629/391 553/638/397 560/639/398 552/630/392
f 546/631/18 554/640/399 553/638/397 545/629/391
f 547/632/393 555/641/400 554/642/399 546/633/18
f 548/634/394 556/643/401 555/641/400 547/632/393
f 549/635/395 557/644/402 556/643/401 548/634/394
f 550/636/50 558/645/403 557/644/402 549/635/395
f 551/637/396 559/646/404 558/645/403 550/636/50
f 552/630/392 560/639/398 559/646/404 551/637/396
f 553/638/397 561/647/405 568/648/406 560/639/398
f 554/640/399 562/649/407 561/647/405 553/638/397
f 555/641/400 563/650/408 562/651/407 554/642/399
f 556/643/401 564/652/409 563/650/408 555/641/400
f 557/644/402 565/653/410 564/652/409 556/643/401
f 558/645/403 566/654/411 565/653/410 557/644/402
f 559/646/404 567/655/412 566/654/411 558/645/403
f 560/639/398 568/648/406 567/655/412 559/646/404
f 561/647/405 569/656/413 576/657/414 568/648/406
f 562/649/407 570/658/415 569/656/413 561/647/405
f 563/650/408 571/659/416 570/660/415 562/651/407
f 564/652/409 572/661/417 571/659/416 563/650/408
f 565/653/410 573/662/418 572/661/417 564/652/409
f 566/654/411 574/663/419 573/662/418 565/653/410
f 567/655/412 575/664/420 574/663/419 566/654/411
f 568/648/406 576/657/414 575/664/420 567/655/412
f 569/656/413 577/665/421 584/666/422 576/657/414
f 570/658/415 578/667/423 577/665/421 569/656/413
f 571/659/416 579/668/424 578/669/423 570/660/415
f 572/661/417 580/670/425 579/668/424 571/659/416
f 573/662/418 581/671/426 580/670/425 572/661/417
f 574/663/419 582/672/427 581/671/426 573/662/418
f 575/664/420 583/673/428 582/672/427 574/663/419
f 576/657/414 584/666/422 583/673/428 575/664/420
f 577/665/421 585/674/429 592/675/430 584/666/422
f 578/667/423 586/676/431 585/674/429 577/665/421
f 579/668/424 587/677/432 586/678/431 578/669/423
f 580/670/425 588/679/433 587/677/432 579/668/424
f 581/671/426 589/680/434 588/679/433 580/670/425
f 582/672/427 590/681/435 589/680/434 581/671/426
f 583/673/428 591/682/436 590/681/435 582/672/427
f 584/666/422 592/675/430 591/682/436 583/673/428
f 585/674/429 593/683/437 600/684/438 592/675/430
f 586/676/431 594/685/439 593/683/437 585/674/429
f 587/677/432 595/686/440 594/687/439 586/678/431
f 588/679/433 596/688/441 595/686/440 587/677/432
f 589/680/434 597/689/442 596/688/441 588/679/433
f 590/681/435 598/690/443 597/689/442 589/680/434
f 591/682/436 599/691/444 598/690/443 590/681/435
f 592/675/430 600/684/438 599/691/444 591/682/436
f 593/683/437 601/692/445 608/693/446 600/684/438
f 594/685/439 602/694/447 601/692/445 593/683/437
f 595/686/440 603/695/448 602/696/447 594/687/439
f 596/688/441 604/697/449 603/695/448 595/686/440
f 597/689/442 605/698/450 604/697/449 596/688/441
f 598/690/443 606/699/451 605/698/450 597/689/442
f 599/691/444 607/700/452 606/699/451 598/690/443
f 600/684/438 608/693/446 607/700/452 599/691/444
f 601/692/445 609/701/453 616/702/454 608/693/446
f 602/694/447 610/703/34 609/701/453 601/692/445
f 603/695/448 611/704/455 610/705/34 602/696/447
f 604/697/449 612/706/456 611/704/455 603/695/448
f 605/698/450 613/707/457 612/706/456 604/697/449
f 606/699/451 614/708/1 613/707/457 605/698/450
f 607/700/452 615/709/458 614/708/1 606/699/451
f 608/693/446 616/702/454 615/709/458 607/700/452
f 609/701/453 617/710/459 624/711/460 616/702/454
f 610/703/34 618/712/461 617/710/459 609/701/453
f 611/704/455 619/713/462 618/714/461 610/705/34
f 612/706/456 620/715/463 619/713/462 611/704/455
f 613/707/457 621/716/464 620/715/463 612/706/456
f 614/708/1 622/717/465 621/716/464 613/707/457
f 615/709/458 623/718/466 622/717/465 614/708/1
f 616/702/454 624/711/460 623/718/466 615/709/458
f 617/710/459 625/719/467 632/720/468 624/711/460
f 618/712/461 626/721/469 625/719/467 617/710/459
f 619/713/462 627/722/470 626/723/469 618/714/461
f 620/715/463 628/724/471 627/722/470 619/713/462
f 621/716/464 629/725/472 628/724/471 620/715/463
f 622/717/465 630/726/473 629/725/472 621/716/464
f 623/718/466 631/727/474 630/726/473 622/717/465
f 624/711/460 632/720/468 631/727/474 623/718/466
f 625/719/467 633/728/475 640/729/476 632/720/468
f 626/721/469 634/730/477 633/728/475 625/719/467
f 627/722/470 635/731/478 634/732/477 626/723/469
f 628/724/471 636/733/479 635/731/478 627/722/470
f 629/725/472 637/734/480 636/733/479 628/724/471
f 630/726/473 638/735/481 637/734/480 629/725/472
f 631/727/474 639/736/482 638/735/481 630/726/473
f 632/720/468 640/729/476 639/736/482 631/727/474
f 633/728/475 641/737/483 648/738/484 640/729/476
f 634/730/477 642/739/485 641/737/483 633/728/475
f 635/731/478 643/740/486 642/741/485 634/732/477
f 636/733/479 644/742/487 643/740/486 635/731/478
f 637/734/480 645/743/488 644/742/487 636/733/479
f 638/735/481 646/744/489 645/743/488 637/734/480
f 639/736/482 647/745/490 646/744/489 638/735/481
f 640/729/476 648/738/484 647/745/490 639/736/482
f 641/737/483 649/746/491 656/747/492 648/738/484
f 642/739/485 650/748/493 649/746/491 641/737/483
f 643/740/486 651/749/494 650/750/493 642/741/485
f 644/742/487 652/751/495 651/749/494 643/740/486
f 645/743/488 653/752/496 652/751/495 644/742/487
f 646/744/489 654/753/497 653/752/496 645/743/488
f 647/745/490 655/754/498 654/753/497 646/744/489
f 648/738/484 656/747/492 655/754/498 647/745/490
f 649/746/491 657/755/499 664/756/500 656/747/492
f 650/748/493 658/757/501 657/755/499 649/746/491
f 651/749/494 659/758/502 658/759/501 650/750/493
f 652/751/495 660/760/503 659/758/502 651/749/494
f 653/752/496 661/761/504 660/760/503 652/751/495
f 654/753/497 662/762/505 661/761/504 653/752/496
f 655/754/498 663/763/506 662/762/505 654/753/497
f 656/747/492 664/756/500 663/763/506 655/754/498
f 657/755/499 665/764/507 672/765/508 664/756/500
f 658/757/501 666/766/509 665/764/507 657/755/499
f 659/758/502 667/767/510 666/768/509 658/759/501
f 660/760/503 668/769/511 667/767/510 659/758/502
f 661/761/504 669/770/512 668/769/511 660/760/503
f 662/762/505 670/771/513 669/770/512 661/761/504
f 663/763/506 671/772/514 670/771/513 662/762/505
f 664/756/500 672/765/508 671/772/514 663/763/506
f 665/764/507 673/773/515 680/774/516 672/765/508
f 666/766/509 674/775/50 673/773/515 665/764/507
f 667/767/510 675/776/517 674/777/50 666/768/509
f 668/769/511 676/778/518 675/776/517 667/767/510
f 669/770/512 677/779/519 676/778/518 668/769/511
f 670/771/513 678/780/18 677/779/519 669/770/512
f 671/772/514 679/781/520 678/780/18 670/771/513
f 672/765/508 680/774/516 679/781/520 671/772/514
f 673/773/515 681/782/521 688/783/522 680/774/516
f 674/775/50 682/784/523 681/782/521 673/773/515
f 675/776/517 683/785/524 682/786/523 674/777/50
f 676/778/518 684/787/525 683/785/524 675/776/517
f 677/779/519 685/788/526 684/787/525 676/778/518
f 678/780/18 686/789/527 685/788/526 677/779/519
f 679/781/520 687/790/528 686/789/527 678/780/18
f 680/774/516 688/783/522 687/790/528 679/781/520
f 681/782/521 689/791/529 696/792/530 688/783/522
f 682/784/523 690/793/531 689/791/529 681/782/521
f 683/785/524 691/794/532 690/795/531 682/786/523
f 684/787/525 692/796/533 691/794/532 683/785/524
f 685/788/526 693/797/534 692/796/533 684/787/525
f 686/789/527 694/798/535 693/797/534 685/788/526
f 687/790/528 695/799/536 694/798/535 686/789/527
f 688/783/522 696/792/530 695/799/536 687/790/528
f 689/791/529 697/800/537 704/801/538 696/792/530
f 690/793/531 698/802/539 697/800/537 689/791/529
f 691/794/532 699/803/540 698/804/539 690/795/531
f 692/796/533 700/805/541 699/803/540 691/794/532
f 693/797/534 701/806/542 700/805/541 692/796/533
f 694/798/535 702/807/543 701/806/542 693/797/534
f 695/799/536 703/808/544 702/807/543 694/798/535
f 696/792/530 704/801/538 703/808/544 695/799/536
f 697/800/537 705/809/545 712/810/546 704/801/538
f 698/802/539 706/811/547 705/809/545 697/800/537
f 699/803/540 707/812/548 706/813/547 698/804/539
f 700/805/541 708/814/549 707/812/548 699/803/540
f 701/806/542 709/815/550 708/814/549 700/805/541
f 702/807/543 710/816/551 709/815/550 701/806/542
f 703/808/544 711/817/552 710/816/551 702/807/543
f 704/801/538 712/810/546 711/817/552 703/808/544
f 705/809/545 713/818/553 720/819/554 712/810/546
f 706/811/547 714/820/555 713/818/553 705/809/545
f 707/812/548 715/821/556 714/822/555 706/813/547
f 708/814/549 716/823/557 715/821/556 707/812/548
f 709/815/550 717/824/558 716/823/557 708/814/549
f 710/816/551 718/825/559 717/824/558 709/815/550
f 711/817/552 719/826/560 718/825/559 710/816/551
f 712/810/546 720/819/554 719/826/560 711/817/552
f 713/818/553 721/827/561 728/828/562 720/819/554
f 714/820/555 722/829/563 721/827/561 713/818/553
f 715/821/556 723/830/564 722/831/563 714/822/555
f 716/823/557 724/832/565 723/830/564 715/821/556
f 717/824/558 725/833/566 724/832/565 716/823/557
f 718/825/559 726/834/567 725/833/566 717/824/558
f 719/826/560 727/835/568 726/834/567 718/825/559
f 720/819/554 728/828/562 727/835/568 719/826/560
f 721/827/561 729/836/569 736/837/570 728/828/562
f 722/829/563 730/838/571 729/836/569 721/827/561
f 723/830/564 731/839/572 730/840/571 722/831/563
f 724/832/565 732/841/573 731/839/572 723/830/564
f 725/833/566 733/842/574 732/841/573 724/832/565
f 726/834/567 734/843/575 733/842/574 725/833/566
f 727/835/568 735/844/576 734/843/575 726/834/567
f 728/828/562 736/837/570 735/844/576 727/835/568
f 729/836/569 737/845/577 744/846/578 736/837/570
f 730/838/571 738/847/1 737/845/577 729/836/569
f 731/839/572 739/848/579 738/849/1 730/840/571
f 732/841/573 740/850/580 739/848/579 731/839/572
f 733/842/574 741/851/581 740/850/580 732/841/573
f 734/843/575 742/852/34 741/851/581 733/842/574
f 735/844/576 743/853/582 742/852/34 734/843/575
f 736/837/570 744/846/578 743/853/582 735/844/576
f 737/845/577 745/854/583 752/855/584 744/846/578
f 738/847/1 746/856/585 745/854/583 737/845/577
f 739/848/579 747/857/586 746/858/585 738/849/1
f 740/850/580 748/859/587 747/857/586 739/848/579
f 741/851/581 749/860/588 748/859/587 740/850/580
f 742/852/34 750/861/589 749/860/588 741/851/581
f 743/853/582 751/862/590 750/861/589 742/852/34
f 744/846/578 752/855/584 751/862/590 743/853/582
f 745/854/583 753/863/591 760/864/592 752/855/584
f 746/856/585 754/865/593 753/863/591 745/854/583
f 747/857/586 755/866/594 754/867/593 746/858/585
f 748/859/587 756/868/595 755/866/594 747/857/586
f 749/860/588 757/869/596 756/868/595 748/859/587
f 750/861/589 758/870/597 757/869/596 749/860/588
f 751/862/590 759/871/598 758/870/597 750/861/589
f 752/855/584 760/864/592 759/871/598 751/862/590
f 753/863/591 761/872/599 768/873/600 760/864/592
f 754/865/593 762/874/601 761/872/599 753/863/591
f 755/866/594 763/875/602 762/876/601 754/867/593
f 756/868/595 764/877/603 763/875/602 755/866/594
f 757/869/596 765/878/604 764/877/603 756/868/595
f 758/870/597 766/879/605 765/878/604 757/869/596
f 759/871/598 767/880/606 766/879/605 758/870/597
f 760/864/592 768/873/600 767/880/606 759/871/598
f 761/872/599 513/593/359 520/596/362 768/873/600
f 762/874/601 514/597/363 513/593/359 761/872/599
f 763/875/602 515/599/365 514/602/363 762/876/601
f 764/877/603 516/603/367 515/599/365 763/875/602
f 765/878/604 517/605/369 516/603/367 764/877/603
f 766/879/605 518/607/371 517/605/369 765/878/604
f 767/880/606 519/609/373 518/607/371 766/879/605
f 768/873/600 520/596/362 519/609/373 767/880/606
f 769/881/607 777/882/608 784/883/609 776/884/610
f 770/885/611 778/886/612 777/882/608 769/881/607
f 771/887/613 779/888/614 778/889/612 770/890/611
f 772/891/615 780/892/616 779/888/614 771/887/613
f 773/893/617 781/894/618 780/892/616 772/891/615
f 774/895/619 782/896/620 781/894/618 773/893/617
f 775/897/621 783/898/622 782/896/620 774/895/619
f 776/884/610 784/883/609 783/898/622 775/897/621
f 777/882/608 785/899/623 792/900/624 784/883/609
f 778/886/612 786/901/18 785/899/623 777/882/608
f 779/888/614 787/902/625 786/903/18 778/889/612
f 780/892/616 788/904/626 787/902/625 779/888/614
f 781/894/618 789/905/627 788/904/626 780/892/616
f 782/896/620 790/906/50 789/905/627 781/894/618
f 783/898/622 791/907/628 790/906/50 782/896/620
f 784/883/609 792/900/624 791/907/628 783/898/622
f 785/899/623 793/908/629 800/909/630 792/900/624
f 786/901/18 794/910/631 793/908/629 785/899/623
f 787/902/625 795/911/632 794/912/631 786/903/18
f 788/904/626 796/913/633 795/911/632 787/902/625
f 789/905/627 797/914/634 796/913/633 788/904/626
f 790/906/50 798/915/635 797/914/634 789/905/627
f 791/907/628 799/916/636 798/915/635 790/906/50
f 792/900/624 800/909/630 799/916/636 791/907/628
f 793/908/629 801/917/637 808/918/638 800/909/630
f 794/910/631 802/919/639 801/917/637 793/908/629
f 795/911/632 803/920/640 802/921/639 794/912/631
f 796/913/633 804/922/641 803/920/640 795/911/632
f 797/914/634 805/923/642 804/922/641 796/913/633
f 798/915/635 806/924/643 805/923/642 797/914/634
f 799/916/636 807/925/644 806/924/643 798/915/635
f 800/909/630 808/918/638 807/925/644 799/916/636
f 801/917/637 809/926/645 816/927/646 808/918/638
f 802/919/639 810/928/647 809/926/645 801/917/637
f 803/920/640 811/929/648 810/930/647 802/921/639
f 804/922/641 812/931/649 811/929/648 803/920/640
f 805/923/642 813/932/650 812/931/649 804/922/641
f 806/924/643 814/933/651 813/932/650 805/923/642
f 807/925/644 815/934/652 814/933/651 806/924/643
f 808/918/638 816/927/646 815/934/652 807/925/644
f 809/926/645 817/935/653 824/936/654 816/927/646
f 810/928/647 818/937/34 817/935/653 809/926/645
f 811/929/648 819/938/655 818/939/34 810/930/647
f 812/931/649 820/940/656 819/938/655 811/929/648
f 813/932/650 821/941/657 820/940/656 812/931/649
f 814/933/651 822/942/1 821/941/657 813/932/650
f 815/934/652 823/943/658 822/942/1 814/933/651
f 816/927/646 824/936/654 823/943/658 815/934/652
f 817/935/653 825/944/659 832/945/660 824/936/654
f 818/937/34 826/946/661 825/944/659 817/935/653
f 819/938/655 827/947/662 826/948/661 818/939/34
f 820/940/656 828/949/663 827/947/662 819/938/655
f 821/941/657 829/950/664 828/949/663 820/940/656
f 822/942/1 830/951/665 829/950/664 821/941/657
f 823/943/658 831/952/666 830/951/665 822/942/1
f 824/936/654 832/945/660 831/952/666 823/943/658
f 825/944/659 833/953/667 840/954/668 832/945/660
f 826/946/661 834/955/669 833/953/667 825/944/659
f 827/947/662 835/956/670 834/957/669 826/948/661
f 828/949/663 836/958/671 835/956/670 827/947/662
f 829/950/664 837/959/672 836/958/671 828/949/663
f 830/951/665 838/960/673 837/959/672 829/950/664
f 831/952/666 839/961/674 838/960/673 830/951/665
f 832/945/660 840/954/668 839/961/674 831/952/666
f 833/953/667 841/962/675 848/963/676 840/954/668
f 834/955/669 842/964/677 841/962/675 833/953/667
f 835/956/670 843/965/678 842/966/677 834/957/669
f 836/958/671 844/967/679 843/965/678 835/956/670
f 837/959/672 845/968/680 844/967/679 836/958/671
f 838/960/673 846/969/681 845/968/680 837/959/672
f 839/961/674 847/970/682 846/969/681 838/960/673
f 840/954/668 848/963/676 847/970/682 839/961/674
f 841/962/675 849/971/683 856/972/684 848/963/676
f 842/964/677 850/973/50 849/971/683 841/962/675
f 843/965/678 851/974/685 850/975/50 842/966/677
f 844/967/679 852/976/686 851/974/685 843/965/678
f 845/968/680 853/977/687 852/976/686 844/967/679
f 846/969/681 854/978/18 853/977/687 845/968/680
f 847/970/682 855/979/688 854/978/18 846/969/681
f 848/963/676 856/972/684 855/979/688 847/970/682
f 849/971/683 857/980/689 864/981/690 856/972/684
f 850/973/50 858/982/691 857/980/689 849/971/683
f 851/974/685 859/983/692 858/984/691 850/975/50
f 852/976/686 860/985/693 859/983/692 851/974/685
f 853/977/687 861/986/694 860/985/693 852/976/686
f 854/978/18 862/987/695 861/986/694 853/977/687
f 855/979/688 863/988/696 862/987/695 854/978/18
f 856/972/684 864/981/690 863/988/696 855/979/688
f 857/980/689 865/989/697 872/990/698 864/981/690
f 858/982/691 866/991/699 865/989/697 857/980/689
f 859/983/692 867/992/700 866/993/699 858/984/691
f 860/985/693 868/994/701 867/992/700 859/983/692
f 861/986/694 869/995/702 868/994/701 860/985/693
f 862/987/695 870/996/703 869/995/702 861/986/694
f 863/988/696 871/997/704 870/996/703 862/987/695
f 864/981/690 872/990/698 871/997/704 863/988/696
f 865/989/697 873/998/705 880/999/706 872/990/698
f 866/991/699 874/1000/707 873/998/705 865/989/697
f 867/992/700 875/1001/708 874/1002/707 866/993/699
f 868/994/701 876/1003/709 875/1001/708 867/992/700
f 869/995/702 877/1004/710 876/1003/709 868/994/701
f 870/996/703 878/1005/711 877/1004/710 869/995/702
f 871/997/704 879/1006/712 878/1005/711 870/996/703
f 872/990/698 880/999/706 879/1006/712 871/997/704
f 873/998/705 881/1007/713 888/1008/714 880/999/706
f 874/1000/707 882/1009/1 881/1007/713 873/998/705
f 875/1001/708 883/1010/715 882/1011/1 874/1002/707
f 876/1003/709 884/1012/716 883/1010/715 875/1001/708
f 877/1004/710 885/1013/717 884/1012/716 876/1003/709
f 878/1005/711 886/1014/34 885/1013/717 877/1004/710
f 879/1006/712 887/1015/718 886/1014/34 878/1005/711
f 880/999/706 888/1008/714 887/1015/718 879/1006/712
f 881/1007/713 889/1016/719 896/1017/720 888/1008/714
f 882/1009/1 890/1018/721 889/1016/719 881/1007/713
f 883/1010/715 891/1019/722 890/1020/721 882/1011/1
f 884/1012/716 892/1021/723 891/1019/722 883/1010/715
f 885/1013/717 893/1022/724 892/1021/723 884/1012/716
f 886/1014/34 894/1023/725 893/1022/724 885/1013/717
f 887/1015/718 895/1024/726 894/1023/725 886/1014/34
f 888/1008/714 896/1017/720 895/1024/726 887/1015/718
f 889/1016/719 769/881/607 776/884/610 896/1017/720
f 890/1018/721 770/885/611 769/881/607 889/1016/719
f 891/1019/722 771/887/613 770/890/611 890/1020/721
f 892/1021/723 772/891/615 771/887/613 891/1019/722
f 893/1022/724 773/893/617 772/891/615 892/1021/723
f 894/1023/725 774/895/619 773/893/617 893/1022/724
f 895/1024/726 775/897/621 774/895/619 894/1023/725
f 896/1017/720 776/884/610 775/897/621 895/1024/726
f 897/1025/175 905/1026/176 912/1027/177 904/1028/178
f 898/1029/727 906/1030/728 905/1026/176 897/1025/175
f 899/1031/181 907/1032/182 906/1033/728 898/1034/727
f 900/1035/183 908/1036/184 907/1032/182 899/1031/181
f 901/1037/729 909/1038/186 908/1036/184 900/1035/183
f 902/1039/187 910/1040/188 909/1038/186 901/1037/729
f 903/1041/730 911/1042/190 910/1040/188 902/1039/187
f 904/1028/178 912/1027/177 911/1042/190 903/1041/730
f 905/1026/176 913/1043/191 920/1044/192 912/1027/177
f 906/1030/728 914/1045/731 913/1043/191 905/1026/176
f 907/1032/182 915/1046/732 914/1047/731 906/1033/728
f 908/1036/184 916/1048/195 915/1046/732 907/1032/182
f 909/1038/186 917/1049/196 916/1048/195 908/1036/184
f 910/1040/188 918/1050/197 917/1049/196 909/1038/186
f 911/1042/190 919/1051/198 918/1050/197 910/1040/188
f 912/1027/177 920/1044/192 919/1051/198 911/1042/190
f 913/1043/191 921/1052/199 928/1053/733 920/1044/192
f 914/1045/731 922/1054/18 921/1052/199 913/1043/191
f 915/1046/732 923/1055/201 922/1056/18 914/1047/731
f 916/1048/195 924/1057/202 923/1055/201 915/1046/732
f 917/1049/196 925/1058/203 924/1057/202 916/1048/195
f 918/1050/197 926/1059/734 925/1058/203 917/1049/196
f 919/1051/198 927/1060/735 926/1059/734 918/1050/197
f 920/1044/192 928/1053/733 927/1060/735 919/1051/198
f 921/1061/199 929/1062/736 936/1063/737 928/1064/733
f 922/1065/18 930/1066/207 929/1062/736 921/1061/199
f 923/1067/201 931/1068/738 930/1069/207 922/1070/18
f 924/1071/202 932/1072/209 931/1068/738 923/1067/201
f 925/1073/203 933/1074/210 932/1072/209 924/1071/202
f 926/1075/734 934/1076/739 933/1074/210 925/1073/203
f 927/1077/735 935/1078/740 934/1076/739 926/1075/734
f 928/1064/733 936/1063/737 935/1078/740 927/1077/735
f 929/1062/736 937/1079/213 944/1080/741 936/1063/737
f 930/1066/207 938/1081/742 937/1079/213 929/1062/736
f 931/1068/738 939/1082/216 938/1083/742 930/1069/207
f 932/1072/209 940/1084/217 939/1082/216 931/1068/738
f 933/1074/210 941/1085/218 940/1084/217 932/1072/209
f 934/1076/739 942/1086/743 941/1085/218 933/1074/210
f 935/1078/740 943/1087/744 942/1086/743 934/1076/739
f 936/1063/737 944/1080/741 943/1087/744 935/1078/740
f 937/1079/213 945/1088/221 952/1089/745 944/1080/741
f 938/1081/742 946/1090/746 945/1088/221 937/1079/213
f 939/1082/216 947/1091/224 946/1092/746 938/1083/742
f 940/1084/217 948/1093/747 947/1091/224 939/1082/216
f 941/1085/218 949/1094/226 948/1093/747 940/1084/217
f 942/1086/743 950/1095/748 949/1094/226 941/1085/218
f 943/1087/744 951/1096/749 950/1095/748 942/1086/743
f 944/1080/741 952/1089/745 951/1096/749 943/1087/744
f 945/1088/221 953/1097/229 960/1098/230 952/1089/745
f 946/1090/746 954/1099/231 953/1097/229 945/1088/221
f 947/1091/224 955/1100/232 954/1101/231 946/1092/746
f 948/1093/747 956/1102/750 955/1100/232 947/1091/224
f 949/1094/226 957/1103/234 956/1102/750 948/1093/747
f 950/1095/748 958/1104/751 957/1103/234 949/1094/226
f 951/1096/749 959/1105/236 958/1104/751 950/1095/748
f 952/1089/745 960/1098/230 959/1105/236 951/1096/749
f 953/1097/229 961/1106/237 968/1107/238 960/1098/230
f 954/1099/231 962/1108/752 961/1106/237 953/1097/229
f 955/1100/232 963/1109/240 962/1110/752 954/1101/231
f 956/1102/750 964/1111/241 963/1109/240 955/1100/232
f 957/1103/234 965/1112/753 964/1111/241 956/1102/750
f 958/1104/751 966/1113/243 965/1112/753 957/1103/234
f 959/1105/236 967/1114/754 966/1113/243 958/1104/751
f 960/1098/230 968/1107/238 967/1114/754 959/1105/236
f 961/1106/237 969/1115/245 976/1116/755 968/1107/238
f 962/1108/752 970/1117/34 969/1115/245 961/1106/237
f 963/1109/240 971/1118/247 970/1119/34 962/1110/752
f 964/1111/241 972/1120/756 971/1118/247 963/1109/240
f 965/1112/753 973/1121/249 972/1120/756 964/1111/241
f 966/1113/243 974/1122/1 973/1121/249 965/1112/753
f 967/1114/754 975/1123/250 974/1122/1 966/1113/243
f 968/1107/238 976/1116/755 975/1123/250 967/1114/754
f 969/1115/245 977/1124/251 984/1125/252 976/1116/755
f 970/1117/34 978/1126/253 977/1124/251 969/1115/245
f 971/1118/247 979/1127/757 978/1128/253 970/1119/34
f 972/1120/756 980/1129/255 979/1127/757 971/1118/247
f 973/1121/249 981/1130/758 980/1129/255 972/1120/756
f 974/1122/1 982/1131/257 981/1130/758 973/1121/249
f 975/1123/250 983/1132/759 982/1131/257 974/1122/1
f 976/1116/755 984/1125/252 983/1132/759 975/1123/250
f 977/1124/251 985/1133/259 992/1134/260 984/1125/252
f 978/1126/253 986/1135/261 985/1133/259 977/1124/251
f 979/1127/757 987/1136/262 986/1137/261 978/1128/253
f 980/1129/255 988/1138/263 987/1136/262 979/1127/757
f 981/1130/758 989/1139/264 988/1138/263 980/1129/255
f 982/1131/257 990/1140/760 989/1139/264 981/1130/758
f 983/1132/759 991/1141/266 990/1140/760 982/1131/257
f 984/1125/252 992/1134/260 991/1141/266 983/1132/759
f 985/1133/259 993/1142/267 1000/1143/761 992/1134/260
f 986/1135/261 994/1144/762 993/1142/267 985/1133/259
f 987/1136/262 995/1145/270 994/1146/762 986/1137/261
f 988/1138/263 996/1147/763 995/1145/270 987/1136/262
f 989/1139/264 997/1148/764 996/1147/763 988/1138/263
f 990/1140/760 998/1149/273 997/1148/764 989/1139/264
f 991/1141/266 999/1150/765 998/1149/273 990/1140/760
f 992/1134/260 1000/1143/761 999/1150/765 991/1141/266
f 993/1142/267 1001/1151/275 1008/1152/276 1000/1143/761
f 994/1144/762 1002/1153/766 1001/1151/275 993/1142/267
f 995/1145/270 1003/1154/278 1002/1155/766 994/1146/762
f 996/1147/763 1004/1156/279 1003/1154/278 995/1145/270
f 997/1148/764 1005/1157/280 1004/1156/279 996/1147/763
f 998/1149/273 1006/1158/281 1005/1157/280 997/1148/764
f 999/1150/765 1007/1159/282 1006/1158/281 998/1149/273
f 1000/1143/761 1008/1152/276 1007/1159/282 999/1150/765
f 1001/1151/275 1009/1160/283 1016/1161/284 1008/1152/276
f 1002/1153/766 1010/1162/767 1009/1160/283 1001/1151/275
f 1003/1154/278 1011/1163/768 1010/1164/767 1002/1155/766
f 1004/1156/279 1012/1165/287 1011/1163/768 1003/1154/278
f 1005/1157/280 1013/1166/288 1012/1165/287 1004/1156/279
f 1006/1158/281 1014/1167/289 1013/1166/288 1005/1157/280
f 1007/1159/282 1015/1168/290 1014/1167/289 1006/1158/281
f 1008/1152/276 1016/1161/284 1015/1168/290 1007/1159/282
f 1009/1160/283 1017/1169/291 1024/1170/292 1016/1161/284
f 1010/1162/767 1018/1171/50 1017/1169/291 1009/1160/283
f 1011/1163/768 1019/1172/293 1018/1173/50 1010/1164/767
f 1012/1165/287 1020/1174/294 1019/1172/293 1011/1163/768
f 1013/1166/288 1021/1175/295 1020/1174/294 1012/1165/287
f 1014/1167/289 1022/1176/18 1021/1175/295 1013/1166/288
f 1015/1168/290 1023/1177/296 1022/1176/18 1014/1167/289
f 1016/1161/284 1024/1170/292 1023/1177/296 1015/1168/290
f 1017/1169/291 1025/1178/297 1032/1179/298 1024/1170/292
f 1018/1171/50 1026/1180/299 1025/1178/297 1017/1169/291
f 1019/1172/293 1027/1181/769 1026/1182/299 1018/1173/50
f 1020/1174/294 1028/1183/301 1027/1181/769 1019/1172/293
f 1021/1175/295 1029/1184/302 1028/1183/301 1020/1174/294
f 1022/1176/18 1030/1185/303 1029/1184/302 1021/1175/295
f 1023/1177/296 1031/1186/304 1030/1185/303 1022/1176/18
f 1024/1170/292 1032/1179/298 1031/1186/304 1023/1177/296
f 1025/1178/297 1033/1187/305 1040/1188/306 1032/1179/298
f 1026/1180/299 1034/1189/770 1033/1187/305 1025/1178/297
f 1027/1181/769 1035/1190/308 1034/1191/770 1026/1182/299
f 1028/1183/301 1036/1192/309 1035/1190/308 1027/1181/769
f 1029/1184/302 1037/1193/310 1036/1192/309 1028/1183/301
f 1030/1185/303 1038/1194/311 1037/1193/310 1029/1184/302
f 1031/1186/304 1039/1195/312 1038/1194/311 1030/1185/303
f 1032/1179/298 1040/1188/306 1039/1195/312 1031/1186/304
f 1033/1187/305 1041/1196/313 1048/1197/771 1040/1188/306
f 1034/1189/770 1042/1198/772 1041/1196/313 1033/1187/305
f 1035/1190/308 1043/1199/316 1042/1200/772 1034/1191/770
f 1036/1192/309 1044/1201/773 1043/1199/316 1035/1190/308
f 1037/1193/310 1045/1202/774 1044/1201/773 1036/1192/309
f 1038/1194/311 1046/1203/319 1045/1202/774 1037/1193/310
f 1039/1195/312 1047/1204/775 1046/1203/319 1038/1194/311
f 1040/1188/306 1048/1197/771 1047/1204/775 1039/1195/312
f 1041/1196/313 1049/1205/321 1056/1206/322 1048/1197/771
f 1042/1198/772 1050/1207/323 1049/1205/321 1041/1196/313
f 1043/1199/316 1051/1208/324 1050/1209/323 1042/1200/772
f 1044/1201/773 1052/1210/776 1051/1208/324 1043/1199/316
f 1045/1202/774 1053/1211/326 1052/1210/776 1044/1201/773
f 1046/1203/319 1054/1212/777 1053/1211/326 1045/1202/774
f 1047/1204/775 1055/1213/328 1054/1212/777 1046/1203/319
f 1048/1197/771 1056/1206/322 1055/1213/328 1047/1204/775
f 1049/1205/321 1057/1214/778 1064/1215/330 1056/1206/322
f 1050/1207/323 1058/1216/331 1057/1214/778 1049/1205/321
f 1051/1208/324 1059/1217/779 1058/1218/331 1050/1209/323
f 1052/1210/776 1060/1219/333 1059/1217/779 1051/1208/324
f 1053/1211/326 1061/1220/780 1060/1219/333 1052/1210/776
f 1054/1212/777 1062/1221/335 1061/1220/780 1053/1211/326
f 1055/1213/328 1063/1222/781 1062/1221/335 1054/1212/777
f 1056/1206/322 1064/1215/330 1063/1222/781 1055/1213/328
f 1057/1214/778 1065/1223/337 1072/1224/782 1064/1215/330
f 1058/1216/331 1066/1225/1 1065/1223/337 1057/1214/778
f 1059/1217/779 1067/1226/339 1066/1227/1 1058/1218/331
f 1060/1219/333 1068/1228/783 1067/1226/339 1059/1217/779
f 1061/1220/780 1069/1229/341 1068/1228/783 1060/1219/333
f 1062/1221/335 1070/1230/34 1069/1229/341 1061/1220/780
f 1063/1222/781 1071/1231/342 1070/1230/34 1062/1221/335
f 1064/1215/330 1072/1224/782 1071/1231/342 1063/1222/781
f 1065/1223/337 1073/1232/343 1080/1233/344 1072/1224/782
f 1066/1225/1 1074/1234/784 1073/1232/343 1065/1223/337
f 1067/1226/339 1075/1235/346 1074/1236/784 1066/1227/1
f 1068/1228/783 1076/1237/347 1075/1235/346 1067/1226/339
f 1069/1229/341 1077/1238/785 1076/1237/347 1068/1228/783
f 1070/1230/34 1078/1239/349 1077/1238/785 1069/1229/341
f 1071/1231/342 1079/1240/786 1078/1239/349 1070/1230/34
f 1072/1224/782 1080/1233/344 1079/1240/786 1071/1231/342
f 1073/1232/343 1081/1241/351 1088/1242/352 1080/1233/344
f 1074/1234/784 1082/1243/353 1081/1241/351 1073/1232/343
f 1075/1235/346 1083/1244/354 1082/1245/353 1074/1236/784
f 1076/1237/347 1084/1246/355 1083/1244/354 1075/1235/346
f 1077/1238/785 1085/1247/356 1084/1246/355 1076/1237/347
f 1078/1239/349 1086/1248/787 1085/1247/356 1077/1238/785
f 1079/1240/786 1087/1249/358 1086/1248/787 1078/1239/349
f 1080/1233/344 1088/1242/352 1087/1249/358 1079/1240/786
f 1081/1241/351 897/1025/175 904/1028/178 1088/1242/352
f 1082/1243/353 898/1029/727 897/1025/175 1081/1241/351
f 1083/1244/354 899/1031/181 898/1034/727 1082/1245/353
f 1084/1246/355 900/1035/183 899/1031/181 1083/1244/354
f 1085/1247/356 901/1037/729 900/1035/183 1084/1246/355
f 1086/1248/787 902/1039/187 901/1037/729 1085/1247/356
f 1087/1249/358 903/1041/730 902/1039/187 1086/1248/787
f 1088/1242/352 904/1028/178 903/1041/730 1087/1249/358
f 1089/1250/175 1097/1251/176 1104/1252/177 1096/1253/178
f 1090/1254/727 1098/1255/728 1097/1251/176 1089/1250/175
f 1091/1256/181 1099/1257/182 1098/1258/728 1090/1259/727
f 1092/1260/183 1100/1261/184 1099/1257/182 1091/1256/181
f 1093/1262/729 1101/1263/186 1100/1261/184 1092/1260/183
f 1094/1264/187 1102/1265/188 1101/1263/186 1093/1262/729
f 1095/1266/730 1103/1267/190 1102/1265/188 1094/1264/187
f 1096/1253/178 1104/1252/177 1103/1267/190 1095/1266/730
f 1097/1251/176 1105/1268/191 1112/1269/192 1104/1252/177
f 1098/1255/728 1106/1270/731 1105/1268/191 1097/1251/176
f 1099/1257/182 1107/1271/732 1106/1272/731 1098/1258/728
f 1100/1261/184 1108/1273/195 1107/1271/732 1099/1257/182
f 1101/1263/186 1109/1274/196 1108/1273/195 1100/1261/184
f 1102/1265/188 1110/1275/197 1109/1274/196 1101/1263/186
f 1103/1267/190 1111/1276/198 1110/1275/197 1102/1265/188
f 1104/1252/177 1112/1269/192 1111/1276/198 1103/1267/190
f 1105/1268/191 1113/1277/199 1120/1278/200 1112/1269/192
f 1106/1270/731 1114/1279/18 1113/1277/199 1105/1268/191
f 1107/1271/732 1115/1280/201 1114/1281/18 1106/1272/731
f 1108/1273/195 1116/1282/202 1115/1280/201 1107/1271/732
f 1109/1274/196 1117/1283/203 1116/1282/202 1108/1273/195
f 1110/1275/197 1118/1284/50 1117/1283/203 1109/1274/196
f 1111/1276/198 1119/1285/204 1118/1284/50 1110/1275/197
f 1112/1269/192 1120/1278/200 1119/1285/204 1111/1276/198
f 1113/1286/199 1121/1287/736 1128/1288/206 1120/1289/200
f 1114/1290/18 1122/1291/207 1121/1287/736 1113/1286/199
f 1115/1292/201 1123/1293/208 1122/1294/207 1114/1295/18
f 1116/1296/202 1124/1297/209 1123/1293/208 1115/1292/201
f 1117/1298/203 1125/1299/210 1124/1297/209 1116/1296/202
f 1118/1300/50 1126/1301/211 1125/1299/210 1117/1298/203
f 1119/1302/204 1127/1303/212 1126/1301/211 1118/1300/50
f 1120/1289/200 1128/1288/206 1127/1303/212 1119/1302/204
f 1121/1287/736 1129/1304/213 1136/1305/214 1128/1288/206
f 1122/1291/207 1130/1306/742 1129/1304/213 1121/1287/736
f 1123/1293/208 1131/1307/216 1130/1308/742 1122/1294/207
f 1124/1297/209 1132/1309/217 1131/1307/216 1123/1293/208
f 1125/1299/210 1133/1310/218 1132/1309/217 1124/1297/209
f 1126/1301/211 1134/1311/219 1133/1310/218 1125/1299/210
f 1127/1303/212 1135/1312/220 1134/1311/219 1126/1301/211
f 1128/1288/206 1136/1305/214 1135/1312/220 1127/1303/212
f 1129/1304/213 1137/1313/221 1144/1314/222 1136/1305/214
f 1130/1306/742 1138/1315/746 1137/1313/221 1129/1304/213
f 1131/1307/216 1139/1316/224 1138/1317/746 1130/1308/742
f 1132/1309/217 1140/1318/747 1139/1316/224 1131/1307/216
f 1133/1310/218 1141/1319/226 1140/1318/747 1132/1309/217
f 1134/1311/219 1142/1320/227 1141/1319/226 1133/1310/218
f 1135/1312/220 1143/1321/228 1142/1320/227 1134/1311/219
f 1136/1305/214 1144/1314/222 1143/1321/228 1135/1312/220
f 1137/1313/221 1145/1322/229 1152/1323/230 1144/1314/222
f 1138/1315/746 1146/1324/231 1145/1322/229 1137/1313/221
f 1139/1316/224 1147/1325/232 1146/1326/231 1138/1317/746
f 1140/1318/747 1148/1327/750 1147/1325/232 1139/1316/224
f 1141/1319/226 1149/1328/234 1148/1327/750 1140/1318/747
f 1142/1320/227 1150/1329/751 1149/1328/234 1141/1319/226
f 1143/1321/228 1151/1330/236 1150/1329/751 1142/1320/227
f 1144/1314/222 1152/1323/230 1151/1330/236 1143/1321/228
f 1145/1322/229 1153/1331/237 1160/1332/238 1152/1323/230
f 1146/1324/231 1154/1333/752 1153/1331/237 1145/1322/229
f 1147/1325/232 1155/1334/240 1154/1335/752 1146/1326/231
f 1148/1327/750 1156/1336/241 1155/1334/240 1147/1325/232
f 1149/1328/234 1157/1337/753 1156/1336/241 1148/1327/750
f 1150/1329/751 1158/1338/243 1157/1337/753 1149/1328/234
f 1151/1330/236 1159/1339/788 1158/1338/243 1150/1329/751
f 1152/1323/230 1160/1332/238 1159/1339/788 1151/1330/236
f 1153/1331/237 1161/1340/245 1168/1341/755 1160/1332/238
f 1154/1333/752 1162/1342/34 1161/1340/245 1153/1331/237
f 1155/1334/240 1163/1343/247 1162/1344/34 1154/1335/752
f 1156/1336/241 1164/1345/756 1163/1343/247 1155/1334/240
f 1157/1337/753 1165/1346/249 1164/1345/756 1156/1336/241
f 1158/1338/243 1166/1347/1 1165/1346/249 1157/1337/753
f 1159/1339/788 1167/1348/250 1166/1347/1 1158/1338/243
f 1160/1332/238 1168/1341/755 1167/1348/250 1159/1339/788
f 1161/1340/245 1169/1349/251 1176/1350/252 1168/1341/755
f 1162/1342/34 1170/1351/253 1169/1349/251 1161/1340/245
f 1163/1343/247 1171/1352/757 1170/1353/253 1162/1344/34
f 1164/1345/756 1172/1354/255 1171/1352/757 1163/1343/247
f 1165/1346/249 1173/1355/758 1172/1354/255 1164/1345/756
f 1166/1347/1 1174/1356/257 1173/1355/758 1165/1346/249
f 1167/1348/250 1175/1357/759 1174/1356/257 1166/1347/1
f 1168/1341/755 1176/1350/252 1175/1357/759 1167/1348/250
f 1169/1349/251 1177/1358/259 1184/1359/260 1176/1350/252
f 1170/1351/253 1178/1360/261 1177/1358/259 1169/1349/251
f 1171/1352/757 1179/1361/262 1178/1362/261 1170/1353/253
f 1172/1354/255 1180/1363/263 1179/1361/262 1171/1352/757
f 1173/1355/758 1181/1364/264 1180/1363/263 1172/1354/255
f 1174/1356/257 1182/1365/760 1181/1364/264 1173/1355/758
f 1175/1357/759 1183/1366/266 1182/1365/760 1174/1356/257
f 1176/1350/252 1184/1359/260 1183/1366/266 1175/1357/759
f 1177/1358/259 1185/1367/267 1192/1368/761 1184/1359/260
f 1178/1360/261 1186/1369/762 1185/1367/267 1177/1358/259
f 1179/1361/262 1187/1370/270 1186/1371/762 1178/1362/261
f 1180/1363/263 1188/1372/763 1187/1370/270 1179/1361/262
f 1181/1364/264 1189/1373/764 1188/1372/763 1180/1363/263
f 1182/1365/760 1190/1374/273 1189/1373/764 1181/1364/264
f 1183/1366/266 1191/1375/765 1190/1374/273 1182/1365/760
f 1184/1359/260 1192/1368/761 1191/1375/765 1183/1366/266
f 1185/1367/267 1193/1376/275 1200/1377/276 1192/1368/761
f 1186/1369/762 1194/1378/766 1193/1376/275 1185/1367/267
f 1187/1370/270 1195/1379/278 1194/1380/766 1186/1371/762
f 1188/1372/763 1196/1381/279 1195/1379/278 1187/1370/270
f 1189/1373/764 1197/1382/280 1196/1381/279 1188/1372/763
f 1190/1374/273 1198/1383/281 1197/1382/280 1189/1373/764
f 1191/1375/765 1199/1384/282 1198/1383/281 1190/1374/273
f 1192/1368/761 1200/1377/276 1199/1384/282 1191/1375/765
f 1193/1376/275 1201/1385/283 1208/1386/284 1200/1377/276
f 1194/1378/766 1202/1387/767 1201/1385/283 1193/1376/275
f 1195/1379/278 1203/1388/768 1202/1389/767 1194/1380/766
f 1196/1381/279 1204/1390/287 1203/1388/768 1195/1379/278
f 1197/1382/280 1205/1391/288 1204/1390/287 1196/1381/279
f 1198/1383/281 1206/1392/289 1205/1391/288 1197/1382/280
f 1199/1384/282 1207/1393/290 1206/1392/289 1198/1383/281
f 1200/1377/276 1208/1386/284 1207/1393/290 1199/1384/282
f 1201/1385/283 1209/1394/291 1216/1395/292 1208/1386/284
f 1202/1387/767 1210/1396/50 1209/1394/291 1201/1385/283
f 1203/1388/768 1211/1397/293 1210/1398/50 1202/1389/767
f 1204/1390/287 1212/1399/294 1211/1397/293 1203/1388/768
f 1205/1391/288 1213/1400/295 1212/1399/294 1204/1390/287
f 1206/1392/289 1214/1401/18 1213/1400/295 1205/1391/288
f 1207/1393/290 1215/1402/296 1214/1401/18 1206/1392/289
f 1208/1386/284 1216/1395/292 1215/1402/296 1207/1393/290
f 1209/1394/291 1217/1403/297 1224/1404/298 1216/1395/292
f 1210/1396/50 1218/1405/299 1217/1403/297 1209/1394/291
f 1211/1397/293 1219/1406/769 1218/1407/299 1210/1398/50
f 1212/1399/294 1220/1408/301 1219/1406/769 1211/1397/293
f 1213/1400/295 1221/1409/302 1220/1408/301 1212/1399/294
f 1214/1401/18 1222/1410/303 1221/1409/302 1213/1400/295
f 1215/1402/296 1223/1411/304 1222/1410/303 1214/1401/18
f 1216/1395/292 1224/1404/298 1223/1411/304 1215/1402/296
f 1217/1403/297 1225/1412/305 1232/1413/306 1224/1404/298
f 1218/1405/299 1226/1414/770 1225/1412/305 1217/1403/297
f 1219/1406/769 1227/1415/308 1226/1416/770 1218/1407/299
f 1220/1408/301 1228/1417/309 1227/1415/308 1219/1406/769
f 1221/1409/302 1229/1418/310 1228/1417/309 1220/1408/301
f 1222/1410/303 1230/1419/311 1229/1418/310 1221/1409/302
f 1223/1411/304 1231/1420/312 1230/1419/311 1222/1410/303
f 1224/1404/298 1232/1413/306 1231/1420/312 1223/1411/304
f 1225/1412/305 1233/1421/313 1240/1422/771 1232/1413/306
f 1226/1414/770 1234/1423/772 1233/1421/313 1225/1412/305
f 1227/1415/308 1235/1424/316 1234/1425/772 1226/1416/770
f 1228/1417/309 1236/1426/773 1235/1424/316 1227/1415/308
f 1229/1418/310 1237/1427/774 1236/1426/773 1228/1417/309
f 1230/1419/311 1238/1428/319 1237/1427/774 1229/1418/310
f 1231/1420/312 1239/1429/775 1238/1428/319 1230/1419/311
f 1232/1413/306 1240/1422/771 1239/1429/775 1231/1420/312
f 1233/1421/313 1241/1430/321 1248/1431/322 1240/1422/771
f 1234/1423/772 1242/1432/323 1241/1430/321 1233/1421/313
f 1235/1424/316 1243/1433/324 1242/1434/323 1234/1425/772
f 1236/1426/773 1244/1435/776 1243/1433/324 1235/1424/316
f 1237/1427/774 1245/1436/326 1244/1435/776 1236/1426/773
f 1238/1428/319 1246/1437/777 1245/1436/326 1237/1427/774
f 1239/1429/775 1247/1438/328 1246/1437/777 1238/1428/319
f 1240/1422/771 1248/1431/322 1247/1438/328 1239/1429/775
f 1241/1430/321 1249/1439/778 1256/1440/330 1248/1431/322
f 1242/1432/323 1250/1441/331 1249/1439/778 1241/1430/321
f 1243/1433/324 1251/1442/779 1250/1443/331 1242/1434/323
f 1244/1435/776 1252/1444/333 1251/1442/779 1243/1433/324
f 1245/1436/326 1253/1445/780 1252/1444/333 1244/1435/776
f 1246/1437/777 1254/1446/335 1253/1445/780 1245/1436/326
f 1247/1438/328 1255/1447/789 1254/1446/335 1246/1437/777
f 1248/1431/322 1256/1440/330 1255/1447/789 1247/1438/328
f 1249/1439/778 1257/1448/337 1264/1449/782 1256/1440/330
f 1250/1441/331 1258/1450/1 1257/1448/337 1249/1439/778
f 1251/1442/779 1259/1451/339 1258/1452/1 1250/1443/331
f 1252/1444/333 1260/1453/783 1259/1451/339 1251/1442/779
f 1253/1445/780 1261/1454/341 1260/1453/783 1252/1444/333
f 1254/1446/335 1262/1455/34 1261/1454/341 1253/1445/780
f 1255/1447/789 1263/1456/342 1262/1455/34 1254/1446/335
f 1256/1440/330 1264/1449/782 1263/1456/342 1255/1447/789
f 1257/1448/337 1265/1457/343 1272/1458/344 1264/1449/782
f 1258/1450/1 1266/1459/784 1265/1457/343 1257/1448/337
f 1259/1451/339 1267/1460/346 1266/1461/784 1258/1452/1
f 1260/1453/783 1268/1462/347 1267/1460/346 1259/1451/339
f 1261/1454/341 1269/1463/785 1268/1462/347 1260/1453/783
f 1262/1455/34 1270/1464/349 1269/1463/785 1261/1454/341
f 1263/1456/342 1271/1465/786 1270/1464/349 1262/1455/34
f 1264/1449/782 1272/1458/344 1271/1465/786 1263/1456/342
f 1265/1457/343 1273/1466/351 1280/1467/352 1272/1458/344
f 1266/1459/784 1274/1468/353 1273/1466/351 1265/1457/343
f 1267/1460/346 1275/1469/354 1274/1470/353 1266/1461/784
f 1268/1462/347 1276/1471/355 1275/1469/354 1267/1460/346
f 1269/1463/785 1277/1472/356 1276/1471/355 1268/1462/347
f 1270/1464/349 1278/1473/787 1277/1472/356 1269/1463/785
f 1271/1465/786 1279/1474/358 1278/1473/787 1270/1464/349
f 1272/1458/344 1280/1467/352 1279/1474/358 1271/1465/786
f 1273/1466/351 1089/1250/175 1096/1253/178 1280/1467/352
f 1274/1468/353 1090/1254/727 1089/1250/175 1273/1466/351
f 1275/1469/354 1091/1256/181 1090/1259/727 1274/1470/353
f 1276/1471/355 1092/1260/183 1091/1256/181 1275/1469/354
f 1277/1472/356 1093/1262/729 1092/1260/183 1276/1471/355
f 1278/1473/787 1094/1264/187 1093/1262/729 1277/1472/356
f 1279/1474/358 1095/1266/730 1094/1264/187 1278/1473/787
f 1280/1467/352 1096/1253/178 1095/1266/730 1279/1474/358
f 1281/1475/175 1289/1476/176 1296/1477/177 1288/1478/178
f 1282/1479/790 1290/1480/180 1289/1476/176 1281/1475/175
f 1283/1481/181 1291/1482/182 1290/1483/180 1282/1484/790
f 1284/1485/183 1292/1486/184 1291/1482/182 1283/1481/181
f 1285/1487/185 1293/1488/186 1292/1486/184 1284/1485/183
f 1286/1489/187 1294/1490/188 1293/1488/186 1285/1487/185
f 1287/1491/189 1295/1492/190 1294/1490/188 1286/1489/187
f 1288/1478/178 1296/1477/177 1295/1492/190 1287/1491/189
f 1289/1476/176 1297/1493/191 1304/1494/791 1296/1477/177
f 1290/1480/180 1298/1495/731 1297/1493/191 1289/1476/176
f 1291/1482/182 1299/1496/732 1298/1497/731 1290/1483/180
f 1292/1486/184 1300/1498/195 1299/1496/732 1291/1482/182
f 1293/1488/186 1301/1499/196 1300/1498/195 1292/1486/184
f 1294/1490/188 1302/1500/197 1301/1499/196 1293/1488/186
f 1295/1492/190 1303/1501/198 1302/1500/197 1294/1490/188
f 1296/1477/177 1304/1494/791 1303/1501/198 1295/1492/190
f 1297/1493/191 1305/1502/199 1312/1503/792 1304/1494/791
f 1298/1495/731 1306/1504/18 1305/1502/199 1297/1493/191
f 1299/1496/732 1307/1505/201 1306/1506/18 1298/1497/731
f 1300/1498/195 1308/1507/793 1307/1505/201 1299/1496/732
f 1301/1499/196 1309/1508/203 1308/1507/793 1300/1498/195
f 1302/1500/197 1310/1509/50 1309/1508/203 1301/1499/196
f 1303/1501/198 1311/1510/204 1310/1509/50 1302/1500/197
f 1304/1494/791 1312/1503/792 1311/1510/204 1303/1501/198
f 1305/1502/199 1313/1511/205 1320/1512/206 1312/1503/792
f 1306/1504/18 1314/1513/207 1313/1511/205 1305/1502/199
f 1307/1505/201 1315/1514/208 1314/1515/207 1306/1506/18
f 1308/1507/793 1316/1516/209 1315/1514/208 1307/1505/201
f 1309/1508/203 1317/1517/210 1316/1516/209 1308/1507/793
f 1310/1509/50 1318/1518/211 1317/1517/210 1309/1508/203
f 1311/1510/204 1319/1519/212 1318/1518/211 1310/1509/50
f 1312/1503/792 1320/1512/206 1319/1519/212 1311/1510/204
f 1313/1511/205 1321/1520/213 1328/1521/214 1320/1512/206
f 1314/1513/207 1322/1522/215 1321/1520/213 1313/1511/205
f 1315/1514/208 1323/1523/216 1322/1524/215 1314/1515/207
f 1316/1516/209 1324/1525/217 1323/1523/216 1315/1514/208
f 1317/1517/210 1325/1526/218 1324/1525/217 1316/1516/209
f 1318/1518/211 1326/1527/219 1325/1526/218 1317/1517/210
f 1319/1519/212 1327/1528/220 1326/1527/219 1318/1518/211
f 1320/1512/206 1328/1521/214 1327/1528/220 1319/1519/212
f 1321/1520/213 1329/1529/221 1336/1530/222 1328/1521/214
f 1322/1522/215 1330/1531/794 1329/1529/221 1321/1520/213
f 1323/1523/216 1331/1532/224 1330/1533/794 1322/1524/215
f 1324/1525/217 1332/1534/747 1331/1532/224 1323/1523/216
f 1325/1526/218 1333/1535/226 1332/1534/747 1324/1525/217
f 1326/1527/219 1334/1536/227 1333/1535/226 1325/1526/218
f 1327/1528/220 1335/1537/228 1334/1536/227 1326/1527/219
f 1328/1521/214 1336/1530/222 1335/1537/228 1327/1528/220
f 1329/1529/221 1337/1538/229 1344/1539/230 1336/1530/222
f 1330/1531/794 1338/1540/231 1337/1538/229 1329/1529/221
f 1331/1532/224 1339/1541/232 1338/1542/231 1330/1533/794
f 1332/1534/747 1340/1543/750 1339/1541/232 1331/1532/224
f 1333/1535/226 1341/1544/234 1340/1543/750 1332/1534/747
f 1334/1536/227 1342/1545/751 1341/1544/234 1333/1535/226
f 1335/1537/228 1343/1546/236 1342/1545/751 1334/1536/227
f 1336/1530/222 1344/1539/230 1343/1546/236 1335/1537/228
f 1337/1538/229 1345/1547/237 1352/1548/238 1344/1539/230
f 1338/1540/231 1346/1549/752 1345/1547/237 1337/1538/229
f 1339/1541/232 1347/1550/240 1346/1551/752 1338/1542/231
f 1340/1543/750 1348/1552/241 1347/1550/240 1339/1541/232
f 1341/1544/234 1349/1553/795 1348/1552/241 1340/1543/750
f 1342/1545/751 1350/1554/243 1349/1553/795 1341/1544/234
f 1343/1546/236 1351/1555/788 1350/1554/243 1342/1545/751
f 1344/1539/230 1352/1548/238 1351/1555/788 1343/1546/236
f 1345/1547/237 1353/1556/796 1360/1557/755 1352/1548/238
f 1346/1549/752 1354/1558/34 1353/1556/796 1345/1547/237
f 1347/1550/240 1355/1559/797 1354/1560/34 1346/1551/752
f 1348/1552/241 1356/1561/756 1355/1559/797 1347/1550/240
f 1349/1553/795 1357/1562/249 1356/1561/756 1348/1552/241
f 1350/1554/243 1358/1563/1 1357/1562/249 1349/1553/795
f 1351/1555/788 1359/1564/250 1358/1563/1 1350/1554/243
f 1352/1548/238 1360/1557/755 1359/1564/250 1351/1555/788
f 1353/1556/796 1361/1565/798 1368/1566/252 1360/1557/755
f 1354/1558/34 1362/1567/253 1361/1565/798 1353/1556/796
f 1355/1559/797 1363/1568/254 1362/1569/253 1354/1560/34
f 1356/1561/756 1364/1570/255 1363/1568/254 1355/1559/797
f 1357/1562/249 1365/1571/758 1364/1570/255 1356/1561/756
f 1358/1563/1 1366/1572/257 1365/1571/758 1357/1562/249
f 1359/1564/250 1367/1573/759 1366/1572/257 1358/1563/1
f 1360/1557/755 1368/1566/252 1367/1573/759 1359/1564/250
f 1361/1565/798 1369/1574/259 1376/1575/260 1368/1566/252
f 1362/1567/253 1370/1576/261 1369/1574/259 1361/1565/798
f 1363/1568/254 1371/1577/262 1370/1578/261 1362/1569/253
f 1364/1570/255 1372/1579/263 1371/1577/262 1363/1568/254
f 1365/1571/758 1373/1580/264 1372/1579/263 1364/1570/255
f 1366/1572/257 1374/1581/760 1373/1580/264 1365/1571/758
f 1367/1573/759 1375/1582/266 1374/1581/760 1366/1572/257
f 1368/1566/252 1376/1575/260 1375/1582/266 1367/1573/759
f 1369/1574/259 1377/1583/267 1384/1584/761 1376/1575/260
f 1370/1576/261 1378/1585/799 1377/1583/267 1369/1574/259
f 1371/1577/262 1379/1586/270 1378/1587/799 1370/1578/261
f 1372/1579/263 1380/1588/763 1379/1586/270 1371/1577/262
f 1373/1580/264 1381/1589/764 1380/1588/763 1372/1579/263
f 1374/1581/760 1382/1590/273 1381/1589/764 1373/1580/264
f 1375/1582/266 1383/1591/765 1382/1590/273 1374/1581/760
f 1376/1575/260 1384/1584/761 1383/1591/765 1375/1582/266
f 1377/1583/267 1385/1592/275 1392/1593/276 1384/1584/761
f 1378/1585/799 1386/1594/277 1385/1592/275 1377/1583/267
f 1379/1586/270 1387/1595/278 1386/1596/277 1378/1587/799
f 1380/1588/763 1388/1597/279 1387/1595/278 1379/1586/270
f 1381/1589/764 1389/1598/280 1388/1597/279 1380/1588/763
f 1382/1590/273 1390/1599/281 1389/1598/280 1381/1589/764
f 1383/1591/765 1391/1600/282 1390/1599/281 1382/1590/273
f 1384/1584/761 1392/1593/276 1391/1600/282 1383/1591/765
f 1385/1592/275 1393/1601/800 1400/1602/284 1392/1593/276
f 1386/1594/277 1394/1603/767 1393/1601/800 1385/1592/275
f 1387/1595/278 1395/1604/286 1394/1605/767 1386/1596/277
f 1388/1597/279 1396/1606/287 1395/1604/286 1387/1595/278
f 1389/1598/280 1397/1607/288 1396/1606/287 1388/1597/279
f 1390/1599/281 1398/1608/289 1397/1607/288 1389/1598/280
f 1391/1600/282 1399/1609/290 1398/1608/289 1390/1599/281
f 1392/1593/276 1400/1602/284 1399/1609/290 1391/1600/282
f 1393/1601/800 1401/1610/291 1408/1611/801 1400/1602/284
f 1394/1603/767 1402/1612/50 1401/1610/291 1393/1601/800
f 1395/1604/286 1403/1613/293 1402/1614/50 1394/1605/767
f 1396/1606/287 1404/1615/802 1403/1613/293 1395/1604/286
f 1397/1607/288 1405/1616/295 1404/1615/802 1396/1606/287
f 1398/1608/289 1406/1617/18 1405/1616/295 1397/1607/288
f 1399/1609/290 1407/1618/296 1406/1617/18 1398/1608/289
f 1400/1602/284 1408/1611/801 1407/1618/296 1399/1609/290
f 1401/1610/291 1409/1619/297 1416/1620/298 1408/1611/801
f 1402/1612/50 1410/1621/299 1409/1619/297 1401/1610/291
f 1403/1613/293 1411/1622/769 1410/1623/299 1402/1614/50
f 1404/1615/802 1412/1624/301 1411/1622/769 1403/1613/293
f 1405/1616/295 1413/1625/302 1412/1624/301 1404/1615/802
f 1406/1617/18 1414/1626/303 1413/1625/302 1405/1616/295
f 1407/1618/296 1415/1627/304 1414/1626/303 1406/1617/18
f 1408/1611/801 1416/1620/298 1415/1627/304 1407/1618/296
f 1409/1628/297 1417/1629/305 1424/1630/306 1416/1631/298
f 1410/1632/299 1418/1633/307 1417/1629/305 1409/1628/297
f 1411/1634/769 1419/1635/308 1418/1636/307 1410/1637/299
f 1412/1638/301 1420/1639/309 1419/1635/308 1411/1634/769
f 1413/1640/302 1421/1641/310 1420/1639/309 1412/1638/301
f 1414/1642/303 1422/1643/311 1421/1641/310 1413/1640/302
f 1415/1644/304 1423/1645/312 1422/1643/311 1414/1642/303
f 1416/1631/298 1424/1630/306 1423/1645/312 1415/1644/304
f 1417/1629/305 1425/1646/313 1432/1647/771 1424/1630/306
f 1418/1633/307 1426/1648/803 1425/1646/313 1417/1629/305
f 1419/1635/308 1427/1649/316 1426/1650/803 1418/1636/307
f 1420/1639/309 1428/1651/773 1427/1649/316 1419/1635/308
f 1421/1641/310 1429/1652/774 1428/1651/773 1420/1639/309
f 1422/1643/311 1430/1653/319 1429/1652/774 1421/1641/310
f 1423/1645/312 1431/1654/775 1430/1653/319 1422/1643/311
f 1424/1630/306 1432/1647/771 1431/1654/775 1423/1645/312
f 1425/1646/313 1433/1655/321 1440/1656/322 1432/1647/771
f 1426/1648/803 1434/1657/323 1433/1655/321 1425/1646/313
f 1427/1649/316 1435/1658/324 1434/1659/323 1426/1650/803
f 1428/1651/773 1436/1660/776 1435/1658/324 1427/1649/316
f 1429/1652/774 1437/1661/326 1436/1660/776 1428/1651/773
f 1430/1653/319 1438/1662/777 1437/1661/326 1429/1652/774
f 1431/1654/775 1439/1663/328 1438/1662/777 1430/1653/319
f 1432/1647/771 1440/1656/322 1439/1663/328 1431/1654/775
f 1433/1655/321 1441/1664/778 1448/1665/330 1440/1656/322
f 1434/1657/323 1442/1666/331 1441/1664/778 1433/1655/321
f 1435/1658/324 1443/1667/779 1442/1668/331 1434/1659/323
f 1436/1660/776 1444/1669/333 1443/1667/779 1435/1658/324
f 1437/1661/326 1445/1670/804 1444/1669/333 1436/1660/776
f 1438/1662/777 1446/1671/335 1445/1670/804 1437/1661/326
f 1439/1663/328 1447/1672/789 1446/1671/335 1438/1662/777
f 1440/1656/322 1448/1665/330 1447/1672/789 1439/1663/328
f 1441/1664/778 1449/1673/805 1456/1674/782 1448/1665/330
f 1442/1666/331 1450/1675/1 1449/1673/805 1441/1664/778
f 1443/1667/779 1451/1676/806 1450/1677/1 1442/1668/331
f 1444/1669/333 1452/1678/783 1451/1676/806 1443/1667/779
f 1445/1670/804 1453/1679/341 1452/1678/783 1444/1669/333
f 1446/1671/335 1454/1680/34 1453/1679/341 1445/1670/804
f 1447/1672/789 1455/1681/342 1454/1680/34 1446/1671/335
f 1448/1665/330 1456/1674/782 1455/1681/342 1447/1672/789
f 1449/1673/805 1457/1682/343 1464/1683/344 1456/1674/782
f 1450/1675/1 1458/1684/784 1457/1682/343 1449/1673/805
f 1451/1676/806 1459/1685/346 1458/1686/784 1450/1677/1
f 1452/1678/783 1460/1687/347 1459/1685/346 1451/1676/806
f 1453/1679/341 1461/1688/807 1460/1687/347 1452/1678/783
f 1454/1680/34 1462/1689/349 1461/1688/807 1453/1679/341
f 1455/1681/342 1463/1690/808 1462/1689/349 1454/1680/34
f 1456/1674/782 1464/1683/344 1463/1690/808 1455/1681/342
f 1457/1682/343 1465/1691/351 1472/1692/352 1464/1683/344
f 1458/1684/784 1466/1693/353 1465/1691/351 1457/1682/343
f 1459/1685/346 1467/1694/354 1466/1695/353 1458/1686/784
f 1460/1687/347 1468/1696/355 1467/1694/354 1459/1685/346
f 1461/1688/807 1469/1697/356 1468/1696/355 1460/1687/347
f 1462/1689/349 1470/1698/787 1469/1697/356 1461/1688/807
f 1463/1690/808 1471/1699/358 1470/1698/787 1462/1689/349
f 1464/1683/344 1472/1692/352 1471/1699/358 1463/1690/808
f 1465/1691/351 1281/1475/175 1288/1478/178 1472/1692/352
f 1466/1693/353 1282/1479/790 1281/1475/175 1465/1691/351
f 1467/1694/354 1283/1481/181 1282/1484/790 1466/1695/353
f 1468/1696/355 1284/1485/183 1283/1481/181 1467/1694/354
f 1469/1697/356 1285/1487/185 1284/1485/183 1468/1696/355
f 1470/1698/787 1286/1489/187 1285/1487/185 1469/1697/356
f 1471/1699/358 1287/1491/189 1286/1489/187 1470/1698/787
f 1472/1692/352 1288/1478/178 1287/1491/189 1471/1699/358
f 1473/1700/175 1481/1701/176 1488/1702/177 1480/1703/178
f 1474/1704/790 1482/1705/180 1481/1701/176 1473/1700/175
f 1475/1706/181 1483/1707/182 1482/1708/180 1474/1709/790
f 1476/1710/183 1484/1711/184 1483/1707/182 1475/1706/181
f 1477/1712/185 1485/1713/186 1484/1711/184 1476/1710/183
f 1478/1714/187 1486/1715/188 1485/1713/186 1477/1712/185
f 1479/1716/189 1487/1717/190 1486/1715/188 1478/1714/187
f 1480/1703/178 1488/1702/177 1487/1717/190 1479/1716/189
f 1481/1701/176 1489/1718/191 1496/1719/192 1488/1702/177
f 1482/1705/180 1490/1720/731 1489/1718/191 1481/1701/176
f 1483/1707/182 1491/1721/732 1490/1722/731 1482/1708/180
f 1484/1711/184 1492/1723/195 1491/1721/732 1483/1707/182
f 1485/1713/186 1493/1724/196 1492/1723/195 1484/1711/184
f 1486/1715/188 1494/1725/197 1493/1724/196 1485/1713/186
f 1487/1717/190 1495/1726/198 1494/1725/197 1486/1715/188
f 1488/1702/177 1496/1719/192 1495/1726/198 1487/1717/190
f 1489/1718/191 1497/1727/199 1504/1728/792 1496/1719/192
f 1490/1720/731 1498/1729/18 1497/1727/199 1489/1718/191
f 1491/1721/732 1499/1730/201 1498/1731/18 1490/1722/731
f 1492/1723/195 1500/1732/793 1499/1730/201 1491/1721/732
f 1493/1724/196 1501/1733/203 1500/1732/793 1492/1723/195
f 1494/1725/197 1502/1734/50 1501/1733/203 1493/1724/196
f 1495/1726/198 1503/1735/204 1502/1734/50 1494/1725/197
f 1496/1719/192 1504/1728/792 1503/1735/204 1495/1726/198
f 1497/1727/199 1505/1736/205 1512/1737/809 1504/1728/792
f 1498/1729/18 1506/1738/207 1505/1736/205 1497/1727/199
f 1499/1730/201 1507/1739/208 1506/1740/207 1498/1731/18
f 1500/1732/793 1508/1741/810 1507/1739/208 1499/1730/201
f 1501/1733/203 1509/1742/210 1508/1741/810 1500/1732/793
f 1502/1734/50 1510/1743/211 1509/1742/210 1501/1733/203
f 1503/1735/204 1511/1744/212 1510/1743/211 1502/1734/50
f 1504/1728/792 1512/1737/809 1511/1744/212 1503/1735/204
f 1505/1736/205 1513/1745/213 1520/1746/214 1512/1737/809
f 1506/1738/207 1514/1747/215 1513/1745/213 1505/1736/205
f 1507/1739/208 1515/1748/216 1514/1749/215 1506/1740/207
f 1508/1741/810 1516/1750/217 1515/1748/216 1507/1739/208
f 1509/1742/210 1517/1751/218 1516/1750/217 1508/1741/810
f 1510/1743/211 1518/1752/219 1517/1751/218 1509/1742/210
f 1511/1744/212 1519/1753/220 1518/1752/219 1510/1743/211
f 1512/1737/809 1520/1746/214 1519/1753/220 1511/1744/212
f 1513/1745/213 1521/1754/221 1528/1755/222 1520/1746/214
f 1514/1747/215 1522/1756/794 1521/1754/221 1513/1745/213
f 1515/1748/216 1523/1757/224 1522/1758/794 1514/1749/215
f 1516/1750/217 1524/1759/747 1523/1757/224 1515/1748/216
f 1517/1751/218 1525/1760/226 1524/1759/747 1516/1750/217
f 1518/1752/219 1526/1761/227 1525/1760/226 1517/1751/218
f 1519/1753/220 1527/1762/228 1526/1761/227 1518/1752/219
f 1520/1746/214 1528/1755/222 1527/1762/228 1519/1753/220
f 1521/1754/221 1529/1763/229 1536/1764/230 1528/1755/222
f 1522/1756/794 1530/1765/231 1529/1763/229 1521/1754/221
f 1523/1757/224 1531/1766/232 1530/1767/231 1522/1758/794
f 1524/1759/747 1532/1768/750 1531/1766/232 1523/1757/224
f 1525/1760/226 1533/1769/234 1532/1768/750 1524/1759/747
f 1526/1761/227 1534/1770/751 1533/1769/234 1525/1760/226
f 1527/1762/228 1535/1771/236 1534/1770/751 1526/1761/227
f 1528/1755/222 1536/1764/230 1535/1771/236 1527/1762/228
f 1529/1763/229 1537/1772/237 1544/1773/238 1536/1764/230
f 1530/1765/231 1538/1774/752 1537/1772/237 1529/1763/229
f 1531/1766/232 1539/1775/240 1538/1776/752 1530/1767/231
f 1532/1768/750 1540/1777/241 1539/1775/240 1531/1766/232
f 1533/1769/234 1541/1778/795 1540/1777/241 1532/1768/750
f 1534/1770/751 1542/1779/243 1541/1778/795 1533/1769/234
f 1535/1771/236 1543/1780/788 1542/1779/243 1534/1770/751
f 1536/1764/230 1544/1773/238 1543/1780/788 1535/1771/236
f 1537/1772/237 1545/1781/796 1552/1782/755 1544/1773/238
f 1538/1774/752 1546/1783/34 1545/1781/796 1537/1772/237
f 1539/1775/240 1547/1784/797 1546/1785/34 1538/1776/752
f 1540/1777/241 1548/1786/756 1547/1784/797 1539/1775/240
f 1541/1778/795 1549/1787/249 1548/1786/756 1540/1777/241
f 1542/1779/243 1550/1788/1 1549/1787/249 1541/1778/795
f 1543/1780/788 1551/1789/250 1550/1788/1 1542/1779/243
f 1544/1773/238 1552/1782/755 1551/1789/250 1543/1780/788
f 1545/1781/796 1553/1790/798 1560/1791/252 1552/1782/755
f 1546/1783/34 1554/1792/253 1553/1790/798 1545/1781/796
f 1547/1784/797 1555/1793/254 1554/1794/253 1546/1785/34
f 1548/1786/756 1556/1795/255 1555/1793/254 1547/1784/797
f 1549/1787/249 1557/1796/758 1556/1795/255 1548/1786/756
f 1550/1788/1 1558/1797/257 1557/1796/758 1549/1787/249
f 1551/1789/250 1559/1798/759 1558/1797/257 1550/1788/1
f 1552/1782/755 1560/1791/252 1559/1798/759 1551/1789/250
f 1553/1790/798 1561/1799/259 1568/1800/260 1560/1791/252
f 1554/1792/253 1562/1801/261 1561/1799/259 1553/1790/798
f 1555/1793/254 1563/1802/262 1562/1803/261 1554/1794/253
f 1556/1795/255 1564/1804/263 1563/1802/262 1555/1793/254
f 1557/1796/758 1565/1805/264 1564/1804/263 1556/1795/255
f 1558/1797/257 1566/1806/760 1565/1805/264 1557/1796/758
f 1559/1798/759 1567/1807/266 1566/1806/760 1558/1797/257
f 1560/1791/252 1568/1800/260 1567/1807/266 1559/1798/759
f 1561/1799/259 1569/1808/267 1576/1809/761 1568/1800/260
f 1562/1801/261 1570/1810/799 1569/1808/267 1561/1799/259
f 1563/1802/262 1571/1811/270 1570/1812/799 1562/1803/261
f 1564/1804/263 1572/1813/763 1571/1811/270 1563/1802/262
f 1565/1805/264 1573/1814/764 1572/1813/763 1564/1804/263
f 1566/1806/760 1574/1815/273 1573/1814/764 1565/1805/264
f 1567/1807/266 1575/1816/765 1574/1815/273 1566/1806/760
f 1568/1800/260 1576/1809/761 1575/1816/765 1567/1807/266
f 1569/1808/267 1577/1817/275 1584/1818/276 1576/1809/761
f 1570/1810/799 1578/1819/277 1577/1817/275 1569/1808/267
f 1571/1811/270 1579/1820/278 1578/1821/277 1570/1812/799
f 1572/1813/763 1580/1822/279 1579/1820/278 1571/1811/270
f 1573/1814/764 1581/1823/280 1580/1822/279 1572/1813/763
f 1574/1815/273 1582/1824/281 1581/1823/280 1573/1814/764
f 1575/1816/765 1583/1825/282 1582/1824/281 1574/1815/273
f 1576/1809/761 1584/1818/276 1583/1825/282 1575/1816/765
f 1577/1817/275 1585/1826/800 1592/1827/284 1584/1818/276
f 1578/1819/277 1586/1828/767 1585/1826/800 1577/1817/275
f 1579/1820/278 1587/1829/286 1586/1830/767 1578/1821/277
f 1580/1822/279 1588/1831/287 1587/1829/286 1579/1820/278
f 1581/1823/280 1589/1832/288 1588/1831/287 1580/1822/279
f 1582/1824/281 1590/1833/289 1589/1832/288 1581/1823/280
f 1583/1825/282 1591/1834/290 1590/1833/289 1582/1824/281
f 1584/1818/276 1592/1827/284 1591/1834/290 1583/1825/282
f 1585/1826/800 1593/1835/291 1600/1836/801 1592/1827/284
f 1586/1828/767 1594/1837/50 1593/1835/291 1585/1826/800
f 1587/1829/286 1595/1838/293 1594/1839/50 1586/1830/767
f 1588/1831/287 1596/1840/802 1595/1838/293 1587/1829/286
f 1589/1832/288 1597/1841/295 1596/1840/802 1588/1831/287
f 1590/1833/289 1598/1842/18 1597/1841/295 1589/1832/288
f 1591/1834/290 1599/1843/296 1598/1842/18 1590/1833/289
f 1592/1827/284 1600/1836/801 1599/1843/296 1591/1834/290
f 1593/1835/291 1601/1844/297 1608/1845/811 1600/1836/801
f 1594/1837/50 1602/1846/299 1601/1844/297 1593/1835/291
f 1595/1838/293 1603/1847/769 1602/1848/299 1594/1839/50
f 1596/1840/802 1604/1849/812 1603/1847/769 1595/1838/293
f 1597/1841/295 1605/1850/302 1604/1849/812 1596/1840/802
f 1598/1842/18 1606/1851/303 1605/1850/302 1597/1841/295
f 1599/1843/296 1607/1852/304 1606/1851/303 1598/1842/18
f 1600/1836/801 1608/1845/811 1607/1852/304 1599/1843/296
f 1601/1853/297 1609/1854/305 1616/1855/306 1608/1856/811
f 1602/1857/299 1610/1858/307 1609/1854/305 1601/1853/297
f 1603/1859/769 1611/1860/308 1610/1861/307 1602/1862/299
f 1604/1863/812 1612/1864/309 1611/1860/308 1603/1859/769
f 1605/1865/302 1613/1866/310 1612/1864/309 1604/1863/812
f 1606/1867/303 1614/1868/311 1613/1866/310 1605/1865/302
f 1607/1869/304 1615/1870/312 1614/1868/311 1606/1867/303
f 1608/1856/811 1616/1855/306 1615/1870/312 1607/1869/304
f 1609/1854/305 1617/1871/313 1624/1872/771 1616/1855/306
f 1610/1858/307 1618/1873/803 1617/1871/313 1609/1854/305
f 1611/1860/308 1619/1874/316 1618/1875/803 1610/1861/307
f 1612/1864/309 1620/1876/773 1619/1874/316 1611/1860/308
f 1613/1866/310 1621/1877/774 1620/1876/773 1612/1864/309
f 1614/1868/311 1622/1878/319 1621/1877/774 1613/1866/310
f 1615/1870/312 1623/1879/775 1622/1878/319 1614/1868/311
f 1616/1855/306 1624/1872/771 1623/1879/775 1615/1870/312
f 1617/1871/313 1625/1880/321 1632/1881/322 1624/1872/771
f 1618/1873/803 1626/1882/323 1625/1880/321 1617/1871/313
f 1619/1874/316 1627/1883/324 1626/1884/323 1618/1875/803
f 1620/1876/773 1628/1885/776 1627/1883/324 1619/1874/316
f 1621/1877/774 1629/1886/326 1628/1885/776 1620/1876/773
f 1622/1878/319 1630/1887/777 1629/1886/326 1621/1877/774
f 1623/1879/775 1631/1888/328 1630/1887/777 1622/1878/319
f 1624/1872/771 1632/1881/322 1631/1888/328 1623/1879/775
f 1625/1880/321 1633/1889/778 1640/1890/330 1632/1881/322
f 1626/1882/323 1634/1891/331 1633/1889/778 1625/1880/321
f 1627/1883/324 1635/1892/779 1634/1893/331 1626/1884/323
f 1628/1885/776 1636/1894/333 1635/1892/779 1627/1883/324
f 1629/1886/326 1637/1895/804 1636/1894/333 1628/1885/776
f 1630/1887/777 1638/1896/335 1637/1895/804 1629/1886/326
f 1631/1888/328 1639/1897/789 1638/1896/335 1630/1887/777
f 1632/1881/322 1640/1890/330 1639/1897/789 1631/1888/328
f 1633/1889/778 1641/1898/805 1648/1899/782 1640/1890/330
f 1634/1891/331 1642/1900/1 1641/1898/805 1633/1889/778
f 1635/1892/779 1643/1901/806 1642/1902/1 1634/1893/331
f 1636/1894/333 1644/1903/783 1643/1901/806 1635/1892/779
f 1637/1895/804 1645/1904/341 1644/1903/783 1636/1894/333
f 1638/1896/335 1646/1905/34 1645/1904/341 1637/1895/804
f 1639/1897/789 1647/1906/342 1646/1905/34 1638/1896/335
f 1640/1890/330 1648/1899/782 1647/1906/342 1639/1897/789
f 1641/1898/805 1649/1907/343 1656/1908/344 1648/1899/782
f 1642/1900/1 1650/1909/784 1649/1907/343 1641/1898/805
f 1643/1901/806 1651/1910/346 1650/1911/784 1642/1902/1
f 1644/1903/783 1652/1912/347 1651/1910/346 1643/1901/806
f 1645/1904/341 1653/1913/807 1652/1912/347 1644/1903/783
f 1646/1905/34 1654/1914/349 1653/1913/807 1645/1904/341
f 1647/1906/342 1655/1915/808 1654/1914/349 1646/1905/34
f 1648/1899/782 1656/1908/344 1655/1915/808 1647/1906/342
f 1649/1907/343 1657/1916/351 1664/1917/352 1656/1908/344
f 1650/1909/784 1658/1918/353 1657/1916/351 1649/1907/343
f 1651/1910/346 1659/1919/354 1658/1920/353 1650/1911/784
f 1652/1912/347 1660/1921/355 1659/1919/354 1651/1910/346
f 1653/1913/807 1661/1922/356 1660/1921/355 1652/1912/347
f 1654/1914/349 1662/1923/787 1661/1922/356 1653/1913/807
f 1655/1915/808 1663/1924/358 1662/1923/787 1654/1914/349
f 1656/1908/344 1664/1917/352 1663/1924/358 1655/1915/808
f 1657/1916/351 1473/1700/175 1480/1703/178 1664/1917/352
f 1658/1918/353 1474/1704/790 1473/1700/175 1657/1916/351
f 1659/1919/354 1475/1706/181 1474/1709/790 1658/1920/353
f 1660/1921/355 1476/1710/183 1475/1706/181 1659/1919/354
f 1661/1922/356 1477/1712/185 1476/1710/183 1660/1921/355
f 1662/1923/787 1478/1714/187 1477/1712/185 1661/1922/356
f 1663/1924/358 1479/1716/189 1478/1714/187 1662/1923/787
f 1664/1917/352 1480/1703/178 1479/1716/189 1663/1924/358
f 1665/1925/813 1673/1926/814 1680/1927/815 1672/1928/816
f 1666/1929/817 1674/1930/818 1673/1931/814 1665/1932/813
f 1667/1933/819 1675/1934/820 1674/1930/818 1666/1929/817
f 1668/1935/821 1676/1936/822 1675/1934/820 1667/1933/819
f 1669/1937/823 1677/1938/824 1676/1936/822 1668/1935/821
f 1670/1939/825 1678/1940/826 1677/1938/824 1669/1937/823
f 1671/1941/827 1679/1942/828 1678/1940/826 1670/1939/825
f 1672/1928/816 1680/1927/815 1679/1942/828 1671/1941/827
f 1673/1926/814 1681/1943/829 1688/1944/830 1680/1927/815
f 1674/1930/818 1682/1945/831 1681/1946/829 1673/1931/814
f 1675/1934/820 1683/1947/832 1682/1945/831 1674/1930/818
f 1676/1936/822 1684/1948/833 1683/1947/832 1675/1934/820
f 1677/1938/824 1685/1949/834 1684/1948/833 1676/1936/822
f 1678/1940/826 1686/1950/835 1685/1949/834 1677/1938/824
f 1679/1942/828 1687/1951/836 1686/1950/835 1678/1940/826
f 1680/1927/815 1688/1944/830 1687/1951/836 1679/1942/828
f 1681/1943/829 1689/1952/837 1696/1953/838 1688/1944/830
f 1682/1945/831 1690/1954/839 1689/1955/837 1681/1946/829
f 1683/1947/832 1691/1956/840 1690/1954/839 1682/1945/831
f 1684/1948/833 1692/1957/841 1691/1956/840 1683/1947/832
f 1685/1949/834 1693/1958/842 1692/1957/841 1684/1948/833
f 1686/1950/835 1694/1959/843 1693/1958/842 1685/1949/834
f 1687/1951/836 1695/1960/844 1694/1959/843 1686/1950/835
f 1688/1944/830 1696/1953/838 1695/1960/844 1687/1951/836
f 1689/1952/837 1697/1961/845 1704/1962/846 1696/1953/838
f 1690/1954/839 1698/1963/847 1697/1964/845 1689/1955/837
f 1691/1956/840 1699/1965/848 1698/1963/847 1690/1954/839
f 1692/1957/841 1700/1966/849 1699/1965/848 1691/1956/840
f 1693/1958/842 1701/1967/850 1700/1966/849 1692/1957/841
f 1694/1959/843 1702/1968/851 1701/1967/850 1693/1958/842
f 1695/1960/844 1703/1969/852 1702/1968/851 1694/1959/843
f 1696/1953/838 1704/1962/846 1703/1969/852 1695/1960/844
f 1697/1961/845 1705/1970/853 1712/1971/854 1704/1962/846
f 1698/1963/847 1706/1972/855 1705/1973/853 1697/1964/845
f 1699/1965/848 1707/1974/856 1706/1972/855 1698/1963/847
f 1700/1966/849 1708/1975/857 1707/1974/856 1699/1965/848
f 1701/1967/850 1709/1976/858 1708/1975/857 1700/1966/849
f 1702/1968/851 1710/1977/859 1709/1976/858 1701/1967/850
f 1703/1969/852 1711/1978/860 1710/1977/859 1702/1968/851
f 1704/1962/846 1712/1971/854 1711/1978/860 1703/1969/852
f 1705/1970/853 1713/1979/861 1720/1980/862 1712/1971/854
f 1706/1972/855 1714/1981/863 1713/1982/861 1705/1973/853
f 1707/1974/856 1715/1983/864 1714/1981/863 1706/1972/855
f 1708/1975/857 1716/1984/865 1715/1983/864 1707/1974/856
f 1709/1976/858 1717/1985/866 1716/1984/865 1708/1975/857
f 1710/1977/859 1718/1986/867 1717/1985/866 1709/1976/858
f 1711/1978/860 1719/1987/868 1718/1986/867 1710/1977/859
f 1712/1971/854 1720/1980/862 1719/1987/868 1711/1978/860
f 1713/1979/861 1721/1988/869 1728/1989/870 1720/1980/862
f 1714/1981/863 1722/1990/871 1721/1991/869 1713/1982/861
f 1715/1983/864 1723/1992/872 1722/1990/871 1714/1981/863
f 1716/1984/865 1724/1993/873 1723/1992/872 1715/1983/864
f 1717/1985/866 1725/1994/874 1724/1993/873 1716/1984/865
f 1718/1986/867 1726/1995/875 1725/1994/874 1717/1985/866
f 1719/1987/868 1727/1996/876 1726/1995/875 1718/1986/867
f 1720/1980/862 1728/1989/870 1727/1996/876 1719/1987/868
f 1721/1988/869 1729/1997/877 1736/1998/878 1728/1989/870
f 1722/1990/871 1730/1999/879 1729/2000/877 1721/1991/869
f 1723/1992/872 1731/2001/880 1730/1999/879 1722/1990/871
f 1724/1993/873 1732/2002/881 1731/2001/880 1723/1992/872
f 1725/1994/874 1733/2003/882 1732/2002/881 1724/1993/873
f 1726/1995/875 1734/2004/883 1733/2003/882 1725/1994/874
f 1727/1996/876 1735/2005/884 1734/2004/883 1726/1995/875
f 1728/1989/870 1736/1998/878 1735/2005/884 1727/1996/876
f 1729/1997/877 1737/2006/885 1744/2007/886 1736/1998/878
f 1730/1999/879 1738/2008/887 1737/2009/885 1729/2000/877
f 1731/2001/880 1739/2010/888 1738/2008/887 1730/1999/879
f 1732/2002/881 1740/2011/889 1739/2010/888 1731/2001/880
f 1733/2003/882 1741/2012/890 1740/2011/889 1732/2002/881
f 1734/2004/883 1742/2013/891 1741/2012/890 1733/2003/882
f 1735/2005/884 1743/2014/892 1742/2013/891 1734/2004/883
f 1736/1998/878 1744/2007/886 1743/2014/892 1735/2005/884
f 1737/2006/885 1745/2015/893 1752/2016/894 1744/2007/886
f 1738/2008/887 1746/2017/895 1745/2018/893 1737/2009/885
f 1739/2010/888 1747/2019/896 1746/2017/895 1738/2008/887
f 1740/2011/889 1748/2020/897 1747/2019/896 1739/2010/888
f 1741/2012/890 1749/2021/898 1748/2020/897 1740/2011/889
f 1742/2013/891 1750/2022/899 1749/2021/898 1741/2012/890
f 1743/2014/892 1751/2023/900 1750/2022/899 1742/2013/891
f 1744/2007/886 1752/2016/894 1751/2023/900 1743/2014/892
f 1745/2015/893 1753/2024/901 1760/2025/902 1752/2016/894
f 1746/2017/895 1754/2026/903 1753/2027/901 1745/2018/893
f 1747/2019/896 1755/2028/904 1754/2026/903 1746/2017/895
f 1748/2020/897 1756/2029/905 1755/2028/904 1747/2019/896
f 1749/2021/898 1757/2030/906 1756/2029/905 1748/2020/897
f 1750/2022/899 1758/2031/907 1757/2030/906 1749/2021/898
f 1751/2023/900 1759/2032/908 1758/2031/907 1750/2022/899
f 1752/2016/894 1760/2025/902 1759/2032/908 1751/2023/900
f 1761/2033/1 1769/2034/1 1776/2035/909 1768/2036/909
f 1762/2037/910 1770/2038/910 1769/2034/1 1761/2033/1
f 1763/2039/18 1771/2040/18 1770/2038/910 1762/2037/910
f 1764/2041/911 1772/2042/911 1771/2040/18 1763/2039/18
f 1765/2043/34 1773/2044/34 1772/2042/911 1764/2041/911
f 1766/2045/912 1774/2046/912 1773/2044/34 1765/2043/34
f 1767/2047/50 1775/2048/50 1774/2046/912 1766/2045/912
f 1768/2036/909 1776/2035/909 1775/2049/50 1767/2050/50
f 1769/2034/1 1777/2051/1 1784/2052/909 1776/2035/909
f 1770/2038/910 1778/2053/910 1777/2051/1 1769/2034/1
f 1771/2040/18 1779/2054/18 1778/2053/910 1770/2038/910
f 1772/2042/911 1780/2055/911 1779/2054/18 1771/2040/18
f 1773/2044/34 1781/2056/34 1780/2055/911 1772/2042/911
f 1774/2046/912 1782/2057/912 1781/2056/34 1773/2044/34
f 1775/2048/50 1783/2058/50 1782/2057/912 1774/2046/912
f 1776/2035/909 1784/2052/909 1783/2059/50 1775/2049/50
f 1777/2051/1 1785/2060/1 1792/2061/909 1784/2052/909
f 1778/2053/910 1786/2062/910 1785/2060/1 1777/2051/1
f 1779/2054/18 1787/2063/18 1786/2062/910 1778/2053/910
f 1780/2055/911 1788/2064/911 1787/2063/18 1779/2054/18
f 1781/2056/34 1789/2065/34 1788/2064/911 1780/2055/911
f 1782/2057/912 1790/2066/912 1789/2065/34 1781/2056/34
f 1783/2058/50 1791/2067/50 1790/2066/912 1782/2057/912
f 1784/2052/909 1792/2061/909 1791/2068/50 1783/2059/50
f 1785/2060/1 1793/2069/1 1800/2070/909 1792/2061/909
f 1786/2062/910 1794/2071/910 1793/2069/1 1785/2060/1
f 1787/2063/18 1795/2072/18 1794/2071/910 1786/2062/910
f 1788/2064/911 1796/2073/911 1795/2072/18 1787/2063/18
f 1789/2065/34 1797/2074/34 1796/2073/911 1788/2064/911
f 1790/2066/912 1798/2075/912 1797/2074/34 1789/2065/34
f 1791/2067/50 1799/2076/50 1798/2075/912 1790/2066/912
f 1792/2061/909 1800/2070/909 1799/2077/50 1791/2068/50
f 1793/2069/1 1801/2078/1 1808/2079/909 1800/2070/909
f 1794/2071/910 1802/2080/910 1801/2078/1 1793/2069/1
f 1795/2072/18 1803/2081/18 1802/2080/910 1794/2071/910
f 1796/2073/911 1804/2082/911 1803/2081/18 1795/2072/18
f 1797/2074/34 1805/2083/34 1804/2082/911 1796/2073/911
f 1798/2075/912 1806/2084/912 1805/2083/34 1797/2074/34
f 1799/2076/50 1807/2085/50 1806/2084/912 1798/2075/912
f 1800/2070/909 1808/2079/909 1807/2086/50 1799/2077/50
f 1801/2078/1 1809/2087/1 1816/2088/909 1808/2079/909
f 1802/2080/910 1810/2089/910 1809/2087/1 1801/2078/1
f 1803/2081/18 1811/2090/18 1810/2089/910 1802/2080/910
f 1804/2082/911 1812/2091/911 1811/2090/18 1803/2081/18
f 1805/2083/34 1813/2092/34 1812/2091/911 1804/2082/911
f 1806/2084/912 1814/2093/912 1813/2092/34 1805/2083/34
f 1807/2085/50 1815/2094/50 1814/2093/912 1806/2084/912
f 1808/2079/909 1816/2088/909 1815/2095/50 1807/2086/50
f 1809/2087/1 1817/2096/1 1824/2097/909 1816/2088/909
f 1810/2089/910 1818/2098/910 1817/2096/1 1809/2087/1
f 1811/2090/18 1819/2099/18 1818/2098/910 1810/2089/910
f 1812/2091/911 1820/2100/911 1819/2099/18 1811/2090/18
f 1813/2092/34 1821/2101/34 1820/2100/911 1812/2091/911
f 1814/2093/912 1822/2102/912 1821/2101/34 1813/2092/34
f 1815/2094/50 1823/2103/50 1822/2102/912 1814/2093/912
f 1816/2088/909 1824/2097/909 1823/2104/50 1815/2095/50
f 1817/2096/1 1825/2105/1 1832/2106/909 1824/2097/909
f 1818/2098/910 1826/2107/910 1825/2105/1 1817/2096/1
f 1819/2099/18 1827/2108/18 1826/2107/910 1818/2098/910
f 1820/2100/911 1828/2109/911 1827/2108/18 1819/2099/18
f 1821/2101/34 1829/2110/34 1828/2109/911 1820/2100/911
f 1822/2102/912 1830/2111/912 1829/2110/34 1821/2101/34
f 1823/2103/50 1831/2112/50 1830/2111/912 1822/2102/912
f 1824/2097/909 1832/2106/909 1831/2113/50 1823/2104/50
f 1825/2105/1 1833/2114/1 1840/2115/909 1832/2106/909
f 1826/2107/910 1834/2116/910 1833/2114/1 1825/2105/1
f 1827/2108/18 1835/2117/18 1834/2116/910 1826/2107/910
f 1828/2109/911 1836/2118/911 1835/2117/18 1827/2108/18
f 1829/2110/34 1837/2119/34 1836/2118/911 1828/2109/911
f 1830/2111/912 1838/2120/912 1837/2119/34 1829/2110/34
f 1831/2112/50 1839/2121/50 1838/2120/912 1830/2111/912
f 1832/2106/909 1840/2115/909 1839/2122/50 1831/2113/50
f 1833/2114/1 1841/2123/1 1848/2124/909 1840/2115/909
f 1834/2116/910 1842/2125/910 1841/2123/1 1833/2114/1
f 1835/2117/18 1843/2126/18 1842/2125/910 1834/2116/910
f 1836/2118/911 1844/2127/911 1843/2126/18 1835/2117/18
f 1837/2119/34 1845/2128/34 1844/2127/911 1836/2118/911
f 1838/2120/912 1846/2129/912 1845/2128/34 1837/2119/34
f 1839/2121/50 1847/2130/50 1846/2129/912 1838/2120/912
f 1840/2115/909 1848/2124/909 1847/2131/50 1839/2122/50
f 1841/2123/1 1849/2132/1 1856/2133/909 1848/2124/909
f 1842/2125/910 1850/2134/910 1849/2132/1 1841/2123/1
f 1843/2126/18 1851/2135/18 1850/2134/910 1842/2125/910
f 1844/2127/911 1852/2136/911 1851/2135/18 1843/2126/18
f 1845/2128/34 1853/2137/34 1852/2136/911 1844/2127/911
f 1846/2129/912 1854/2138/912 1853/2137/34 1845/2128/34
f 1847/2130/50 1855/2139/50 1854/2138/912 1846/2129/912
f 1848/2124/909 1856/2133/909 1855/2140/50 1847/2131/50
f 1857/2141/1 1865/2142/1 1872/2143/909 1864/2144/909
f 1858/2145/910 1866/2146/910 1865/2142/1 1857/2141/1
f 1859/2147/18 1867/2148/18 1866/2146/910 1858/2145/910
f 1860/2149/911 1868/2150/911 1867/2148/18 1859/2147/18
f 1861/2151/34 1869/2152/34 1868/2150/911 1860/2149/911
f 1862/2153/912 1870/2154/912 1869/2152/34 1861/2151/34
f 1863/2155/50 1871/2156/50 1870/2154/912 1862/2153/912
f 1864/2144/909 1872/2143/909 1871/2157/50 1863/2158/50
f 1865/2142/1 1873/2159/1 1880/2160/909 1872/2143/909
f 1866/2146/910 1874/2161/910 1873/2159/1 1865/2142/1
f 1867/2148/18 1875/2162/18 1874/2161/910 1866/2146/910
f 1868/2150/911 1876/2163/911 1875/2162/18 1867/2148/18
f 1869/2152/34 1877/2164/34 1876/2163/911 1868/2150/911
f 1870/2154/912 1878/2165/912 1877/2164/34 1869/2152/34
f 1871/2156/50 1879/2166/50 1878/2165/912 1870/2154/912
f 1872/2143/909 1880/2160/909 1879/2167/50 1871/2157/50
f 1873/2159/1 1881/2168/1 1888/2169/909 1880/2160/909
f 1874/2161/910 1882/2170/910 1881/2168/1 1873/2159/1
f 1875/2162/18 1883/2171/18 1882/2170/910 1874/2161/910
f 1876/2163/911 1884/2172/911 1883/2171/18 1875/2162/18
f 1877/2164/34 1885/2173/34 1884/2172/911 1876/2163/911
f 1878/2165/912 1886/2174/912 1885/2173/34 1877/2164/34
f 1879/2166/50 1887/2175/50 1886/2174/912 1878/2165/912
f 1880/2160/909 1888/2169/909 1887/2176/50 1879/2167/50
f 1881/2168/1 1889/2177/1 1896/2178/909 1888/2169/909
f 1882/2170/910 1890/2179/910 1889/2177/1 1881/2168/1
f 1883/2171/18 1891/2180/18 1890/2179/910 1882/2170/910
f 1884/2172/911 1892/2181/911 1891/2180/18 1883/2171/18
f 1885/2173/34 1893/2182/34 1892/2181/911 1884/2172/911
f 1886/2174/912 1894/2183/912 1893/2182/34 1885/2173/34
f 1887/2175/50 1895/2184/50 1894/2183/912 1886/2174/912
f 1888/2169/909 1896/2178/909 1895/2185/50 1887/2176/50
f 1889/2177/1 1897/2186/1 1904/2187/909 1896/2178/909
f 1890/2179/910 1898/2188/910 1897/2186/1 1889/2177/1
f 1891/2180/18 1899/2189/18 1898/2188/910 1890/2179/910
f 1892/2181/911 1900/2190/911 1899/2189/18 1891/2180/18
f 1893/2182/34 1901/2191/34 1900/2190/911 1892/2181/911
f 1894/2183/912 1902/2192/912 1901/2191/34 1893/2182/34
f 1895/2184/50 1903/2193/50 1902/2192/912 1894/2183/912
f 1896/2178/909 1904/2187/909 1903/2194/50 1895/2185/50
f 1897/2186/1 1905/2195/1 1912/2196/909 1904/2187/909
f 1898/2188/910 1906/2197/910 1905/2195/1 1897/2186/1
f 1899/2189/18 1907/2198/18 1906/2197/910 1898/2188/910
f 1900/2190/911 1908/2199/911 1907/2198/18 1899/2189/18
f 1901/2191/34 1909/2200/34 1908/2199/911 1900/2190/911
f 1902/2192/912 1910/2201/912 1909/2200/34 1901/2191/34
f 1903/2193/50 1911/2202/50 1910/2201/912 1902/2192/912
f 1904/2187/909 1912/2196/909 1911/2203/50 1903/2194/50
f 1905/2195/1 1913/2204/1 1920/2205/909 1912/2196/909
f 1906/2197/910 1914/2206/910 1913/2204/1 1905/2195/1
f 1907/2198/18 1915/2207/18 1914/2206/910 1906/2197/910
f 1908/2199/911 1916/2208/911 1915/2207/18 1907/2198/18
f 1909/2200/34 1917/2209/34 1916/2208/911 1908/2199/911
f 1910/2201/912 1918/2210/912 1917/2209/34 1909/2200/34
f 1911/2202/50 1919/2211/50 1918/2210/912 1910/2201/912
f 1912/2196/909 1920/2205/909 1919/2212/50 1911/2203/50
f 1913/2204/1 1921/2213/1 1928/2214/909 1920/2205/909
f 1914/2206/910 1922/2215/910 1921/2213/1 1913/2204/1
f 1915/2207/18 1923/2216/18 1922/2215/910 1914/2206/910
f 1916/2208/911 1924/2217/911 1923/2216/18 1915/2207/18
f 1917/2209/34 1925/2218/34 1924/2217/911 1916/2208/911
f 1918/2210/912 1926/2219/912 1925/2218/34 1917/2209/34
f 1919/2211/50 1927/2220/50 1926/2219/912 1918/2210/912
f 1920/2205/909 1928/2214/909 1927/2221/50 1919/2212/50
f 1921/2213/1 1929/2222/1 1936/2223/909 1928/2214/909
f 1922/2215/910 1930/2224/910 1929/2222/1 1921/2213/1
f 1923/2216/18 1931/2225/18 1930/2224/910 1922/2215/910
f 1924/2217/911 1932/2226/911 1931/2225/18 1923/2216/18
f 1925/2218/34 1933/2227/34 1932/2226/911 1924/2217/911
f 1926/2219/912 1934/2228/912 1933/2227/34 1925/2218/34
f 1927/2220/50 1935/2229/50 1934/2228/912 1926/2219/912
f 1928/2214/909 1936/2223/909 1935/2230/50 1927/2221/50
f 1929/2222/1 1937/2231/1 1944/2232/909 1936/2223/909
f 1930/2224/910 1938/2233/910 1937/2231/1 1929/2222/1
f 1931/2225/18 1939/2234/18 1938/2233/910 1930/2224/910
f 1932/2226/911 1940/2235/911 1939/2234/18 1931/2225/18
f 1933/2227/34 1941/2236/34 1940/2235/911 1932/2226/911
f 1934/2228/912 1942/2237/912 1941/2236/34 1933/2227/34
f 1935/2229/50 1943/2238/50 1942/2237/912 1934/2228/912
f 1936/2223/909 1944/2232/909 1943/2239/50 1935/2230/50
f 1937/2231/1 1945/2240/1 1952/2241/909 1944/2232/909
f 1938/2233/910 1946/2242/910 1945/2240/1 1937/2231/1
f 1939/2234/18 1947/2243/18 1946/2242/910 1938/2233/910
f 1940/2235/911 1948/2244/911 1947/2243/18 1939/2234/18
f 1941/2236/34 1949/2245/34 1948/2244/911 1940/2235/911
f 1942/2237/912 1950/2246/912 1949/2245/34 1941/2236/34
f 1943/2238/50 1951/2247/50 1950/2246/912 1942/2237/912
f 1944/2232/909 1952/2241/909 1951/2248/50 1943/2239/50
f 1953/2249/50 1961/2250/50 1968/2251/912 1960/2252/912
f 1954/2253/909 1962/2254/909 1961/2250/50 1953/2249/50
f 1955/2255/1 1963/2256/1 1962/2254/909 1954/2253/909
f 1956/2257/910 1964/2258/910 1963/2256/1 1955/2255/1
f 1957/2259/18 1965/2260/18 1964/2258/910 1956/2257/910
f 1958/2261/911 1966/2262/911 1965/2260/18 1957/2259/18
f 1959/2263/34 1967/2264/34 1966/2262/911 1958/2261/911
f 1960/2252/912 1968/2251/912 1967/2265/34 1959/2266/34
f 1961/2250/50 1969/2267/50 1976/2268/912 1968/2251/912
f 1962/2254/909 1970/2269/909 1969/2267/50 1961/2250/50
f 1963/2256/1 1971/2270/1 1970/2269/909 1962/2254/909
f 1964/2258/910 1972/2271/910 1971/2270/1 1963/2256/1
f 1965/2260/18 1973/2272/18 1972/2271/910 1964/2258/910
f 1966/2262/911 1974/2273/911 1973/2272/18 1965/2260/18
f 1967/2264/34 1975/2274/34 1974/2273/911 1966/2262/911
f 1968/2251/912 1976/2268/912 1975/2275/34 1967/2265/34
f 1969/2267/50 1977/2276/50 1984/2277/912 1976/2268/912
f 1970/2269/909 1978/2278/909 1977/2276/50 1969/2267/50
f 1971/2270/1 1979/2279/1 1978/2278/909 1970/2269/909
f 1972/2271/910 1980/2280/910 1979/2279/1 1971/2270/1
f 1973/2272/18 1981/2281/18 1980/2280/910 1972/2271/910
f 1974/2273/911 1982/2282/911 1981/2281/18 1973/2272/18
f 1975/2274/34 1983/2283/34 1982/2282/911 1974/2273/911
f 1976/2268/912 1984/2277/912 1983/2284/34 1975/2275/34
f 1977/2276/50 1985/2285/50 1992/2286/912 1984/2277/912
f 1978/2278/909 1986/2287/909 1985/2285/50 1977/2276/50
f 1979/2279/1 1987/2288/1 1986/2287/909 1978/2278/909
f 1980/2280/910 1988/2289/910 1987/2288/1 1979/2279/1
f 1981/2281/18 1989/2290/18 1988/2289/910 1980/2280/910
f 1982/2282/911 1990/2291/911 1989/2290/18 1981/2281/18
f 1983/2283/34 1991/2292/34 1990/2291/911 1982/2282/911
f 1984/2277/912 1992/2286/912 1991/2293/34 1983/2284/34
f 1985/2285/50 1993/2294/50 2000/2295/912 1992/2286/912
f 1986/2287/909 1994/2296/909 1993/2294/50 1985/2285/50
f 1987/2288/1 1995/2297/1 1994/2296/909 1986/2287/909
f 1988/2289/910 1996/2298/910 1995/2297/1 1987/2288/1
f 1989/2290/18 1997/2299/18 1996/2298/910 1988/2289/910
f 1990/2291/911 1998/2300/911 1997/2299/18 1989/2290/18
f 1991/2292/34 1999/2301/34 1998/2300/911 1990/2291/911
f 1992/2286/912 2000/2295/912 1999/2302/34 1991/2293/34
f 1993/2294/50 2001/2303/50 2008/2304/912 2000/2295/912
f 1994/2296/909 2002/2305/909 2001/2303/50 1993/2294/50
f 1995/2297/1 2003/2306/1 2002/2305/909 1994/2296/909
f 1996/2298/910 2004/2307/910 2003/2306/1 1995/2297/1
f 1997/2299/18 2005/2308/18 2004/2307/910 1996/2298/910
f 1998/2300/911 2006/2309/911 2005/2308/18 1997/2299/18
f 1999/2301/34 2007/2310/34 2006/2309/911 1998/2300/911
f 2000/2295/912 2008/2304/912 2007/2311/34 1999/2302/34
f 2001/2303/50 2009/2312/50 2016/2313/912 2008/2304/912
f 2002/2305/909 2010/2314/909 2009/2312/50 2001/2303/50
f 2003/2306/1 2011/2315/1 2010/2314/909 2002/2305/909
f 2004/2307/910 2012/2316/910 2011/2315/1 2003/2306/1
f 2005/2308/18 2013/2317/18 2012/2316/910 2004/2307/910
f 2006/2309/911 2014/2318/911 2013/2317/18 2005/2308/18
f 2007/2310/34 2015/2319/34 2014/2318/911 2006/2309/911
f 2008/2304/912 2016/2313/912 2015/2320/34 2007/2311/34
f 2009/2312/50 2017/2321/50 2024/2322/912 2016/2313/912
f 2010/2314/909 2018/2323/909 2017/2321/50 2009/2312/50
f 2011/2315/1 2019/2324/1 2018/2323/909 2010/2314/909
f 2012/2316/910 2020/2325/910 2019/2324/1 2011/2315/1
f 2013/2317/18 2021/2326/18 2020/2325/910 2012/2316/910
f 2014/2318/911 2022/2327/911 2021/2326/18 2013/2317/18
f 2015/2319/34 2023/2328/34 2022/2327/911 2014/2318/911
f 2016/2313/912 2024/2322/912 2023/2329/34 2015/2320/34
f 2017/2321/50 2025/2330/50 2032/2331/912 2024/2322/912
f 2018/2323/909 2026/2332/909 2025/2330/50 2017/2321/50
f 2019/2324/1 2027/2333/1 2026/2332/909 2018/2323/909
f 2020/2325/910 2028/2334/910 2027/2333/1 2019/2324/1
f 2021/2326/18 2029/2335/18 2028/2334/910 2020/2325/910
f 2022/2327/911 2030/2336/911 2029/2335/18 2021/2326/18
f 2023/2328/34 2031/2337/34 2030/2336/911 2022/2327/911
f 2024/2322/912 2032/2331/912 2031/2338/34 2023/2329/34
f 2025/2330/50 2033/2339/50 2040/2340/912 2032/2331/912
f 2026/2332/909 2034/2341/909 2033/2339/50 2025/2330/50
f 2027/2333/1 2035/2342/1 2034/2341/909 2026/2332/909
f 2028/2334/910 2036/2343/910 2035/2342/1 2027/2333/1
f 2029/2335/18 2037/2344/18 2036/2343/910 2028/2334/910
f 2030/2336/911 2038/2345/911 2037/2344/18 2029/2335/18
f 2031/2337/34 2039/2346/34 2038/2345/911 2030/2336/911
f 2032/2331/912 2040/2340/912 2039/2347/34 2031/2338/34
f 2033/2339/50 2041/2348/50 2048/2349/912 2040/2340/912
f 2034/2341/909 2042/2350/909 2041/2348/50 2033/2339/50
f 2035/2342/1 2043/2351/1 2042/2350/909 2034/2341/909
f 2036/2343/910 2044/2352/910 2043/2351/1 2035/2342/1
f 2037/2344/18 2045/2353/18 2044/2352/910 2036/2343/910
f 2038/2345/911 2046/2354/911 2045/2353/18 2037/2344/18
f 2039/2346/34 2047/2355/34 2046/2354/911 2038/2345/911
f 2040/2340/912 2048/2349/912 2047/2356/34 2039/2347/34
f 2049/2357/1 2057/2358/1 2064/2359/909 2056/2360/913
f 2050/2361/910 2058/2362/910 2057/2358/1 2049/2357/1
f 2051/2363/18 2059/2364/18 2058/2362/910 2050/2361/910
f 2052/2365/911 2060/2366/911 2059/2364/18 2051/2363/18
f 2053/2367/34 2061/2368/34 2060/2366/911 2052/2365/911
f 2054/2369/912 2062/2370/912 2061/2368/34 2053/2367/34
f 2055/2371/50 2063/2372/50 2062/2370/912 2054/2369/912
f 2056/2360/913 2064/2359/909 2063/2373/50 2055/2374/50
f 2057/2358/1 2065/2375/1 2072/2376/909 2064/2359/909
f 2058/2362/910 2066/2377/910 2065/2375/1 2057/2358/1
f 2059/2364/18 2067/2378/18 2066/2377/910 2058/2362/910
f 2060/2366/911 2068/2379/911 2067/2378/18 2059/2364/18
f 2061/2368/34 2069/2380/34 2068/2379/911 2060/2366/911
f 2062/2370/912 2070/2381/912 2069/2380/34 2061/2368/34
f 2063/2372/50 2071/2382/50 2070/2381/912 2062/2370/912
f 2064/2359/909 2072/2376/909 2071/2383/50 2063/2373/50
f 2065/2375/1 2073/2384/1 2080/2385/909 2072/2376/909
f 2066/2377/910 2074/2386/910 2073/2384/1 2065/2375/1
f 2067/2378/18 2075/2387/18 2074/2386/910 2066/2377/910
f 2068/2379/911 2076/2388/911 2075/2387/18 2067/2378/18
f 2069/2380/34 2077/2389/34 2076/2388/911 2068/2379/911
f 2070/2381/912 2078/2390/912 2077/2389/34 2069/2380/34
f 2071/2382/50 2079/2391/50 2078/2390/912 2070/2381/912
f 2072/2376/909 2080/2385/909 2079/2392/50 2071/2383/50
f 2073/2384/1 2081/2393/1 2088/2394/909 2080/2385/909
f 2074/2386/910 2082/2395/910 2081/2393/1 2073/2384/1
f 2075/2387/18 2083/2396/18 2082/2395/910 2074/2386/910
f 2076/2388/911 2084/2397/911 2083/2396/18 2075/2387/18
f 2077/2389/34 2085/2398/34 2084/2397/911 2076/2388/911
f 2078/2390/912 2086/2399/912 2085/2398/34 2077/2389/34
f 2079/2391/50 2087/2400/50 2086/2399/912 2078/2390/912
f 2080/2385/909 2088/2394/909 2087/2401/50 2079/2392/50
f 2081/2393/1 2089/2402/1 2096/2403/909 2088/2394/909
f 2082/2395/910 2090/2404/910 2089/2402/1 2081/2393/1
f 2083/2396/18 2091/2405/18 2090/2404/910 2082/2395/910
f 2084/2397/911 2092/2406/911 2091/2405/18 2083/2396/18
f 2085/2398/34 2093/2407/34 2092/2406/911 2084/2397/911
f 2086/2399/912 2094/2408/912 2093/2407/34 2085/2398/34
f 2087/2400/50 2095/2409/50 2094/2408/912 2086/2399/912
f 2088/2394/909 2096/2403/909 2095/2410/50 2087/2401/50
f 2089/2402/1 2097/2411/1 2104/2412/909 2096/2403/909
f 2090/2404/910 2098/2413/910 2097/2411/1 2089/2402/1
f 2091/2405/18 2099/2414/18 2098/2413/910 2090/2404/910
f 2092/2406/911 2100/2415/911 2099/2414/18 2091/2405/18
f 2093/2407/34 2101/2416/34 2100/2415/911 2092/2406/911
f 2094/2408/912 2102/2417/912 2101/2416/34 2093/2407/34
f 2095/2409/50 2103/2418/50 2102/2417/912 2094/2408/912
f 2096/2403/909 2104/2412/909 2103/2419/50 2095/2410/50
f 2097/2411/1 2105/2420/1 2112/2421/909 2104/2412/909
f 2098/2413/910 2106/2422/910 2105/2420/1 2097/2411/1
f 2099/2414/18 2107/2423/18 2106/2422/910 2098/2413/910
f 2100/2415/911 2108/2424/911 2107/2423/18 2099/2414/18
f 2101/2416/34 2109/2425/34 2108/2424/911 2100/2415/911
f 2102/2417/912 2110/2426/912 2109/2425/34 2101/2416/34
f 2103/2418/50 2111/2427/50 2110/2426/912 2102/2417/912
f 2104/2412/909 2112/2421/909 2111/2428/50 2103/2419/50
f 2105/2420/1 2113/2429/1 2120/2430/909 2112/2421/909
f 2106/2422/910 2114/2431/910 2113/2429/1 2105/2420/1
f 2107/2423/18 2115/2432/18 2114/2431/910 2106/2422/910
f 2108/2424/911 2116/2433/911 2115/2432/18 2107/2423/18
f 2109/2425/34 2117/2434/34 2116/2433/911 2108/2424/911
f 2110/2426/912 2118/2435/912 2117/2434/34 2109/2425/34
f 2111/2427/50 2119/2436/50 2118/2435/912 2110/2426/912
f 2112/2421/909 2120/2430/909 2119/2437/50 2111/2428/50
f 2113/2429/1 2121/2438/1 2128/2439/909 2120/2430/909
f 2114/2431/910 2122/2440/910 2121/2438/1 2113/2429/1
f 2115/2432/18 2123/2441/18 2122/2440/910 2114/2431/910
f 2116/2433/911 2124/2442/911 2123/2441/18 2115/2432/18
f 2117/2434/34 2125/2443/34 2124/2442/911 2116/2433/911
f 2118/2435/912 2126/2444/912 2125/2443/34 2117/2434/34
f 2119/2436/50 2127/2445/50 2126/2444/912 2118/2435/912
f 2120/2430/909 2128/2439/909 2127/2446/50 2119/2437/50
f 2121/2438/1 2129/2447/1 2136/2448/909 2128/2439/909
f 2122/2440/910 2130/2449/910 2129/2447/1 2121/2438/1
f 2123/2441/18 2131/2450/18 2130/2449/910 2122/2440/910
f 2124/2442/911 2132/2451/911 2131/2450/18 2123/2441/18
f 2125/2443/34 2133/2452/34 2132/2451/911 2124/2442/911
f 2126/2444/912 2134/2453/912 2133/2452/34 2125/2443/34
f 2127/2445/50 2135/2454/50 2134/2453/912 2126/2444/912
f 2128/2439/909 2136/2448/909 2135/2455/50 2127/2446/50
f 2129/2447/1 2137/2456/1 2144/2457/909 2136/2448/909
f 2130/2449/910 2138/2458/910 2137/2456/1 2129/2447/1
f 2131/2450/18 2139/2459/18 2138/2458/910 2130/2449/910
f 2132/2451/911 2140/2460/911 2139/2459/18 2131/2450/18
f 2133/2452/34 2141/2461/34 2140/2460/911 2132/2451/911
f 2134/2453/912 2142/2462/912 2141/2461/34 2133/2452/34
f 2135/2454/50 2143/2463/50 2142/2462/912 2134/2453/912
f 2136/2448/909 2144/2457/909 2143/2464/50 2135/2455/50
f 2145/2465/1 2153/2466/1 2160/2467/909 2152/2468/909
f 2146/2469/910 2154/2470/910 2153/2466/1 2145/2465/1
f 2147/2471/18 2155/2472/18 2154/2470/910 2146/2469/910
f 2148/2473/911 2156/2474/911 2155/2472/18 2147/2471/18
f 2149/2475/34 2157/2476/34 2156/2474/911 2148/2473/911
f 2150/2477/912 2158/2478/912 2157/2476/34 2149/2475/34
f 2151/2479/50 2159/2480/50 2158/2478/912 2150/2477/912
f 2152/2468/909 2160/2467/909 2159/2481/50 2151/2482/50
f 2153/2466/1 2161/2483/1 2168/2484/909 2160/2467/909
f 2154/2470/910 2162/2485/910 2161/2483/1 2153/2466/1
f 2155/2472/18 2163/2486/18 2162/2485/910 2154/2470/910
f 2156/2474/911 2164/2487/911 2163/2486/18 2155/2472/18
f 2157/2476/34 2165/2488/34 2164/2487/911 2156/2474/911
f 2158/2478/912 2166/2489/912 2165/2488/34 2157/2476/34
f 2159/2480/50 2167/2490/50 2166/2489/912 2158/2478/912
f 2160/2467/909 2168/2484/909 2167/2491/50 2159/2481/50
f 2161/2483/1 2169/2492/1 2176/2493/909 2168/2484/909
f 2162/2485/910 2170/2494/910 2169/2492/1 2161/2483/1
f 2163/2486/18 2171/2495/18 2170/2494/910 2162/2485/910
f 2164/2487/911 2172/2496/911 2171/2495/18 2163/2486/18
f 2165/2488/34 2173/2497/34 2172/2496/911 2164/2487/911
f 2166/2489/912 2174/2498/912 2173/2497/34 2165/2488/34
f 2167/2490/50 2175/2499/50 2174/2498/912 2166/2489/912
f 2168/2484/909 2176/2493/909 2175/2500/50 2167/2491/50
f 2169/2492/1 2177/2501/1 2184/2502/909 2176/2493/909
f 2170/2494/910 2178/2503/910 2177/2501/1 2169/2492/1
f 2171/2495/18 2179/2504/18 2178/2503/910 2170/2494/910
f 2172/2496/911 2180/2505/911 2179/2504/18 2171/2495/18
f 2173/2497/34 2181/2506/34 2180/2505/911 2172/2496/911
f 2174/2498/912 2182/2507/912 2181/2506/34 2173/2497/34
f 2175/2499/50 2183/2508/50 2182/2507/912 2174/2498/912
f 2176/2493/909 2184/2502/909 2183/2509/50 2175/2500/50
f 2177/2501/1 2185/2510/1 2192/2511/909 2184/2502/909
f 2178/2503/910 2186/2512/910 2185/2510/1 2177/2501/1
f 2179/2504/18 2187/2513/18 2186/2512/910 2178/2503/910
f 2180/2505/911 2188/2514/911 2187/2513/18 2179/2504/18
f 2181/2506/34 2189/2515/34 2188/2514/911 2180/2505/911
f 2182/2507/912 2190/2516/912 2189/2515/34 2181/2506/34
f 2183/2508/50 2191/2517/50 2190/2516/912 2182/2507/912
f 2184/2502/909 2192/2511/909 2191/2518/50 2183/2509/50
f 2185/2510/1 2193/2519/1 2200/2520/909 2192/2511/909
f 2186/2512/910 2194/2521/910 2193/2519/1 2185/2510/1
f 2187/2513/18 2195/2522/18 2194/2521/910 2186/2512/910
f 2188/2514/911 2196/2523/911 2195/2522/18 2187/2513/18
f 2189/2515/34 2197/2524/34 2196/2523/911 2188/2514/911
f 2190/2516/912 2198/2525/912 2197/2524/34 2189/2515/34
f 2191/2517/50 2199/2526/50 2198/2525/912 2190/2516/912
f 2192/2511/909 2200/2520/909 2199/2527/50 2191/2518/50
f 2193/2519/1 2201/2528/1 2208/2529/909 2200/2520/909
f 2194/2521/910 2202/2530/910 2201/2528/1 2193/2519/1
f 2195/2522/18 2203/2531/18 2202/2530/910 2194/2521/910
f 2196/2523/911 2204/2532/911 2203/2531/18 2195/2522/18
f 2197/2524/34 2205/2533/34 2204/2532/911 2196/2523/911
f 2198/2525/912 2206/2534/912 2205/2533/34 2197/2524/34
f 2199/2526/50 2207/2535/50 2206/2534/912 2198/2525/912
f 2200/2520/909 2208/2529/909 2207/2536/50 2199/2527/50
f 2201/2528/1 2209/2537/1 2216/2538/909 2208/2529/909
f 2202/2530/910 2210/2539/910 2209/2537/1 2201/2528/1
f 2203/2531/18 2211/2540/18 2210/2539/910 2202/2530/910
f 2204/2532/911 2212/2541/911 2211/2540/18 2203/2531/18
f 2205/2533/34 2213/2542/34 2212/2541/911 2204/2532/911
f 2206/2534/912 2214/2543/912 2213/2542/34 2205/2533/34
f 2207/2535/50 2215/2544/50 2214/2543/912 2206/2534/912
f 2208/2529/909 2216/2538/909 2215/2545/50 2207/2536/50
f 2209/2537/1 2217/2546/1 2224/2547/909 2216/2538/909
f 2210/2539/910 2218/2548/910 2217/2546/1 2209/2537/1
f 2211/2540/18 2219/2549/18 2218/2548/910 2210/2539/910
f 2212/2541/911 2220/2550/911 2219/2549/18 2211/2540/18
f 2213/2542/34 2221/2551/34 2220/2550/911 2212/2541/911
f 2214/2543/912 2222/2552/912 2221/2551/34 2213/2542/34
f 2215/2544/50 2223/2553/50 2222/2552/912 2214/2543/912
f 2216/2538/909 2224/2547/909 2223/2554/50 2215/2545/50
f 2217/2546/1 2225/2555/1 2232/2556/909 2224/2547/909
f 2218/2548/910 2226/2557/910 2225/2555/1 2217/2546/1
f 2219/2549/18 2227/2558/18 2226/2557/910 2218/2548/910
f 2220/2550/911 2228/2559/911 2227/2558/18 2219/2549/18
f 2221/2551/34 2229/2560/34 2228/2559/911 2220/2550/911
f 2222/2552/912 2230/2561/912 2229/2560/34 2221/2551/34
f 2223/2553/50 2231/2562/50 2230/2561/912 2222/2552/912
f 2224/2547/909 2232/2556/909 2231/2563/50 2223/2554/50
f 2225/2555/1 2233/2564/1 2240/2565/909 2232/2556/909
f 2226/2557/910 2234/2566/910 2233/2564/1 2225/2555/1
f 2227/2558/18 2235/2567/18 2234/2566/910 2226/2557/910
f 2228/2559/911 2236/2568/911 2235/2567/18 2227/2558/18
f 2229/2560/34 2237/2569/34 2236/2568/911 2228/2559/911
f 2230/2561/912 2238/2570/912 2237/2569/34 2229/2560/34
f 2231/2562/50 2239/2571/50 2238/2570/912 2230/2561/912
f 2232/2556/909 2240/2565/909 2239/2572/50 2231/2563/50
f 2241/2573/914 2645/2574/915 3434/2575/916 2628/2576/917
f 2241/2577/914 2628/2578/917 3421/2579/918 2603/2580/919
f 2241/2577/914 2603/2580/919 3417/2581/920 2601/2582/921
f 2241/2573/914 2601/2583/921 3433/2584/922 2645/2574/915
f 2242/2585/923 2643/2586/924 3440/2587/925 2634/2588/926
f 2242/2585/923 2634/2588/926 3423/2589/927 2598/2590/928
f 2242/2585/923 2598/2590/928 3415/2591/929 2626/2592/930
f 2242/2585/923 2626/2592/930 3432/2593/931 2643/2586/924
f 6132/2594/932 6702/2595/933 3421/2579/918 2628/2578/917
f 6132/2596/932 2628/2576/917 3434/2575/916 6746/2597/934
f 2243/2598/935 2641/2599/936 3431/2600/937 2599/2601/938
f 2243/2598/935 2599/2601/938 3416/2602/939 2605/2603/940
f 2243/2598/935 2605/2603/940 3420/2604/941 2630/2605/942
f 2243/2598/935 2630/2605/942 3436/2606/943 2641/2599/936
f 6134/2607/944 6742/2608/943 3436/2606/943 2630/2605/942
f 6134/2607/944 2630/2605/942 3420/2604/941 6701/2609/941
f 2244/2610/945 2621/2611/946 3425/2612/947 2602/2613/948
f 2244/2610/945 2602/2613/948 3417/2581/920 2603/2580/919
f 2244/2610/945 2603/2580/919 3421/2579/918 2614/2614/949
f 2244/2610/945 2614/2614/949 3426/2615/950 2621/2611/946
f 6136/2616/951 6720/2617/952 3426/2615/950 2614/2614/949
f 6136/2616/951 2614/2614/949 3421/2579/918 6702/2595/933
f 2245/2618/953 2598/2619/928 3423/2620/927 2619/2621/954
f 2245/2618/953 2619/2621/954 3429/2622/955 2609/2623/956
f 2245/2618/953 2609/2623/956 3419/2624/957 2600/2625/958
f 2245/2618/953 2600/2625/958 3415/2626/929 2598/2619/928
f 6138/2627/959 2609/2623/956 3429/2622/955 6716/2628/960
f 6138/2627/959 6699/2629/961 3419/2624/957 2609/2623/956
f 6139/2630/962 2616/2631/962 3418/2632/963 6698/2633/963
f 6139/2630/962 6715/2634/964 3428/2635/964 2616/2631/962
f 6140/2636/965 2617/2637/966 3428/2635/964 6715/2634/964
f 6140/2636/965 6716/2638/960 3429/2639/955 2617/2637/966
f 2246/2640/967 2610/2641/968 3414/2642/969 2604/2643/970
f 2246/2640/967 2604/2643/970 3418/2632/963 2616/2631/962
f 2246/2640/967 2616/2631/962 3428/2635/964 2618/2644/971
f 2246/2640/967 2618/2644/971 3422/2645/972 2610/2641/968
f 2247/2646/973 2611/2647/974 3422/2645/972 2618/2644/971
f 2247/2646/973 2618/2644/971 3428/2635/964 2617/2637/966
f 2247/2646/973 2617/2637/966 3429/2639/955 2619/2648/954
f 2247/2646/973 2619/2648/954 3423/2649/927 2611/2647/974
f 6143/2650/975 6701/2651/941 3420/2652/941 2608/2653/975
f 6143/2650/975 2608/2653/975 3427/2654/976 6719/2655/977
f 6144/2656/978 6719/2655/977 3427/2654/976 2615/2657/979
f 6144/2656/978 2615/2657/979 3426/2658/950 6720/2659/952
f 2248/2660/980 2605/2661/940 3416/2662/939 2612/2663/981
f 2248/2660/980 2612/2663/981 3424/2664/982 2620/2665/983
f 2248/2660/980 2620/2665/983 3427/2654/976 2608/2653/975
f 2248/2660/980 2608/2653/975 3420/2652/941 2605/2661/940
f 2249/2666/984 2620/2665/983 3424/2664/982 2613/2667/985
f 2249/2666/984 2613/2667/985 3425/2668/947 2621/2669/946
f 2249/2666/984 2621/2669/946 3426/2658/950 2615/2657/979
f 2249/2666/984 2615/2657/979 3427/2654/976 2620/2665/983
f 2250/2670/986 2639/2671/987 3430/2672/988 2624/2673/989
f 2250/2670/986 2624/2673/989 3414/2674/969 2610/2675/968
f 2250/2670/986 2610/2675/968 3422/2676/972 2632/2677/990
f 2250/2670/986 2632/2677/990 3438/2678/1 2639/2671/987
f 2251/2679/991 2637/2680/925 3438/2678/1 2632/2677/990
f 2251/2679/991 2632/2677/990 3422/2676/972 2611/2681/974
f 2251/2679/991 2611/2681/974 3423/2682/927 2634/2683/926
f 2251/2679/991 2634/2683/926 3440/2684/925 2637/2680/925
f 2252/2685/992 2613/2686/985 3424/2687/982 2622/2688/993
f 2252/2685/992 2622/2688/993 3439/2689/1 2636/2690/994
f 2252/2685/992 2636/2690/994 3441/2691/995 2623/2692/996
f 2252/2685/992 2623/2692/996 3425/2693/947 2613/2686/985
f 2253/2694/997 2636/2690/994 3439/2689/1 2633/2695/1
f 2253/2694/997 2633/2695/1 3438/2678/1 2637/2680/925
f 2253/2694/997 2637/2680/925 3440/2684/925 2635/2696/997
f 2253/2694/997 2635/2696/997 3441/2691/995 2636/2690/994
f 2254/2697/998 2612/2698/981 3416/2699/939 2599/2700/938
f 2254/2697/998 2599/2700/938 3431/2701/937 2638/2702/999
f 2254/2697/998 2638/2702/999 3439/2689/1 2622/2688/993
f 2254/2697/998 2622/2688/993 3424/2687/982 2612/2698/981
f 2255/2703/1000 2638/2702/999 3431/2701/937 2625/2704/1001
f 2255/2703/1000 2625/2704/1001 3430/2672/988 2639/2671/987
f 2255/2703/1000 2639/2671/987 3438/2678/1 2633/2695/1
f 2255/2703/1000 2633/2695/1 3439/2689/1 2638/2702/999
f 6153/2705/1002 6698/2706/963 3418/2707/963 2607/2708/1002
f 6153/2705/1002 2607/2708/1002 3437/2709/943 6741/2710/943
f 6154/2711/943 6741/2710/943 3437/2709/943 2631/2712/943
f 6154/2711/943 2631/2712/943 3436/2606/943 6742/2608/943
f 2256/2713/1003 2604/2643/970 3414/2642/969 2624/2714/989
f 2256/2715/1003 2624/2716/989 3430/2717/988 2640/2718/1004
f 2256/2715/1003 2640/2718/1004 3437/2709/943 2607/2708/1002
f 2256/2715/1003 2607/2708/1002 3418/2707/963 2604/2719/970
f 2257/2720/1005 2640/2718/1004 3430/2717/988 2625/2721/1001
f 2257/2720/1005 2625/2721/1001 3431/2600/937 2641/2599/936
f 2257/2720/1005 2641/2599/936 3436/2606/943 2631/2712/943
f 2257/2720/1005 2631/2712/943 3437/2709/943 2640/2718/1004
f 6157/2722/1006 6745/2723/934 3435/2724/1007 2606/2725/1008
f 6157/2722/1006 2606/2725/1008 3419/2726/957 6699/2727/961
f 6158/2728/934 6746/2597/934 3434/2575/916 2629/2729/1007
f 6158/2728/934 2629/2729/1007 3435/2724/1007 6745/2723/934
f 2258/2730/1009 2602/2731/948 3425/2732/947 2623/2733/996
f 2258/2730/1009 2623/2733/996 3441/2734/995 2642/2735/1010
f 2258/2730/1009 2642/2735/1010 3433/2736/922 2601/2737/921
f 2258/2730/1009 2601/2737/921 3417/2738/920 2602/2731/948
f 2259/2739/1011 2642/2735/1010 3441/2734/995 2635/2740/997
f 2259/2739/1011 2635/2740/997 3440/2587/925 2643/2586/924
f 2259/2739/1011 2643/2586/924 3432/2593/931 2627/2741/1012
f 2259/2739/1011 2627/2741/1012 3433/2736/922 2642/2735/1010
f 2260/2742/1013 2600/2743/958 3419/2726/957 2606/2725/1008
f 2260/2742/1013 2606/2725/1008 3435/2724/1007 2644/2744/1014
f 2260/2742/1013 2644/2744/1014 3432/2745/931 2626/2746/930
f 2260/2742/1013 2626/2746/930 3415/2747/929 2600/2743/958
f 2261/2748/1015 2644/2744/1014 3435/2724/1007 2629/2729/1007
f 2261/2748/1015 2629/2729/1007 3434/2575/916 2645/2574/915
f 2261/2748/1015 2645/2574/915 3433/2584/922 2627/2749/1012
f 2261/2748/1015 2627/2749/1012 3432/2745/931 2644/2744/1014
f 2262/2750/1016 2693/2751/1017 3462/2752/1018 2676/2753/1019
f 2262/2750/1016 2676/2753/1019 3449/2754/1020 2651/2755/1021
f 2262/2756/1016 2651/2757/1021 3445/2758/1022 2649/2759/1023
f 2262/2750/1016 2649/2760/1023 3461/2761/1024 2693/2751/1017
f 2263/2762/1025 2691/2763/1026 3468/2764/1 2682/2765/1027
f 2263/2762/1025 2682/2765/1027 3451/2766/1028 2646/2767/1029
f 2263/2762/1025 2646/2767/1029 3443/2768/1030 2674/2769/1031
f 2263/2762/1025 2674/2769/1031 3460/2770/1032 2691/2763/1026
f 6165/2771/1019 6762/2772/1020 3449/2754/1020 2676/2753/1019
f 6165/2771/1019 2676/2753/1019 3462/2752/1018 6806/2773/1018
f 2264/2774/1033 2689/2775/1034 3459/2776/1035 2647/2777/1036
f 2264/2774/1033 2647/2777/1036 3444/2778/1037 2653/2779/1038
f 2264/2774/1033 2653/2779/1038 3448/2780/1039 2678/2781/1040
f 2264/2774/1033 2678/2781/1040 3464/2782/1041 2689/2775/1034
f 6167/2783/1042 6802/2784/1043 3464/2782/1041 2678/2781/1040
f 6167/2783/1042 2678/2781/1040 3448/2780/1039 6761/2785/1044
f 2265/2786/1045 2669/2787/1046 3453/2788/1047 2650/2789/1048
f 2265/2786/1045 2650/2789/1048 3445/2758/1022 2651/2757/1021
f 2265/2786/1045 2651/2757/1021 3449/2790/1020 2662/2791/1049
f 2265/2786/1045 2662/2791/1049 3454/2792/1050 2669/2787/1046
f 6169/2793/1049 6780/2794/1050 3454/2792/1050 2662/2791/1049
f 6169/2793/1049 2662/2791/1049 3449/2790/1020 6762/2795/1020
f 2266/2796/1051 2646/2797/1029 3451/2798/1028 2667/2799/1052
f 2266/2796/1051 2667/2799/1052 3457/2800/1053 2657/2801/1054
f 2266/2796/1051 2657/2801/1054 3447/2802/1055 2648/2803/1056
f 2266/2796/1051 2648/2803/1056 3443/2804/1030 2646/2797/1029
f 6171/2805/1054 2657/2801/1054 3457/2800/1053 6776/2806/1053
f 6171/2805/1054 6759/2807/1057 3447/2802/1055 2657/2801/1054
f 6172/2808/1058 2664/2809/1059 3446/2810/1060 6758/2811/1061
f 6172/2808/1058 6775/2812/1062 3456/2813/1063 2664/2809/1059
f 6173/2814/1064 2665/2815/1065 3456/2813/1063 6775/2812/1062
f 6173/2814/1064 6776/2806/1053 3457/2800/1053 2665/2815/1065
f 2267/2816/1066 2658/2817/1067 3442/2818/1068 2652/2819/1069
f 2267/2816/1066 2652/2819/1069 3446/2810/1060 2664/2809/1059
f 2267/2816/1066 2664/2809/1059 3456/2813/1063 2666/2820/1070
f 2267/2816/1066 2666/2820/1070 3450/2821/1071 2658/2817/1067
f 2268/2822/1072 2659/2823/1073 3450/2821/1071 2666/2820/1070
f 2268/2822/1072 2666/2820/1070 3456/2813/1063 2665/2815/1065
f 2268/2822/1072 2665/2815/1065 3457/2800/1053 2667/2799/1052
f 2268/2822/1072 2667/2799/1052 3451/2798/1028 2659/2823/1073
f 6176/2824/1074 6761/2825/1044 3448/2826/1039 2656/2827/1075
f 6176/2824/1074 2656/2827/1075 3455/2828/1076 6779/2829/1077
f 6177/2830/1078 6779/2829/1077 3455/2828/1076 2663/2831/1079
f 6177/2830/1078 2663/2831/1079 3454/2792/1050 6780/2794/1050
f 2269/2832/1080 2653/2833/1038 3444/2834/1037 2660/2835/1081
f 2269/2832/1080 2660/2835/1081 3452/2836/1082 2668/2837/1083
f 2269/2832/1080 2668/2837/1083 3455/2828/1076 2656/2827/1075
f 2269/2832/1080 2656/2827/1075 3448/2826/1039 2653/2833/1038
f 2270/2838/1084 2668/2837/1083 3452/2836/1082 2661/2839/1085
f 2270/2838/1084 2661/2839/1085 3453/2788/1047 2669/2787/1046
f 2270/2838/1084 2669/2787/1046 3454/2792/1050 2663/2831/1079
f 2270/2838/1084 2663/2831/1079 3455/2828/1076 2668/2837/1083
f 2271/2840/1086 2687/2841/1087 3458/2842/1088 2672/2843/1089
f 2271/2840/1086 2672/2843/1089 3442/2844/1068 2658/2845/1067
f 2271/2840/1086 2658/2845/1067 3450/2846/1071 2680/2847/1090
f 2271/2840/1086 2680/2847/1090 3466/2848/1091 2687/2841/1087
f 2272/2849/1092 2685/2850/1093 3466/2848/1091 2680/2847/1090
f 2272/2849/1092 2680/2847/1090 3450/2846/1071 2659/2851/1073
f 2272/2849/1092 2659/2851/1073 3451/2766/1028 2682/2765/1027
f 2272/2849/1092 2682/2765/1027 3468/2764/1 2685/2850/1093
f 2273/2852/1094 2661/2853/1085 3452/2854/1082 2670/2855/1095
f 2273/2852/1094 2670/2855/1095 3467/2856/1096 2684/2857/1097
f 2273/2852/1094 2684/2857/1097 3469/2858/1 2671/2859/1098
f 2273/2852/1094 2671/2859/1098 3453/2860/1047 2661/2853/1085
f 2274/2861/1099 2684/2857/1097 3467/2856/1096 2681/2862/1099
f 2274/2861/1099 2681/2862/1099 3466/2848/1091 2685/2850/1093
f 2274/2861/1099 2685/2850/1093 3468/2764/1 2683/2863/1
f 2274/2861/1099 2683/2863/1 3469/2858/1 2684/2857/1097
f 2275/2864/1100 2660/2865/1081 3444/2866/1037 2647/2867/1036
f 2275/2864/1100 2647/2867/1036 3459/2868/1035 2686/2869/1101
f 2275/2864/1100 2686/2869/1101 3467/2856/1096 2670/2855/1095
f 2275/2864/1100 2670/2855/1095 3452/2854/1082 2660/2865/1081
f 2276/2870/1102 2686/2869/1101 3459/2868/1035 2673/2871/1103
f 2276/2870/1102 2673/2871/1103 3458/2842/1088 2687/2841/1087
f 2276/2870/1102 2687/2841/1087 3466/2848/1091 2681/2862/1099
f 2276/2870/1102 2681/2862/1099 3467/2856/1096 2686/2869/1101
f 6186/2872/1104 6758/2873/1061 3446/2874/1060 2655/2875/1105
f 6186/2872/1104 2655/2875/1105 3465/2876/1041 6801/2877/1043
f 6187/2878/1043 6801/2877/1043 3465/2876/1041 2679/2879/1041
f 6187/2878/1043 2679/2879/1041 3464/2782/1041 6802/2784/1043
f 2277/2880/1106 2652/2819/1069 3442/2818/1068 2672/2881/1089
f 2277/2882/1106 2672/2883/1089 3458/2884/1088 2688/2885/1107
f 2277/2882/1106 2688/2885/1107 3465/2876/1041 2655/2875/1105
f 2277/2882/1106 2655/2875/1105 3446/2874/1060 2652/2886/1069
f 2278/2887/1108 2688/2885/1107 3458/2884/1088 2673/2888/1103
f 2278/2887/1108 2673/2888/1103 3459/2776/1035 2689/2775/1034
f 2278/2887/1108 2689/2775/1034 3464/2782/1041 2679/2879/1041
f 2278/2887/1108 2679/2879/1041 3465/2876/1041 2688/2885/1107
f 6190/2889/1109 6805/2890/1018 3463/2891/1018 2654/2892/1109
f 6190/2889/1109 2654/2892/1109 3447/2893/1055 6759/2894/1057
f 6191/2895/1018 6806/2773/1018 3462/2752/1018 2677/2896/1018
f 6191/2895/1018 2677/2896/1018 3463/2891/1018 6805/2890/1018
f 2279/2897/1110 2650/2898/1048 3453/2860/1047 2671/2859/1098
f 2279/2897/1110 2671/2859/1098 3469/2858/1 2690/2899/1111
f 2279/2897/1110 2690/2899/1111 3461/2900/1024 2649/2901/1023
f 2279/2897/1110 2649/2901/1023 3445/2902/1022 2650/2898/1048
f 2280/2903/1112 2690/2899/1111 3469/2858/1 2683/2863/1
f 2280/2903/1112 2683/2863/1 3468/2764/1 2691/2763/1026
f 2280/2903/1112 2691/2763/1026 3460/2770/1032 2675/2904/1113
f 2280/2903/1112 2675/2904/1113 3461/2900/1024 2690/2899/1111
f 2281/2905/1114 2648/2906/1056 3447/2893/1055 2654/2892/1109
f 2281/2905/1114 2654/2892/1109 3463/2891/1018 2692/2907/1115
f 2281/2905/1114 2692/2907/1115 3460/2908/1032 2674/2909/1031
f 2281/2905/1114 2674/2909/1031 3443/2910/1030 2648/2906/1056
f 2282/2911/1116 2692/2907/1115 3463/2891/1018 2677/2896/1018
f 2282/2911/1116 2677/2896/1018 3462/2752/1018 2693/2751/1017
f 2282/2911/1116 2693/2751/1017 3461/2761/1024 2675/2912/1113
f 2282/2911/1116 2675/2912/1113 3460/2908/1032 2692/2907/1115
f 2283/2913/1117 2741/2914/1118 3490/2915/1119 2724/2916/1120
f 2283/2913/1117 2724/2916/1120 3477/2917/1121 2699/2918/1122
f 2283/2919/1117 2699/2920/1122 3473/2921/1123 2697/2922/1124
f 2283/2913/1117 2697/2923/1124 3489/2924/1125 2741/2914/1118
f 2284/2925/1126 2739/2926/1127 3496/2927/1128 2730/2928/1129
f 2284/2925/1126 2730/2928/1129 3479/2929/1130 2694/2930/1131
f 2284/2925/1126 2694/2930/1131 3471/2931/1132 2722/2932/1133
f 2284/2925/1126 2722/2932/1133 3488/2933/1134 2739/2926/1127
f 6198/2934/1135 6822/2935/1136 3477/2917/1121 2724/2916/1120
f 6198/2934/1135 2724/2916/1120 3490/2915/1119 6866/2936/1137
f 2285/2937/1138 2737/2938/1139 3487/2939/1140 2695/2940/1141
f 2285/2937/1138 2695/2940/1141 3472/2941/1142 2701/2942/1143
f 2285/2937/1138 2701/2942/1143 3476/2943/1144 2726/2944/1145
f 2285/2937/1138 2726/2944/1145 3492/2945/1146 2737/2938/1139
f 6200/2946/1145 6862/2947/1146 3492/2945/1146 2726/2944/1145
f 6200/2946/1145 2726/2944/1145 3476/2943/1144 6821/2948/1144
f 2286/2949/1147 2717/2950/1148 3481/2951/1149 2698/2952/1150
f 2286/2949/1147 2698/2952/1150 3473/2921/1123 2699/2920/1122
f 2286/2949/1147 2699/2920/1122 3477/2953/1121 2710/2954/1151
f 2286/2949/1147 2710/2954/1151 3482/2955/1152 2717/2950/1148
f 6202/2956/1153 6840/2957/1154 3482/2955/1152 2710/2954/1151
f 6202/2956/1153 2710/2954/1151 3477/2953/1121 6822/2958/1136
f 2287/2959/1155 2694/2960/1131 3479/2961/1130 2715/2962/1156
f 2287/2959/1155 2715/2962/1156 3485/2963/1157 2705/2964/1158
f 2287/2959/1155 2705/2964/1158 3475/2965/1159 2696/2966/1160
f 2287/2959/1155 2696/2966/1160 3471/2967/1132 2694/2960/1131
f 6204/2968/1161 2705/2964/1158 3485/2963/1157 6836/2969/1162
f 6204/2968/1161 6819/2970/1163 3475/2965/1159 2705/2964/1158
f 6205/2971/1164 2712/2972/1164 3474/2973/1165 6818/2974/1165
f 6205/2971/1164 6835/2975/1166 3484/2976/1166 2712/2972/1164
f 6206/2977/1167 2713/2978/1168 3484/2976/1166 6835/2975/1166
f 6206/2977/1167 6836/2969/1162 3485/2963/1157 2713/2978/1168
f 2288/2979/1169 2706/2980/1170 3470/2981/1171 2700/2982/1172
f 2288/2979/1169 2700/2982/1172 3474/2973/1165 2712/2972/1164
f 2288/2979/1169 2712/2972/1164 3484/2976/1166 2714/2983/1173
f 2288/2979/1169 2714/2983/1173 3478/2984/1174 2706/2980/1170
f 2289/2985/1175 2707/2986/1176 3478/2984/1174 2714/2983/1173
f 2289/2985/1175 2714/2983/1173 3484/2976/1166 2713/2978/1168
f 2289/2985/1175 2713/2978/1168 3485/2963/1157 2715/2962/1156
f 2289/2985/1175 2715/2962/1156 3479/2961/1130 2707/2986/1176
f 6209/2987/1177 6821/2988/1144 3476/2989/1144 2704/2990/1177
f 6209/2987/1177 2704/2990/1177 3483/2991/1178 6839/2992/1178
f 6210/2993/1179 6839/2992/1178 3483/2991/1178 2711/2994/1180
f 6210/2993/1179 2711/2994/1180 3482/2955/1152 6840/2957/1154
f 2290/2995/1181 2701/2996/1143 3472/2997/1142 2708/2998/1182
f 2290/2995/1181 2708/2998/1182 3480/2999/1183 2716/3000/1184
f 2290/2995/1181 2716/3000/1184 3483/2991/1178 2704/2990/1177
f 2290/2995/1181 2704/2990/1177 3476/2989/1144 2701/2996/1143
f 2291/3001/1185 2716/3000/1184 3480/2999/1183 2709/3002/1186
f 2291/3001/1185 2709/3002/1186 3481/2951/1149 2717/2950/1148
f 2291/3001/1185 2717/2950/1148 3482/2955/1152 2711/2994/1180
f 2291/3001/1185 2711/2994/1180 3483/2991/1178 2716/3000/1184
f 2292/3003/1187 2735/3004/1188 3486/3005/1189 2720/3006/1190
f 2292/3003/1187 2720/3006/1190 3470/3007/1171 2706/3008/1170
f 2292/3003/1187 2706/3008/1170 3478/3009/1174 2728/3010/1191
f 2292/3003/1187 2728/3010/1191 3494/3011/1 2735/3004/1188
f 2293/3012/1192 2733/3013/1128 3494/3011/1 2728/3010/1191
f 2293/3012/1192 2728/3010/1191 3478/3009/1174 2707/3014/1176
f 2293/3012/1192 2707/3014/1176 3479/2929/1130 2730/2928/1129
f 2293/3012/1192 2730/2928/1129 3496/2927/1128 2733/3013/1128
f 2294/3015/1193 2709/3016/1186 3480/3017/1183 2718/3018/1194
f 2294/3015/1193 2718/3018/1194 3495/3019/1 2732/3020/1195
f 2294/3015/1193 2732/3020/1195 3497/3021/1196 2719/3022/1197
f 2294/3015/1193 2719/3022/1197 3481/3023/1149 2709/3016/1186
f 2295/3024/1198 2732/3020/1195 3495/3019/1 2729/3025/1
f 2295/3024/1198 2729/3025/1 3494/3011/1 2733/3013/1128
f 2295/3024/1198 2733/3013/1128 3496/2927/1128 2731/3026/1199
f 2295/3024/1198 2731/3026/1199 3497/3021/1196 2732/3020/1195
f 2296/3027/1200 2708/3028/1182 3472/3029/1142 2695/3030/1141
f 2296/3027/1200 2695/3030/1141 3487/3031/1140 2734/3032/1201
f 2296/3027/1200 2734/3032/1201 3495/3019/1 2718/3018/1194
f 2296/3027/1200 2718/3018/1194 3480/3017/1183 2708/3028/1182
f 2297/3033/1202 2734/3032/1201 3487/3031/1140 2721/3034/1203
f 2297/3033/1202 2721/3034/1203 3486/3005/1189 2735/3004/1188
f 2297/3033/1202 2735/3004/1188 3494/3011/1 2729/3025/1
f 2297/3033/1202 2729/3025/1 3495/3019/1 2734/3032/1201
f 6219/3035/1204 6818/3036/1165 3474/3037/1165 2703/3038/1204
f 6219/3035/1204 2703/3038/1204 3493/3039/1146 6861/3040/1146
f 6220/3041/1205 6861/3040/1146 3493/3039/1146 2727/3042/1205
f 6220/3041/1205 2727/3042/1205 3492/2945/1146 6862/2947/1146
f 2298/3043/1206 2700/3044/1172 3470/3045/1171 2720/3046/1190
f 2298/3043/1206 2720/3046/1190 3486/3047/1189 2736/3048/1207
f 2298/3043/1206 2736/3048/1207 3493/3039/1146 2703/3038/1204
f 2298/3043/1206 2703/3038/1204 3474/3037/1165 2700/3044/1172
f 2299/3049/1208 2736/3048/1207 3486/3047/1189 2721/3050/1203
f 2299/3049/1208 2721/3050/1203 3487/2939/1140 2737/2938/1139
f 2299/3049/1208 2737/2938/1139 3492/2945/1146 2727/3042/1205
f 2299/3049/1208 2727/3042/1205 3493/3039/1146 2736/3048/1207
f 6223/3051/1209 6865/3052/1137 3491/3053/1119 2702/3054/1210
f 6223/3051/1209 2702/3054/1210 3475/3055/1159 6819/3056/1163
f 6224/3057/1137 6866/2936/1137 3490/2915/1119 2725/3058/1119
f 6224/3057/1137 2725/3058/1119 3491/3053/1119 6865/3052/1137
f 2300/3059/1211 2698/3060/1150 3481/3023/1149 2719/3022/1197
f 2300/3059/1211 2719/3022/1197 3497/3021/1196 2738/3061/1212
f 2300/3059/1211 2738/3061/1212 3489/3062/1125 2697/3063/1124
f 2300/3059/1211 2697/3063/1124 3473/3064/1123 2698/3060/1150
f 2301/3065/1213 2738/3061/1212 3497/3021/1196 2731/3026/1199
f 2301/3065/1213 2731/3026/1199 3496/2927/1128 2739/2926/1127
f 2301/3065/1213 2739/2926/1127 3488/2933/1134 2723/3066/1214
f 2301/3065/1213 2723/3066/1214 3489/3062/1125 2738/3061/1212
f 2302/3067/1215 2696/3068/1160 3475/3055/1159 2702/3054/1210
f 2302/3067/1215 2702/3054/1210 3491/3053/1119 2740/3069/1216
f 2302/3067/1215 2740/3069/1216 3488/3070/1134 2722/3071/1133
f 2302/3067/1215 2722/3071/1133 3471/3072/1132 2696/3068/1160
f 2303/3073/1217 2740/3069/1216 3491/3053/1119 2725/3058/1119
f 2303/3073/1217 2725/3058/1119 3490/2915/1119 2741/2914/1118
f 2303/3073/1217 2741/2914/1118 3489/2924/1125 2723/3074/1214
f 2303/3073/1217 2723/3074/1214 3488/3070/1134 2740/3069/1216
f 2304/3075/1218 2789/3076/1219 3518/3077/1220 2772/3078/1221
f 2304/3075/1218 2772/3078/1221 3505/3079/1222 2747/3080/1223
f 2304/3075/1218 2747/3080/1223 3501/3081/1224 2745/3082/1225
f 2304/3075/1218 2745/3082/1225 3517/3083/1226 2789/3076/1219
f 2305/3084/1227 2787/3085/1228 3524/3086/1229 2778/3087/1230
f 2305/3084/1227 2778/3087/1230 3507/3088/1231 2742/3089/1232
f 2305/3084/1227 2742/3089/1232 3499/3090/1233 2770/3091/1234
f 2305/3084/1227 2770/3091/1234 3516/3092/1235 2787/3085/1228
f 6231/3093/1221 6882/3094/1222 3505/3079/1222 2772/3078/1221
f 6231/3093/1221 2772/3078/1221 3518/3077/1220 6926/3095/1220
f 2306/3096/1236 2785/3097/1237 3515/3098/1238 2743/3099/1239
f 2306/3096/1236 2743/3099/1239 3500/3100/1240 2749/3101/1241
f 2306/3096/1236 2749/3101/1241 3504/3102/1242 2774/3103/1243
f 2306/3096/1236 2774/3103/1243 3520/3104/1244 2785/3097/1237
f 6233/3105/1243 6922/3106/1244 3520/3104/1244 2774/3103/1243
f 6233/3105/1243 2774/3103/1243 3504/3102/1242 6881/3107/1245
f 2307/3108/1246 2765/3109/1247 3509/3110/1248 2746/3111/1249
f 2307/3108/1246 2746/3111/1249 3501/3112/1224 2747/3113/1223
f 2307/3108/1246 2747/3113/1223 3505/3114/1222 2758/3115/1250
f 2307/3108/1246 2758/3115/1250 3510/3116/1251 2765/3109/1247
f 6235/3117/1252 6900/3118/1253 3510/3116/1251 2758/3115/1250
f 6235/3117/1252 2758/3115/1250 3505/3114/1222 6882/3119/1222
f 2308/3120/1254 2742/3121/1232 3507/3122/1231 2763/3123/1255
f 2308/3120/1254 2763/3123/1255 3513/3124/1256 2753/3125/1257
f 2308/3120/1254 2753/3125/1257 3503/3126/1258 2744/3127/1259
f 2308/3120/1254 2744/3127/1259 3499/3128/1233 2742/3121/1232
f 6237/3129/1257 2753/3125/1257 3513/3124/1256 6896/3130/1256
f 6237/3129/1257 6879/3131/1260 3503/3126/1258 2753/3125/1257
f 6238/3132/1261 2760/3133/1261 3502/3134/1262 6878/3135/1262
f 6238/3132/1261 6895/3136/1263 3512/3137/1263 2760/3133/1261
f 6239/3138/1264 2761/3139/1264 3512/3140/1263 6895/3141/1263
f 6239/3138/1264 6896/3130/1256 3513/3124/1256 2761/3139/1264
f 2309/3142/1265 2754/3143/1266 3498/3144/1267 2748/3145/1268
f 2309/3142/1265 2748/3145/1268 3502/3134/1262 2760/3133/1261
f 2309/3142/1265 2760/3133/1261 3512/3137/1263 2762/3146/1269
f 2309/3142/1265 2762/3146/1269 3506/3147/1270 2754/3143/1266
f 2310/3148/1271 2755/3149/1272 3506/3150/1270 2762/3151/1269
f 2310/3148/1271 2762/3151/1269 3512/3140/1263 2761/3139/1264
f 2310/3148/1271 2761/3139/1264 3513/3124/1256 2763/3123/1255
f 2310/3148/1271 2763/3123/1255 3507/3122/1231 2755/3149/1272
f 6242/3152/1273 6881/3153/1245 3504/3154/1242 2752/3155/1274
f 6242/3152/1273 2752/3155/1274 3511/3156/1275 6899/3157/1276
f 6243/3158/1277 6899/3159/1276 3511/3160/1275 2759/3161/1278
f 6243/3158/1277 2759/3161/1278 3510/3116/1251 6900/3118/1253
f 2311/3162/1279 2749/3163/1241 3500/3164/1240 2756/3165/1280
f 2311/3162/1279 2756/3165/1280 3508/3166/1281 2764/3167/1282
f 2311/3162/1279 2764/3167/1282 3511/3156/1275 2752/3155/1274
f 2311/3162/1279 2752/3155/1274 3504/3154/1242 2749/3163/1241
f 2312/3168/1283 2764/3169/1282 3508/3170/1281 2757/3171/1284
f 2312/3168/1283 2757/3171/1284 3509/3110/1248 2765/3109/1247
f 2312/3168/1283 2765/3109/1247 3510/3116/1251 2759/3161/1278
f 2312/3168/1283 2759/3161/1278 3511/3160/1275 2764/3169/1282
f 2313/3172/1285 2783/3173/1286 3514/3174/1287 2768/3175/1288
f 2313/3172/1285 2768/3175/1288 3498/3176/1267 2754/3177/1266
f 2313/3172/1285 2754/3177/1266 3506/3178/1270 2776/3179/1289
f 2313/3172/1285 2776/3179/1289 3522/3180/1290 2783/3173/1286
f 2314/3181/1291 2781/3182/1292 3522/3183/1290 2776/3184/1289
f 2314/3181/1291 2776/3184/1289 3506/3185/1270 2755/3186/1272
f 2314/3181/1291 2755/3186/1272 3507/3088/1231 2778/3087/1230
f 2314/3181/1291 2778/3087/1230 3524/3086/1229 2781/3182/1292
f 2315/3187/1293 2757/3188/1284 3508/3189/1281 2766/3190/1294
f 2315/3187/1293 2766/3190/1294 3523/3191/1295 2780/3192/1292
f 2315/3187/1293 2780/3192/1292 3525/3193/1296 2767/3194/1297
f 2315/3187/1293 2767/3194/1297 3509/3195/1248 2757/3188/1284
f 2316/3196/1292 2780/3192/1292 3523/3191/1295 2777/3197/1298
f 2316/3196/1292 2777/3197/1298 3522/3183/1290 2781/3182/1292
f 2316/3196/1292 2781/3182/1292 3524/3086/1229 2779/3198/1299
f 2316/3196/1292 2779/3198/1299 3525/3193/1296 2780/3192/1292
f 2317/3199/1300 2756/3200/1280 3500/3201/1240 2743/3202/1239
f 2317/3199/1300 2743/3202/1239 3515/3203/1238 2782/3204/1301
f 2317/3199/1300 2782/3204/1301 3523/3205/1295 2766/3206/1294
f 2317/3199/1300 2766/3206/1294 3508/3207/1281 2756/3200/1280
f 2318/3208/1302 2782/3204/1301 3515/3203/1238 2769/3209/1303
f 2318/3208/1302 2769/3209/1303 3514/3174/1287 2783/3173/1286
f 2318/3208/1302 2783/3173/1286 3522/3180/1290 2777/3210/1298
f 2318/3208/1302 2777/3210/1298 3523/3205/1295 2782/3204/1301
f 6252/3211/1304 6878/3212/1262 3502/3213/1262 2751/3214/1304
f 6252/3211/1304 2751/3214/1304 3521/3215/1244 6921/3216/1244
f 6253/3217/1244 6921/3216/1244 3521/3215/1244 2775/3218/1244
f 6253/3217/1244 2775/3218/1244 3520/3104/1244 6922/3106/1244
f 2319/3219/1305 2748/3220/1268 3498/3221/1267 2768/3222/1288
f 2319/3219/1305 2768/3222/1288 3514/3223/1287 2784/3224/1306
f 2319/3219/1305 2784/3224/1306 3521/3215/1244 2751/3214/1304
f 2319/3219/1305 2751/3214/1304 3502/3213/1262 2748/3220/1268
f 2320/3225/1307 2784/3224/1306 3514/3223/1287 2769/3226/1303
f 2320/3225/1307 2769/3226/1303 3515/3098/1238 2785/3097/1237
f 2320/3225/1307 2785/3097/1237 3520/3104/1244 2775/3218/1244
f 2320/3225/1307 2775/3218/1244 3521/3215/1244 2784/3224/1306
f 6256/3227/1308 6925/3228/1220 3519/3229/1220 2750/3230/1308
f 6256/3227/1308 2750/3230/1308 3503/3231/1258 6879/3232/1260
f 6257/3233/1220 6926/3095/1220 3518/3077/1220 2773/3234/1220
f 6257/3233/1220 2773/3234/1220 3519/3229/1220 6925/3228/1220
f 2321/3235/1309 2746/3236/1249 3509/3195/1248 2767/3194/1297
f 2321/3235/1309 2767/3194/1297 3525/3193/1296 2786/3237/1310
f 2321/3235/1309 2786/3237/1310 3517/3238/1226 2745/3239/1225
f 2321/3235/1309 2745/3239/1225 3501/3240/1224 2746/3236/1249
f 2322/3241/1311 2786/3237/1310 3525/3193/1296 2779/3198/1299
f 2322/3241/1311 2779/3198/1299 3524/3086/1229 2787/3085/1228
f 2322/3241/1311 2787/3085/1228 3516/3092/1235 2771/3242/1312
f 2322/3241/1311 2771/3242/1312 3517/3238/1226 2786/3237/1310
f 2323/3243/1313 2744/3244/1259 3503/3231/1258 2750/3230/1308
f 2323/3243/1313 2750/3230/1308 3519/3229/1220 2788/3245/1314
f 2323/3243/1313 2788/3245/1314 3516/3246/1235 2770/3247/1234
f 2323/3243/1313 2770/3247/1234 3499/3248/1233 2744/3244/1259
f 2324/3249/1315 2788/3245/1314 3519/3229/1220 2773/3234/1220
f 2324/3249/1315 2773/3234/1220 3518/3077/1220 2789/3076/1219
f 2324/3249/1315 2789/3076/1219 3517/3083/1226 2771/3250/1312
f 2324/3249/1315 2771/3250/1312 3516/3246/1235 2788/3245/1314
f 2325/3251/1316 2837/3252/1317 3546/3253/1318 2820/3254/1319
f 2325/3251/1316 2820/3254/1319 3533/3255/1320 2795/3256/1321
f 2325/3251/1316 2795/3256/1321 3529/3257/1322 2793/3258/1323
f 2325/3251/1316 2793/3258/1323 3545/3259/1324 2837/3252/1317
f 2326/3260/1325 2835/3261/1326 3552/3262/1 2826/3263/1327
f 2326/3260/1325 2826/3263/1327 3535/3264/1328 2790/3265/1329
f 2326/3260/1325 2790/3265/1329 3527/3266/1330 2818/3267/1331
f 2326/3260/1325 2818/3267/1331 3544/3268/1332 2835/3261/1326
f 6264/3269/1319 6942/3270/1320 3533/3255/1320 2820/3254/1319
f 6264/3269/1319 2820/3254/1319 3546/3253/1318 6986/3271/1318
f 2327/3272/1333 2833/3273/1334 3543/3274/1335 2791/3275/1336
f 2327/3272/1333 2791/3275/1336 3528/3276/1337 2797/3277/1338
f 2327/3272/1333 2797/3277/1338 3532/3278/1339 2822/3279/1340
f 2327/3272/1333 2822/3279/1340 3548/3280/1341 2833/3273/1334
f 6266/3281/1340 6982/3282/1342 3548/3280/1341 2822/3279/1340
f 6266/3281/1340 2822/3279/1340 3532/3278/1339 6941/3283/1343
f 2328/3284/1344 2813/3285/1345 3537/3286/1346 2794/3287/1347
f 2328/3284/1344 2794/3287/1347 3529/3288/1322 2795/3289/1321
f 2328/3284/1344 2795/3289/1321 3533/3290/1320 2806/3291/1348
f 2328/3284/1344 2806/3291/1348 3538/3292/1349 2813/3285/1345
f 6268/3293/1348 6960/3294/1350 3538/3292/1349 2806/3291/1348
f 6268/3293/1348 2806/3291/1348 3533/3290/1320 6942/3295/1320
f 2329/3296/1351 2790/3297/1329 3535/3298/1328 2811/3299/1352
f 2329/3296/1351 2811/3299/1352 3541/3300/1353 2801/3301/1354
f 2329/3296/1351 2801/3301/1354 3531/3302/1355 2792/3303/1356
f 2329/3296/1351 2792/3303/1356 3527/3304/1330 2790/3297/1329
f 6270/3305/1354 2801/3301/1354 3541/3300/1353 6956/3306/1353
f 6270/3305/1354 6939/3307/1355 3531/3302/1355 2801/3301/1354
f 6271/3308/1357 2808/3309/1357 3530/3310/1358 6938/3311/1358
f 6271/3308/1357 6955/3312/1359 3540/3313/1359 2808/3309/1357
f 6272/3314/1360 2809/3315/1360 3540/3313/1359 6955/3312/1359
f 6272/3314/1360 6956/3306/1353 3541/3300/1353 2809/3315/1360
f 2330/3316/1361 2802/3317/1362 3526/3318/1363 2796/3319/1364
f 2330/3316/1361 2796/3319/1364 3530/3310/1358 2808/3309/1357
f 2330/3316/1361 2808/3309/1357 3540/3313/1359 2810/3320/1365
f 2330/3316/1361 2810/3320/1365 3534/3321/1366 2802/3317/1362
f 2331/3322/1367 2803/3323/1368 3534/3321/1366 2810/3320/1365
f 2331/3322/1367 2810/3320/1365 3540/3313/1359 2809/3315/1360
f 2331/3322/1367 2809/3315/1360 3541/3300/1353 2811/3299/1352
f 2331/3322/1367 2811/3299/1352 3535/3298/1328 2803/3323/1368
f 6275/3324/1369 6941/3325/1343 3532/3326/1339 2800/3327/1369
f 6275/3324/1369 2800/3327/1369 3539/3328/1370 6959/3329/1371
f 6276/3330/1372 6959/3329/1371 3539/3328/1370 2807/3331/1373
f 6276/3330/1372 2807/3331/1373 3538/3292/1349 6960/3294/1350
f 2332/3332/1374 2797/3333/1338 3528/3334/1337 2804/3335/1375
f 2332/3332/1374 2804/3335/1375 3536/3336/1376 2812/3337/1377
f 2332/3332/1374 2812/3337/1377 3539/3328/1370 2800/3327/1369
f 2332/3332/1374 2800/3327/1369 3532/3326/1339 2797/3333/1338
f 2333/3338/1378 2812/3337/1377 3536/3336/1376 2805/3339/1379
f 2333/3338/1378 2805/3339/1379 3537/3286/1346 2813/3285/1345
f 2333/3338/1378 2813/3285/1345 3538/3292/1349 2807/3331/1373
f 2333/3338/1378 2807/3331/1373 3539/3328/1370 2812/3337/1377
f 2334/3340/1380 2831/3341/1381 3542/3342/1382 2816/3343/1383
f 2334/3340/1380 2816/3343/1383 3526/3344/1363 2802/3345/1362
f 2334/3340/1380 2802/3345/1362 3534/3346/1366 2824/3347/1384
f 2334/3340/1380 2824/3347/1384 3550/3348/1385 2831/3341/1381
f 2335/3349/1386 2829/3350/1385 3550/3348/1385 2824/3347/1384
f 2335/3349/1386 2824/3347/1384 3534/3346/1366 2803/3351/1368
f 2335/3349/1386 2803/3351/1368 3535/3264/1328 2826/3263/1327
f 2335/3349/1386 2826/3263/1327 3552/3262/1 2829/3350/1385
f 2336/3352/1387 2805/3353/1379 3536/3354/1376 2814/3355/1388
f 2336/3352/1387 2814/3355/1388 3551/3356/1389 2828/3357/1389
f 2336/3352/1387 2828/3357/1389 3553/3358/1 2815/3359/1390
f 2336/3352/1387 2815/3359/1390 3537/3360/1346 2805/3353/1379
f 2337/3361/1391 2828/3357/1389 3551/3356/1389 2825/3362/1391
f 2337/3361/1391 2825/3362/1391 3550/3348/1385 2829/3350/1385
f 2337/3361/1391 2829/3350/1385 3552/3262/1 2827/3363/1
f 2337/3361/1391 2827/3363/1 3553/3358/1 2828/3357/1389
f 2338/3364/1392 2804/3365/1375 3528/3366/1337 2791/3367/1336
f 2338/3364/1392 2791/3367/1336 3543/3368/1335 2830/3369/1393
f 2338/3364/1392 2830/3369/1393 3551/3356/1389 2814/3355/1388
f 2338/3364/1392 2814/3355/1388 3536/3354/1376 2804/3365/1375
f 2339/3370/1394 2830/3369/1393 3543/3368/1335 2817/3371/1395
f 2339/3370/1394 2817/3371/1395 3542/3342/1382 2831/3341/1381
f 2339/3370/1394 2831/3341/1381 3550/3348/1385 2825/3362/1391
f 2339/3370/1394 2825/3362/1391 3551/3356/1389 2830/3369/1393
f 6285/3372/1396 6938/3373/1358 3530/3374/1358 2799/3375/1396
f 6285/3372/1396 2799/3375/1396 3549/3376/1397 6981/3377/1397
f 6286/3378/1341 6981/3377/1397 3549/3376/1397 2823/3379/1341
f 6286/3378/1341 2823/3379/1341 3548/3280/1341 6982/3282/1342
f 2340/3380/1398 2796/3381/1364 3526/3382/1363 2816/3383/1383
f 2340/3380/1398 2816/3383/1383 3542/3384/1382 2832/3385/1399
f 2340/3380/1398 2832/3385/1399 3549/3376/1397 2799/3375/1396
f 2340/3380/1398 2799/3375/1396 3530/3374/1358 2796/3381/1364
f 2341/3386/1400 2832/3385/1399 3542/3384/1382 2817/3387/1395
f 2341/3386/1400 2817/3387/1395 3543/3274/1335 2833/3273/1334
f 2341/3386/1400 2833/3273/1334 3548/3280/1341 2823/3379/1341
f 2341/3386/1400 2823/3379/1341 3549/3376/1397 2832/3385/1399
f 6289/3388/1401 6985/3389/1318 3547/3390/1318 2798/3391/1401
f 6289/3388/1401 2798/3391/1401 3531/3392/1355 6939/3393/1355
f 6290/3394/1318 6986/3271/1318 3546/3253/1318 2821/3395/1318
f 6290/3394/1318 2821/3395/1318 3547/3390/1318 6985/3389/1318
f 2342/3396/1402 2794/3397/1347 3537/3360/1346 2815/3359/1390
f 2342/3396/1402 2815/3359/1390 3553/3358/1 2834/3398/1403
f 2342/3396/1402 2834/3398/1403 3545/3399/1324 2793/3400/1323
f 2342/3396/1402 2793/3400/1323 3529/3401/1322 2794/3397/1347
f 2343/3402/1404 2834/3398/1403 3553/3358/1 2827/3363/1
f 2343/3402/1404 2827/3363/1 3552/3262/1 2835/3261/1326
f 2343/3402/1404 2835/3261/1326 3544/3268/1332 2819/3403/1405
f 2343/3402/1404 2819/3403/1405 3545/3399/1324 2834/3398/1403
f 2344/3404/1406 2792/3405/1356 3531/3392/1355 2798/3391/1401
f 2344/3404/1406 2798/3391/1401 3547/3390/1318 2836/3406/1407
f 2344/3404/1406 2836/3406/1407 3544/3407/1332 2818/3408/1331
f 2344/3404/1406 2818/3408/1331 3527/3409/1330 2792/3405/1356
f 2345/3410/1408 2836/3406/1407 3547/3390/1318 2821/3395/1318
f 2345/3410/1408 2821/3395/1318 3546/3253/1318 2837/3252/1317
f 2345/3410/1408 2837/3252/1317 3545/3259/1324 2819/3411/1405
f 2345/3410/1408 2819/3411/1405 3544/3407/1332 2836/3406/1407
f 2346/3412/1409 2885/3413/1410 3574/3414/1411 2868/3415/1412
f 2346/3412/1409 2868/3415/1412 3561/3416/1413 2843/3417/1414
f 2346/3412/1409 2843/3417/1414 3557/3418/1415 2841/3419/1416
f 2346/3412/1409 2841/3419/1416 3573/3420/1417 2885/3413/1410
f 2347/3421/1418 2883/3422/1419 3580/3423/1420 2874/3424/1421
f 2347/3421/1418 2874/3424/1421 3563/3425/1422 2838/3426/1423
f 2347/3421/1418 2838/3426/1423 3555/3427/1424 2866/3428/1425
f 2347/3421/1418 2866/3428/1425 3572/3429/1426 2883/3422/1419
f 6297/3430/1412 7002/3431/1413 3561/3416/1413 2868/3415/1412
f 6297/3430/1412 2868/3415/1412 3574/3414/1411 7046/3432/1411
f 2348/3433/1427 2881/3434/1428 3571/3435/1429 2839/3436/1430
f 2348/3433/1427 2839/3436/1430 3556/3437/1431 2845/3438/1432
f 2348/3433/1427 2845/3438/1432 3560/3439/1433 2870/3440/1434
f 2348/3433/1427 2870/3440/1434 3576/3441/1435 2881/3434/1428
f 6299/3442/1434 7042/3443/1435 3576/3441/1435 2870/3440/1434
f 6299/3442/1434 2870/3440/1434 3560/3439/1433 7001/3444/1433
f 2349/3445/1436 2861/3446/1437 3565/3447/1438 2842/3448/1439
f 2349/3445/1436 2842/3448/1439 3557/3449/1415 2843/3450/1414
f 2349/3445/1436 2843/3450/1414 3561/3451/1413 2854/3452/1440
f 2349/3445/1436 2854/3452/1440 3566/3453/1441 2861/3446/1437
f 6301/3454/1440 7020/3455/1441 3566/3453/1441 2854/3452/1440
f 6301/3454/1440 2854/3452/1440 3561/3451/1413 7002/3456/1413
f 2350/3457/1442 2838/3458/1423 3563/3459/1422 2859/3460/1443
f 2350/3457/1442 2859/3460/1443 3569/3461/1444 2849/3462/1445
f 2350/3457/1442 2849/3462/1445 3559/3463/1446 2840/3464/1447
f 2350/3457/1442 2840/3464/1447 3555/3465/1424 2838/3458/1423
f 6303/3466/1445 2849/3462/1445 3569/3461/1444 7016/3467/1448
f 6303/3466/1445 6999/3468/1449 3559/3463/1446 2849/3462/1445
f 6304/3469/1450 2856/3470/1450 3558/3471/1451 6998/3472/1451
f 6304/3469/1450 7015/3473/1452 3568/3474/1452 2856/3470/1450
f 6305/3475/1453 2857/3476/1453 3568/3474/1452 7015/3473/1452
f 6305/3475/1453 7016/3467/1448 3569/3461/1444 2857/3476/1453
f 2351/3477/1454 2850/3478/1455 3554/3479/1456 2844/3480/1457
f 2351/3477/1454 2844/3480/1457 3558/3471/1451 2856/3470/1450
f 2351/3477/1454 2856/3470/1450 3568/3474/1452 2858/3481/1458
f 2351/3477/1454 2858/3481/1458 3562/3482/1459 2850/3478/1455
f 2352/3483/1460 2851/3484/1461 3562/3482/1459 2858/3481/1458
f 2352/3483/1460 2858/3481/1458 3568/3474/1452 2857/3476/1453
f 2352/3483/1460 2857/3476/1453 3569/3461/1444 2859/3460/1443
f 2352/3483/1460 2859/3460/1443 3563/3459/1422 2851/3484/1461
f 6308/3485/1462 7001/3486/1433 3560/3487/1433 2848/3488/1462
f 6308/3485/1462 2848/3488/1462 3567/3489/1463 7019/3490/1463
f 6309/3491/1464 7019/3490/1463 3567/3489/1463 2855/3492/1464
f 6309/3491/1464 2855/3492/1464 3566/3453/1441 7020/3455/1441
f 2353/3493/1465 2845/3494/1432 3556/3495/1431 2852/3496/1466
f 2353/3493/1465 2852/3496/1466 3564/3497/1467 2860/3498/1468
f 2353/3493/1465 2860/3498/1468 3567/3489/1463 2848/3488/1462
f 2353/3493/1465 2848/3488/1462 3560/3487/1433 2845/3494/1432
f 2354/3499/1469 2860/3498/1468 3564/3497/1467 2853/3500/1470
f 2354/3499/1469 2853/3500/1470 3565/3447/1438 2861/3446/1437
f 2354/3499/1469 2861/3446/1437 3566/3453/1441 2855/3492/1464
f 2354/3499/1469 2855/3492/1464 3567/3489/1463 2860/3498/1468
f 2355/3501/1471 2879/3502/1472 3570/3503/1473 2864/3504/1474
f 2355/3501/1471 2864/3504/1474 3554/3505/1456 2850/3506/1455
f 2355/3501/1471 2850/3506/1455 3562/3507/1459 2872/3508/1475
f 2355/3501/1471 2872/3508/1475 3578/3509/1476 2879/3502/1472
f 2356/3510/1477 2877/3511/1478 3578/3509/1476 2872/3508/1475
f 2356/3510/1477 2872/3508/1475 3562/3507/1459 2851/3512/1461
f 2356/3510/1477 2851/3512/1461 3563/3425/1422 2874/3424/1421
f 2356/3510/1477 2874/3424/1421 3580/3423/1420 2877/3511/1478
f 2357/3513/1479 2853/3514/1470 3564/3515/1467 2862/3516/1480
f 2357/3513/1479 2862/3516/1480 3579/3517/1481 2876/3518/1482
f 2357/3513/1479 2876/3518/1482 3581/3519/1483 2863/3520/1484
f 2357/3513/1479 2863/3520/1484 3565/3521/1438 2853/3514/1470
f 2358/3522/1478 2876/3518/1482 3579/3517/1481 2873/3523/1476
f 2358/3522/1478 2873/3523/1476 3578/3509/1476 2877/3511/1478
f 2358/3522/1478 2877/3511/1478 3580/3423/1420 2875/3524/1485
f 2358/3522/1478 2875/3524/1485 3581/3519/1483 2876/3518/1482
f 2359/3525/1486 2852/3526/1466 3556/3527/1431 2839/3528/1430
f 2359/3525/1486 2839/3528/1430 3571/3529/1429 2878/3530/1472
f 2359/3525/1486 2878/3530/1472 3579/3517/1481 2862/3516/1480
f 2359/3525/1486 2862/3516/1480 3564/3515/1467 2852/3526/1466
f 2360/3531/1472 2878/3530/1472 3571/3529/1429 2865/3532/1487
f 2360/3531/1472 2865/3532/1487 3570/3503/1473 2879/3502/1472
f 2360/3531/1472 2879/3502/1472 3578/3509/1476 2873/3523/1476
f 2360/3531/1472 2873/3523/1476 3579/3517/1481 2878/3530/1472
f 6318/3533/1488 6998/3534/1451 3558/3535/1451 2847/3536/1488
f 6318/3533/1488 2847/3536/1488 3577/3537/1435 7041/3538/1435
f 6319/3539/1435 7041/3538/1435 3577/3537/1435 2871/3540/1435
f 6319/3539/1435 2871/3540/1435 3576/3441/1435 7042/3443/1435
f 2361/3541/1489 2844/3542/1457 3554/3543/1456 2864/3544/1474
f 2361/3541/1489 2864/3544/1474 3570/3545/1473 2880/3546/1490
f 2361/3541/1489 2880/3546/1490 3577/3537/1435 2847/3536/1488
f 2361/3541/1489 2847/3536/1488 3558/3535/1451 2844/3542/1457
f 2362/3547/1491 2880/3546/1490 3570/3545/1473 2865/3548/1487
f 2362/3547/1491 2865/3548/1487 3571/3435/1429 2881/3434/1428
f 2362/3547/1491 2881/3434/1428 3576/3441/1435 2871/3540/1435
f 2362/3547/1491 2871/3540/1435 3577/3537/1435 2880/3546/1490
f 6322/3549/1492 7045/3550/1411 3575/3551/1411 2846/3552/1492
f 6322/3549/1492 2846/3552/1492 3559/3553/1446 6999/3554/1449
f 6323/3555/1493 7046/3432/1411 3574/3414/1411 2869/3556/1493
f 6323/3555/1493 2869/3556/1493 3575/3551/1411 7045/3550/1411
f 2363/3557/1494 2842/3558/1439 3565/3521/1438 2863/3520/1484
f 2363/3557/1494 2863/3520/1484 3581/3519/1483 2882/3559/1495
f 2363/3557/1494 2882/3559/1495 3573/3560/1417 2841/3561/1416
f 2363/3557/1494 2841/3561/1416 3557/3562/1415 2842/3558/1439
f 2364/3563/1496 2882/3559/1495 3581/3519/1483 2875/3524/1485
f 2364/3563/1496 2875/3524/1485 3580/3423/1420 2883/3422/1419
f 2364/3563/1496 2883/3422/1419 3572/3429/1426 2867/3564/1497
f 2364/3563/1496 2867/3564/1497 3573/3560/1417 2882/3559/1495
f 2365/3565/1498 2840/3566/1447 3559/3553/1446 2846/3552/1492
f 2365/3565/1498 2846/3552/1492 3575/3551/1411 2884/3567/1499
f 2365/3565/1498 2884/3567/1499 3572/3568/1426 2866/3569/1425
f 2365/3565/1498 2866/3569/1425 3555/3570/1424 2840/3566/1447
f 2366/3571/1500 2884/3567/1499 3575/3551/1411 2869/3556/1493
f 2366/3571/1500 2869/3556/1493 3574/3414/1411 2885/3413/1410
f 2366/3571/1500 2885/3413/1410 3573/3420/1417 2867/3572/1497
f 2366/3571/1500 2867/3572/1497 3572/3568/1426 2884/3567/1499
f 2367/3573/1501 2933/3574/1502 3602/3575/1503 2916/3576/1504
f 2367/3573/1501 2916/3576/1504 3589/3577/1505 2891/3578/1506
f 2367/3573/1501 2891/3578/1506 3585/3579/1507 2889/3580/1508
f 2367/3573/1501 2889/3580/1508 3601/3581/1509 2933/3574/1502
f 2368/3582/1510 2931/3583/1511 3608/3584/1512 2922/3585/1513
f 2368/3582/1510 2922/3585/1513 3591/3586/1514 2886/3587/1515
f 2368/3582/1510 2886/3587/1515 3583/3588/1516 2914/3589/1517
f 2368/3582/1510 2914/3589/1517 3600/3590/1518 2931/3583/1511
f 6330/3591/1504 7062/3592/1519 3589/3577/1505 2916/3576/1504
f 6330/3591/1504 2916/3576/1504 3602/3575/1503 7106/3593/1503
f 2369/3594/1520 2929/3595/1521 3599/3596/1522 2887/3597/1523
f 2369/3594/1520 2887/3597/1523 3584/3598/1524 2893/3599/1525
f 2369/3594/1520 2893/3599/1525 3588/3600/1526 2918/3601/1527
f 2369/3594/1520 2918/3601/1527 3604/3602/1528 2929/3595/1521
f 6332/3603/1527 7102/3604/1528 3604/3602/1528 2918/3601/1527
f 6332/3603/1527 2918/3601/1527 3588/3600/1526 7061/3605/1526
f 2370/3606/1529 2909/3607/1530 3593/3608/1531 2890/3609/1532
f 2370/3606/1529 2890/3609/1532 3585/3610/1507 2891/3611/1506
f 2370/3606/1529 2891/3611/1506 3589/3612/1505 2902/3613/1533
f 2370/3606/1529 2902/3613/1533 3594/3614/1534 2909/3607/1530
f 6334/3615/1533 7080/3616/1534 3594/3614/1534 2902/3613/1533
f 6334/3615/1533 2902/3613/1533 3589/3612/1505 7062/3617/1519
f 2371/3618/1535 2886/3619/1515 3591/3620/1514 2907/3621/1536
f 2371/3618/1535 2907/3621/1536 3597/3622/1537 2897/3623/1538
f 2371/3618/1535 2897/3623/1538 3587/3624/1539 2888/3625/1540
f 2371/3618/1535 2888/3625/1540 3583/3626/1516 2886/3619/1515
f 6336/3627/1538 2897/3623/1538 3597/3622/1537 7076/3628/1537
f 6336/3627/1538 7059/3629/1539 3587/3624/1539 2897/3623/1538
f 6337/3630/1541 2904/3631/1541 3586/3632/1542 7058/3633/1543
f 6337/3630/1541 7075/3634/1544 3596/3635/1544 2904/3631/1541
f 6338/3636/1545 2905/3637/1545 3596/3638/1544 7075/3639/1544
f 6338/3636/1545 7076/3628/1537 3597/3622/1537 2905/3637/1545
f 2372/3640/1546 2898/3641/1547 3582/3642/1548 2892/3643/1549
f 2372/3640/1546 2892/3643/1549 3586/3632/1542 2904/3631/1541
f 2372/3640/1546 2904/3631/1541 3596/3635/1544 2906/3644/1550
f 2372/3640/1546 2906/3644/1550 3590/3645/1551 2898/3641/1547
f 2373/3646/1552 2899/3647/1553 3590/3648/1551 2906/3649/1550
f 2373/3646/1552 2906/3649/1550 3596/3638/1544 2905/3637/1545
f 2373/3646/1552 2905/3637/1545 3597/3622/1537 2907/3621/1536
f 2373/3646/1552 2907/3621/1536 3591/3620/1514 2899/3647/1553
f 6341/3650/1554 7061/3651/1526 3588/3652/1526 2896/3653/1554
f 6341/3650/1554 2896/3653/1554 3595/3654/1555 7079/3655/1555
f 6342/3656/1556 7079/3657/1555 3595/3658/1555 2903/3659/1556
f 6342/3656/1556 2903/3659/1556 3594/3614/1534 7080/3616/1534
f 2374/3660/1557 2893/3661/1525 3584/3662/1524 2900/3663/1558
f 2374/3660/1557 2900/3663/1558 3592/3664/1559 2908/3665/1560
f 2374/3660/1557 2908/3665/1560 3595/3654/1555 2896/3653/1554
f 2374/3660/1557 2896/3653/1554 3588/3652/1526 2893/3661/1525
f 2375/3666/1561 2908/3667/1560 3592/3668/1559 2901/3669/1562
f 2375/3666/1561 2901/3669/1562 3593/3608/1531 2909/3607/1530
f 2375/3666/1561 2909/3607/1530 3594/3614/1534 2903/3659/1556
f 2375/3666/1561 2903/3659/1556 3595/3658/1555 2908/3667/1560
f 2376/3670/1563 2927/3671/1564 3598/3672/1565 2912/3673/1566
f 2376/3670/1563 2912/3673/1566 3582/3674/1548 2898/3675/1547
f 2376/3670/1563 2898/3675/1547 3590/3676/1551 2920/3677/1567
f 2376/3670/1563 2920/3677/1567 3606/3678/1 2927/3671/1564
f 2377/3679/1568 2925/3680/1512 3606/3681/1 2920/3682/1567
f 2377/3679/1568 2920/3682/1567 3590/3683/1551 2899/3684/1553
f 2377/3679/1568 2899/3684/1553 3591/3586/1514 2922/3585/1513
f 2377/3679/1568 2922/3585/1513 3608/3584/1512 2925/3680/1512
f 2378/3685/1569 2901/3686/1562 3592/3687/1559 2910/3688/1570
f 2378/3685/1569 2910/3688/1570 3607/3689/1 2924/3690/1571
f 2378/3685/1569 2924/3690/1571 3609/3691/1571 2911/3692/1572
f 2378/3685/1569 2911/3692/1572 3593/3693/1531 2901/3686/1562
f 2379/3694/1573 2924/3690/1571 3607/3689/1 2921/3695/1
f 2379/3694/1573 2921/3695/1 3606/3681/1 2925/3680/1512
f 2379/3694/1573 2925/3680/1512 3608/3584/1512 2923/3696/1573
f 2379/3694/1573 2923/3696/1573 3609/3691/1571 2924/3690/1571
f 2380/3697/1574 2900/3698/1558 3584/3699/1524 2887/3700/1523
f 2380/3697/1574 2887/3700/1523 3599/3701/1522 2926/3702/1575
f 2380/3697/1574 2926/3702/1575 3607/3703/1 2910/3704/1570
f 2380/3697/1574 2910/3704/1570 3592/3705/1559 2900/3698/1558
f 2381/3706/1564 2926/3702/1575 3599/3701/1522 2913/3707/1576
f 2381/3706/1564 2913/3707/1576 3598/3672/1565 2927/3671/1564
f 2381/3706/1564 2927/3671/1564 3606/3678/1 2921/3708/1
f 2381/3706/1564 2921/3708/1 3607/3703/1 2926/3702/1575
f 6351/3709/1577 7058/3710/1543 3586/3711/1542 2895/3712/1577
f 6351/3709/1577 2895/3712/1577 3605/3713/1528 7101/3714/1528
f 6352/3715/1528 7101/3714/1528 3605/3713/1528 2919/3716/1528
f 6352/3715/1528 2919/3716/1528 3604/3602/1528 7102/3604/1528
f 2382/3717/1578 2892/3718/1549 3582/3719/1548 2912/3720/1566
f 2382/3717/1578 2912/3720/1566 3598/3721/1565 2928/3722/1579
f 2382/3717/1578 2928/3722/1579 3605/3713/1528 2895/3712/1577
f 2382/3717/1578 2895/3712/1577 3586/3711/1542 2892/3718/1549
f 2383/3723/1580 2928/3722/1579 3598/3721/1565 2913/3724/1576
f 2383/3723/1580 2913/3724/1576 3599/3596/1522 2929/3595/1521
f 2383/3723/1580 2929/3595/1521 3604/3602/1528 2919/3716/1528
f 2383/3723/1580 2919/3716/1528 3605/3713/1528 2928/3722/1579
f 6355/3725/1581 7105/3726/1503 3603/3727/1503 2894/3728/1581
f 6355/3725/1581 2894/3728/1581 3587/3729/1539 7059/3730/1539
f 6356/3731/1503 7106/3593/1503 3602/3575/1503 2917/3732/1503
f 6356/3731/1503 2917/3732/1503 3603/3727/1503 7105/3726/1503
f 2384/3733/1582 2890/3734/1532 3593/3693/1531 2911/3692/1572
f 2384/3733/1582 2911/3692/1572 3609/3691/1571 2930/3735/1583
f 2384/3733/1582 2930/3735/1583 3601/3736/1509 2889/3737/1508
f 2384/3733/1582 2889/3737/1508 3585/3738/1507 2890/3734/1532
f 2385/3739/1584 2930/3735/1583 3609/3691/1571 2923/3696/1573
f 2385/3739/1584 2923/3696/1573 3608/3584/1512 2931/3583/1511
f 2385/3739/1584 2931/3583/1511 3600/3590/1518 2915/3740/1585
f 2385/3739/1584 2915/3740/1585 3601/3736/1509 2930/3735/1583
f 2386/3741/1586 2888/3742/1540 3587/3729/1539 2894/3728/1581
f 2386/3741/1586 2894/3728/1581 3603/3727/1503 2932/3743/1587
f 2386/3741/1586 2932/3743/1587 3600/3744/1518 2914/3745/1517
f 2386/3741/1586 2914/3745/1517 3583/3746/1516 2888/3742/1540
f 2387/3747/1588 2932/3743/1587 3603/3727/1503 2917/3732/1503
f 2387/3747/1588 2917/3732/1503 3602/3575/1503 2933/3574/1502
f 2387/3747/1588 2933/3574/1502 3601/3581/1509 2915/3748/1585
f 2387/3747/1588 2915/3748/1585 3600/3744/1518 2932/3743/1587
f 2388/3749/1589 2981/3750/1590 3630/3751/1591 2964/3752/1592
f 2388/3749/1589 2964/3752/1592 3617/3753/1593 2939/3754/1594
f 2388/3749/1589 2939/3754/1594 3613/3755/1595 2937/3756/1596
f 2388/3749/1589 2937/3756/1596 3629/3757/1597 2981/3750/1590
f 2389/3758/1598 2979/3759/1599 3636/3760/1 2970/3761/1600
f 2389/3758/1598 2970/3761/1600 3619/3762/1601 2934/3763/1602
f 2389/3758/1598 2934/3763/1602 3611/3764/1603 2962/3765/1604
f 2389/3758/1598 2962/3765/1604 3628/3766/1605 2979/3759/1599
f 6363/3767/1592 7122/3768/1593 3617/3753/1593 2964/3752/1592
f 6363/3767/1592 2964/3752/1592 3630/3751/1591 7166/3769/1591
f 2390/3770/1606 2977/3771/1607 3627/3772/1608 2935/3773/1609
f 2390/3770/1606 2935/3773/1609 3612/3774/1610 2941/3775/1611
f 2390/3770/1606 2941/3775/1611 3616/3776/1612 2966/3777/1613
f 2390/3770/1606 2966/3777/1613 3632/3778/1614 2977/3771/1607
f 6365/3779/1613 7162/3780/1614 3632/3778/1614 2966/3777/1613
f 6365/3779/1613 2966/3777/1613 3616/3776/1612 7121/3781/1612
f 2391/3782/1615 2957/3783/1616 3621/3784/1617 2938/3785/1618
f 2391/3782/1615 2938/3785/1618 3613/3786/1595 2939/3787/1594
f 2391/3782/1615 2939/3787/1594 3617/3788/1593 2950/3789/1619
f 2391/3782/1615 2950/3789/1619 3622/3790/1620 2957/3783/1616
f 6367/3791/1621 7140/3792/1620 3622/3790/1620 2950/3789/1619
f 6367/3791/1621 2950/3789/1619 3617/3788/1593 7122/3793/1593
f 2392/3794/1622 2934/3795/1602 3619/3796/1601 2955/3797/1623
f 2392/3794/1622 2955/3797/1623 3625/3798/1624 2945/3799/1625
f 2392/3794/1622 2945/3799/1625 3615/3800/1626 2936/3801/1627
f 2392/3794/1622 2936/3801/1627 3611/3802/1603 2934/3795/1602
f 6369/3803/1625 2945/3799/1625 3625/3798/1624 7136/3804/1624
f 6369/3803/1625 7119/3805/1628 3615/3800/1626 2945/3799/1625
f 6370/3806/1629 2952/3807/1629 3614/3808/1630 7118/3809/1630
f 6370/3806/1629 7135/3810/1631 3624/3811/1631 2952/3807/1629
f 6371/3812/1632 2953/3813/1632 3624/3811/1631 7135/3810/1631
f 6371/3812/1632 7136/3804/1624 3625/3798/1624 2953/3813/1632
f 2393/3814/1633 2946/3815/1634 3610/3816/1635 2940/3817/1636
f 2393/3814/1633 2940/3817/1636 3614/3808/1630 2952/3807/1629
f 2393/3814/1633 2952/3807/1629 3624/3811/1631 2954/3818/1637
f 2393/3814/1633 2954/3818/1637 3618/3819/1638 2946/3815/1634
f 2394/3820/1639 2947/3821/1640 3618/3819/1638 2954/3818/1637
f 2394/3820/1639 2954/3818/1637 3624/3811/1631 2953/3813/1632
f 2394/3820/1639 2953/3813/1632 3625/3798/1624 2955/3797/1623
f 2394/3820/1639 2955/3797/1623 3619/3796/1601 2947/3821/1640
f 6374/3822/1641 7121/3823/1612 3616/3824/1612 2944/3825/1641
f 6374/3822/1641 2944/3825/1641 3623/3826/1642 7139/3827/1642
f 6375/3828/1643 7139/3827/1642 3623/3826/1642 2951/3829/1643
f 6375/3828/1643 2951/3829/1643 3622/3790/1620 7140/3792/1620
f 2395/3830/1644 2941/3831/1611 3612/3832/1610 2948/3833/1645
f 2395/3830/1644 2948/3833/1645 3620/3834/1646 2956/3835/1647
f 2395/3830/1644 2956/3835/1647 3623/3826/1642 2944/3825/1641
f 2395/3830/1644 2944/3825/1641 3616/3824/1612 2941/3831/1611
f 2396/3836/1648 2956/3835/1647 3620/3834/1646 2949/3837/1649
f 2396/3836/1648 2949/3837/1649 3621/3784/1617 2957/3783/1616
f 2396/3836/1648 2957/3783/1616 3622/3790/1620 2951/3829/1643
f 2396/3836/1648 2951/3829/1643 3623/3826/1642 2956/3835/1647
f 2397/3838/1650 2975/3839/1651 3626/3840/1652 2960/3841/1653
f 2397/3838/1650 2960/3841/1653 3610/3842/1635 2946/3843/1634
f 2397/3838/1650 2946/3843/1634 3618/3844/1638 2968/3845/1654
f 2397/3838/1650 2968/3845/1654 3634/3846/1655 2975/3839/1651
f 2398/3847/1656 2973/3848/1655 3634/3846/1655 2968/3845/1654
f 2398/3847/1656 2968/3845/1654 3618/3844/1638 2947/3849/1640
f 2398/3847/1656 2947/3849/1640 3619/3762/1601 2970/3761/1600
f 2398/3847/1656 2970/3761/1600 3636/3760/1 2973/3848/1655
f 2399/3850/1657 2949/3851/1649 3620/3852/1646 2958/3853/1658
f 2399/3850/1657 2958/3853/1658 3635/3854/1659 2972/3855/1659
f 2399/3850/1657 2972/3855/1659 3637/3856/1 2959/3857/1660
f 2399/3850/1657 2959/3857/1660 3621/3858/1617 2949/3851/1649
f 2400/3859/1661 2972/3855/1659 3635/3854/1659 2969/3860/1661
f 2400/3859/1661 2969/3860/1661 3634/3846/1655 2973/3848/1655
f 2400/3859/1661 2973/3848/1655 3636/3760/1 2971/3861/1
f 2400/3859/1661 2971/3861/1 3637/3856/1 2972/3855/1659
f 2401/3862/1662 2948/3863/1645 3612/3864/1610 2935/3865/1609
f 2401/3862/1662 2935/3865/1609 3627/3866/1608 2974/3867/1663
f 2401/3862/1662 2974/3867/1663 3635/3854/1659 2958/3853/1658
f 2401/3862/1662 2958/3853/1658 3620/3852/1646 2948/3863/1645
f 2402/3868/1663 2974/3867/1663 3627/3866/1608 2961/3869/1664
f 2402/3868/1663 2961/3869/1664 3626/3840/1652 2975/3839/1651
f 2402/3868/1663 2975/3839/1651 3634/3846/1655 2969/3860/1661
f 2402/3868/1663 2969/3860/1661 3635/3854/1659 2974/3867/1663
f 6384/3870/1665 7118/3871/1630 3614/3872/1630 2943/3873/1665
f 6384/3870/1665 2943/3873/1665 3633/3874/1614 7161/3875/1614
f 6385/3876/1614 7161/3875/1614 3633/3874/1614 2967/3877/1614
f 6385/3876/1614 2967/3877/1614 3632/3778/1614 7162/3780/1614
f 2403/3878/1666 2940/3879/1636 3610/3880/1635 2960/3881/1653
f 2403/3878/1666 2960/3881/1653 3626/3882/1652 2976/3883/1667
f 2403/3878/1666 2976/3883/1667 3633/3874/1614 2943/3873/1665
f 2403/3878/1666 2943/3873/1665 3614/3872/1630 2940/3879/1636
f 2404/3884/1607 2976/3883/1667 3626/3882/1652 2961/3885/1664
f 2404/3884/1607 2961/3885/1664 3627/3772/1608 2977/3771/1607
f 2404/3884/1607 2977/3771/1607 3632/3778/1614 2967/3877/1614
f 2404/3884/1607 2967/3877/1614 3633/3874/1614 2976/3883/1667
f 6388/3886/1668 7165/3887/1591 3631/3888/1591 2942/3889/1668
f 6388/3886/1668 2942/3889/1668 3615/3890/1626 7119/3891/1628
f 6389/3892/1591 7166/3769/1591 3630/3751/1591 2965/3893/1591
f 6389/3892/1591 2965/3893/1591 3631/3888/1591 7165/3887/1591
f 2405/3894/1669 2938/3895/1618 3621/3858/1617 2959/3857/1660
f 2405/3894/1669 2959/3857/1660 3637/3856/1 2978/3896/1670
f 2405/3894/1669 2978/3896/1670 3629/3897/1597 2937/3898/1596
f 2405/3894/1669 2937/3898/1596 3613/3899/1595 2938/3895/1618
f 2406/3900/1599 2978/3896/1670 3637/3856/1 2971/3861/1
f 2406/3900/1599 2971/3861/1 3636/3760/1 2979/3759/1599
f 2406/3900/1599 2979/3759/1599 3628/3766/1605 2963/3901/1671
f 2406/3900/1599 2963/3901/1671 3629/3897/1597 2978/3896/1670
f 2407/3902/1672 2936/3903/1627 3615/3890/1626 2942/3889/1668
f 2407/3902/1672 2942/3889/1668 3631/3888/1591 2980/3904/1673
f 2407/3902/1672 2980/3904/1673 3628/3905/1605 2962/3906/1604
f 2407/3902/1672 2962/3906/1604 3611/3907/1603 2936/3903/1627
f 2408/3908/1673 2980/3904/1673 3631/3888/1591 2965/3893/1591
f 2408/3908/1673 2965/3893/1591 3630/3751/1591 2981/3750/1590
f 2408/3908/1673 2981/3750/1590 3629/3757/1597 2963/3909/1671
f 2408/3908/1673 2963/3909/1671 3628/3905/1605 2980/3904/1673
f 2409/3910/1674 3029/3911/1675 3658/3912/1676 3012/3913/1677
f 2409/3910/1674 3012/3913/1677 3645/3914/1678 2987/3915/1679
f 2409/3910/1674 2987/3915/1679 3641/3916/1680 2985/3917/1681
f 2409/3910/1674 2985/3917/1681 3657/3918/1682 3029/3911/1675
f 2410/3919/1683 3027/3920/1684 3664/3921/1685 3018/3922/1686
f 2410/3919/1683 3018/3922/1686 3647/3923/1687 2982/3924/1688
f 2410/3919/1683 2982/3924/1688 3639/3925/1689 3010/3926/1690
f 2410/3919/1683 3010/3926/1690 3656/3927/1691 3027/3920/1684
f 6396/3928/1677 7182/3929/1678 3645/3914/1678 3012/3913/1677
f 6396/3928/1677 3012/3913/1677 3658/3912/1676 7226/3930/1676
f 2411/3931/1692 3025/3932/1693 3655/3933/1694 2983/3934/1695
f 2411/3931/1692 2983/3934/1695 3640/3935/1696 2989/3936/1697
f 2411/3931/1692 2989/3936/1697 3644/3937/1698 3014/3938/1699
f 2411/3931/1692 3014/3938/1699 3660/3939/1700 3025/3932/1693
f 6398/3940/1699 7222/3941/1700 3660/3939/1700 3014/3938/1699
f 6398/3940/1699 3014/3938/1699 3644/3937/1698 7181/3942/1701
f 2412/3943/1702 3005/3944/1703 3649/3945/1704 2986/3946/1705
f 2412/3943/1702 2986/3946/1705 3641/3947/1680 2987/3948/1679
f 2412/3943/1702 2987/3948/1679 3645/3949/1678 2998/3950/1706
f 2412/3943/1702 2998/3950/1706 3650/3951/1707 3005/3944/1703
f 6400/3952/1706 7200/3953/1707 3650/3951/1707 2998/3950/1706
f 6400/3952/1706 2998/3950/1706 3645/3949/1678 7182/3954/1678
f 2413/3955/1708 2982/3956/1688 3647/3957/1687 3003/3958/1709
f 2413/3955/1708 3003/3958/1709 3653/3959/1710 2993/3960/1711
f 2413/3955/1708 2993/3960/1711 3643/3961/1712 2984/3962/1713
f 2413/3955/1708 2984/3962/1713 3639/3963/1689 2982/3956/1688
f 6402/3964/1711 2993/3960/1711 3653/3959/1710 7196/3965/1710
f 6402/3964/1711 7179/3966/1712 3643/3961/1712 2993/3960/1711
f 6403/3967/1714 3000/3968/1714 3642/3969/1715 7178/3970/1716
f 6403/3967/1714 7195/3971/1717 3652/3972/1717 3000/3968/1714
f 6404/3973/1718 3001/3974/1718 3652/3972/1717 7195/3971/1717
f 6404/3973/1718 7196/3965/1710 3653/3959/1710 3001/3974/1718
f 2414/3975/1719 2994/3976/1720 3638/3977/1721 2988/3978/1722
f 2414/3975/1719 2988/3978/1722 3642/3969/1715 3000/3968/1714
f 2414/3975/1719 3000/3968/1714 3652/3972/1717 3002/3979/1723
f 2414/3975/1719 3002/3979/1723 3646/3980/1724 2994/3976/1720
f 2415/3981/1725 2995/3982/1726 3646/3980/1724 3002/3979/1723
f 2415/3981/1725 3002/3979/1723 3652/3972/1717 3001/3974/1718
f 2415/3981/1725 3001/3974/1718 3653/3959/1710 3003/3958/1709
f 2415/3981/1725 3003/3958/1709 3647/3957/1687 2995/3982/1726
f 6407/3983/1727 7181/3984/1701 3644/3985/1698 2992/3986/1727
f 6407/3983/1727 2992/3986/1727 3651/3987/1728 7199/3988/1728
f 6408/3989/1729 7199/3988/1728 3651/3987/1728 2999/3990/1729
f 6408/3989/1729 2999/3990/1729 3650/3951/1707 7200/3953/1707
f 2416/3991/1730 2989/3992/1697 3640/3993/1696 2996/3994/1731
f 2416/3991/1730 2996/3994/1731 3648/3995/1732 3004/3996/1733
f 2416/3991/1730 3004/3996/1733 3651/3987/1728 2992/3986/1727
f 2416/3991/1730 2992/3986/1727 3644/3985/1698 2989/3992/1697
f 2417/3997/1734 3004/3996/1733 3648/3995/1732 2997/3998/1735
f 2417/3997/1734 2997/3998/1735 3649/3945/1704 3005/3944/1703
f 2417/3997/1734 3005/3944/1703 3650/3951/1707 2999/3990/1729
f 2417/3997/1734 2999/3990/1729 3651/3987/1728 3004/3996/1733
f 2418/3999/1736 3023/4000/1737 3654/4001/1738 3008/4002/1739
f 2418/3999/1736 3008/4002/1739 3638/4003/1721 2994/4004/1720
f 2418/3999/1736 2994/4004/1720 3646/4005/1724 3016/4006/1740
f 2418/3999/1736 3016/4006/1740 3662/4007/1741 3023/4000/1737
f 2419/4008/1742 3021/4009/1685 3662/4007/1741 3016/4006/1740
f 2419/4008/1742 3016/4006/1740 3646/4005/1724 2995/4010/1726
f 2419/4008/1742 2995/4010/1726 3647/3923/1687 3018/3922/1686
f 2419/4008/1742 3018/3922/1686 3664/3921/1685 3021/4009/1685
f 2420/4011/1743 2997/4012/1735 3648/4013/1732 3006/4014/1744
f 2420/4011/1743 3006/4014/1744 3663/4015/1745 3020/4016/1746
f 2420/4011/1743 3020/4016/1746 3665/4017/1746 3007/4018/1747
f 2420/4011/1743 3007/4018/1747 3649/4019/1704 2997/4012/1735
f 2421/4020/1746 3020/4016/1746 3663/4015/1745 3017/4021/1748
f 2421/4020/1746 3017/4021/1748 3662/4007/1741 3021/4009/1685
f 2421/4020/1746 3021/4009/1685 3664/3921/1685 3019/4022/1746
f 2421/4020/1746 3019/4022/1746 3665/4017/1746 3020/4016/1746
f 2422/4023/1749 2996/4024/1731 3640/4025/1696 2983/4026/1695
f 2422/4023/1749 2983/4026/1695 3655/4027/1694 3022/4028/1750
f 2422/4023/1749 3022/4028/1750 3663/4015/1745 3006/4014/1744
f 2422/4023/1749 3006/4014/1744 3648/4013/1732 2996/4024/1731
f 2423/4029/1751 3022/4028/1750 3655/4027/1694 3009/4030/1752
f 2423/4029/1751 3009/4030/1752 3654/4001/1738 3023/4000/1737
f 2423/4029/1751 3023/4000/1737 3662/4007/1741 3017/4021/1748
f 2423/4029/1751 3017/4021/1748 3663/4015/1745 3022/4028/1750
f 6417/4031/1753 7178/4032/1716 3642/4033/1715 2991/4034/1753
f 6417/4031/1753 2991/4034/1753 3661/4035/1700 7221/4036/1700
f 6418/4037/1700 7221/4036/1700 3661/4035/1700 3015/4038/1700
f 6418/4037/1700 3015/4038/1700 3660/3939/1700 7222/3941/1700
f 2424/4039/1754 2988/4040/1722 3638/4041/1721 3008/4042/1739
f 2424/4039/1754 3008/4042/1739 3654/4043/1738 3024/4044/1755
f 2424/4039/1754 3024/4044/1755 3661/4035/1700 2991/4034/1753
f 2424/4039/1754 2991/4034/1753 3642/4033/1715 2988/4040/1722
f 2425/4045/1755 3024/4044/1755 3654/4043/1738 3009/4046/1752
f 2425/4045/1755 3009/4046/1752 3655/3933/1694 3025/3932/1693
f 2425/4045/1755 3025/3932/1693 3660/3939/1700 3015/4038/1700
f 2425/4045/1755 3015/4038/1700 3661/4035/1700 3024/4044/1755
f 6421/4047/1756 7225/4048/1676 3659/4049/1676 2990/4050/1756
f 6421/4047/1756 2990/4050/1756 3643/4051/1712 7179/4052/1712
f 6422/4053/1676 7226/3930/1676 3658/3912/1676 3013/4054/1676
f 6422/4053/1676 3013/4054/1676 3659/4049/1676 7225/4048/1676
f 2426/4055/1757 2986/4056/1705 3649/4019/1704 3007/4018/1747
f 2426/4055/1757 3007/4018/1747 3665/4017/1746 3026/4057/1758
f 2426/4055/1757 3026/4057/1758 3657/4058/1682 2985/4059/1681
f 2426/4055/1757 2985/4059/1681 3641/4060/1680 2986/4056/1705
f 2427/4061/1684 3026/4057/1758 3665/4017/1746 3019/4022/1746
f 2427/4061/1684 3019/4022/1746 3664/3921/1685 3027/3920/1684
f 2427/4061/1684 3027/3920/1684 3656/3927/1691 3011/4062/1691
f 2427/4061/1684 3011/4062/1691 3657/4058/1682 3026/4057/1758
f 2428/4063/1759 2984/4064/1713 3643/4051/1712 2990/4050/1756
f 2428/4063/1759 2990/4050/1756 3659/4049/1676 3028/4065/1760
f 2428/4063/1759 3028/4065/1760 3656/4066/1691 3010/4067/1690
f 2428/4063/1759 3010/4067/1690 3639/4068/1689 2984/4064/1713
f 2429/4069/1760 3028/4065/1760 3659/4049/1676 3013/4054/1676
f 2429/4069/1760 3013/4054/1676 3658/3912/1676 3029/3911/1675
f 2429/4069/1760 3029/3911/1675 3657/3918/1682 3011/4070/1691
f 2429/4069/1760 3011/4070/1691 3656/4066/1691 3028/4065/1760
f 2430/4071/1761 3077/4072/1762 3686/4073/1763 3060/4074/1764
f 2430/4071/1761 3060/4074/1764 3673/4075/1765 3035/4076/1766
f 2430/4071/1761 3035/4076/1766 3669/4077/1767 3033/4078/1768
f 2430/4071/1761 3033/4078/1768 3685/4079/1769 3077/4072/1762
f 2431/4080/1770 3075/4081/1771 3692/4082/1772 3066/4083/1773
f 2431/4080/1770 3066/4083/1773 3675/4084/1774 3030/4085/1775
f 2431/4080/1770 3030/4085/1775 3667/4086/1776 3058/4087/1777
f 2431/4080/1770 3058/4087/1777 3684/4088/1778 3075/4081/1771
f 6429/4089/1764 7242/4090/1765 3673/4075/1765 3060/4074/1764
f 6429/4089/1764 3060/4074/1764 3686/4073/1763 7286/4091/1763
f 2432/4092/1779 3073/4093/1780 3683/4094/1781 3031/4095/1782
f 2432/4092/1779 3031/4095/1782 3668/4096/1783 3037/4097/1784
f 2432/4092/1779 3037/4097/1784 3672/4098/1785 3062/4099/1786
f 2432/4092/1779 3062/4099/1786 3688/4100/1787 3073/4093/1780
f 6431/4101/1786 7282/4102/1787 3688/4100/1787 3062/4099/1786
f 6431/4101/1786 3062/4099/1786 3672/4098/1785 7241/4103/1785
f 2433/4104/1788 3053/4105/1789 3677/4106/1790 3034/4107/1791
f 2433/4104/1788 3034/4107/1791 3669/4108/1767 3035/4109/1766
f 2433/4104/1788 3035/4109/1766 3673/4110/1765 3046/4111/1792
f 2433/4104/1788 3046/4111/1792 3678/4112/1793 3053/4105/1789
f 6433/4113/1794 7260/4114/1795 3678/4112/1793 3046/4111/1792
f 6433/4113/1794 3046/4111/1792 3673/4110/1765 7242/4115/1765
f 2434/4116/1796 3030/4117/1775 3675/4118/1774 3051/4119/1797
f 2434/4116/1796 3051/4119/1797 3681/4120/1798 3041/4121/1799
f 2434/4116/1796 3041/4121/1799 3671/4122/1800 3032/4123/1801
f 2434/4116/1796 3032/4123/1801 3667/4124/1776 3030/4117/1775
f 6435/4125/1802 3041/4121/1799 3681/4120/1798 7256/4126/1803
f 6435/4125/1802 7239/4127/1800 3671/4122/1800 3041/4121/1799
f 6436/4128/1804 3048/4129/1804 3670/4130/1805 7238/4131/1805
f 6436/4128/1804 7255/4132/1806 3680/4133/1807 3048/4129/1804
f 6437/4134/1808 3049/4135/1809 3680/4136/1807 7255/4137/1806
f 6437/4134/1808 7256/4126/1803 3681/4120/1798 3049/4135/1809
f 2435/4138/1810 3042/4139/1811 3666/4140/1812 3036/4141/1813
f 2435/4138/1810 3036/4141/1813 3670/4130/1805 3048/4129/1804
f 2435/4138/1810 3048/4129/1804 3680/4133/1807 3050/4142/1814
f 2435/4138/1810 3050/4142/1814 3674/4143/1815 3042/4139/1811
f 2436/4144/1816 3043/4145/1817 3674/4146/1815 3050/4147/1814
f 2436/4144/1816 3050/4147/1814 3680/4136/1807 3049/4135/1809
f 2436/4144/1816 3049/4135/1809 3681/4120/1798 3051/4119/1797
f 2436/4144/1816 3051/4119/1797 3675/4118/1774 3043/4145/1817
f 6440/4148/1818 7241/4149/1785 3672/4150/1785 3040/4151/1818
f 6440/4148/1818 3040/4151/1818 3679/4152/1819 7259/4153/1820
f 6441/4154/1821 7259/4155/1820 3679/4156/1819 3047/4157/1822
f 6441/4154/1821 3047/4157/1822 3678/4112/1793 7260/4114/1795
f 2437/4158/1823 3037/4159/1784 3668/4160/1783 3044/4161/1824
f 2437/4158/1823 3044/4161/1824 3676/4162/1825 3052/4163/1826
f 2437/4158/1823 3052/4163/1826 3679/4152/1819 3040/4151/1818
f 2437/4158/1823 3040/4151/1818 3672/4150/1785 3037/4159/1784
f 2438/4164/1827 3052/4165/1826 3676/4166/1825 3045/4167/1828
f 2438/4164/1827 3045/4167/1828 3677/4106/1790 3053/4105/1789
f 2438/4164/1827 3053/4105/1789 3678/4112/1793 3047/4157/1822
f 2438/4164/1827 3047/4157/1822 3679/4156/1819 3052/4165/1826
f 2439/4168/1829 3071/4169/1830 3682/4170/1831 3056/4171/1832
f 2439/4168/1829 3056/4171/1832 3666/4172/1812 3042/4173/1811
f 2439/4168/1829 3042/4173/1811 3674/4174/1815 3064/4175/1833
f 2439/4168/1829 3064/4175/1833 3690/4176/1 3071/4169/1830
f 2440/4177/1834 3069/4178/1772 3690/4179/1 3064/4180/1833
f 2440/4177/1834 3064/4180/1833 3674/4181/1815 3043/4182/1817
f 2440/4177/1834 3043/4182/1817 3675/4084/1774 3066/4083/1773
f 2440/4177/1834 3066/4083/1773 3692/4082/1772 3069/4178/1772
f 2441/4183/1835 3045/4184/1828 3676/4185/1825 3054/4186/1836
f 2441/4183/1835 3054/4186/1836 3691/4187/1 3068/4188/1837
f 2441/4183/1835 3068/4188/1837 3693/4189/1837 3055/4190/1838
f 2441/4183/1835 3055/4190/1838 3677/4191/1790 3045/4184/1828
f 2442/4192/1772 3068/4188/1837 3691/4187/1 3065/4193/1
f 2442/4192/1772 3065/4193/1 3690/4179/1 3069/4178/1772
f 2442/4192/1772 3069/4178/1772 3692/4082/1772 3067/4194/1772
f 2442/4192/1772 3067/4194/1772 3693/4189/1837 3068/4188/1837
f 2443/4195/1839 3044/4196/1824 3668/4197/1783 3031/4198/1782
f 2443/4195/1839 3031/4198/1782 3683/4199/1781 3070/4200/1840
f 2443/4195/1839 3070/4200/1840 3691/4201/1 3054/4202/1836
f 2443/4195/1839 3054/4202/1836 3676/4203/1825 3044/4196/1824
f 2444/4204/1840 3070/4200/1840 3683/4199/1781 3057/4205/1841
f 2444/4204/1840 3057/4205/1841 3682/4170/1831 3071/4169/1830
f 2444/4204/1840 3071/4169/1830 3690/4176/1 3065/4206/1
f 2444/4204/1840 3065/4206/1 3691/4201/1 3070/4200/1840
f 6450/4207/1842 7238/4208/1805 3670/4209/1805 3039/4210/1842
f 6450/4207/1842 3039/4210/1842 3689/4211/1787 7281/4212/1787
f 6451/4213/1787 7281/4212/1787 3689/4211/1787 3063/4214/1787
f 6451/4213/1787 3063/4214/1787 3688/4100/1787 7282/4102/1787
f 2445/4215/1843 3036/4216/1813 3666/4217/1812 3056/4218/1832
f 2445/4215/1843 3056/4218/1832 3682/4219/1831 3072/4220/1844
f 2445/4215/1843 3072/4220/1844 3689/4211/1787 3039/4210/1842
f 2445/4215/1843 3039/4210/1842 3670/4209/1805 3036/4216/1813
f 2446/4221/1844 3072/4220/1844 3682/4219/1831 3057/4222/1841
f 2446/4221/1844 3057/4222/1841 3683/4094/1781 3073/4093/1780
f 2446/4221/1844 3073/4093/1780 3688/4100/1787 3063/4214/1787
f 2446/4221/1844 3063/4214/1787 3689/4211/1787 3072/4220/1844
f 6454/4223/1845 7285/4224/1763 3687/4225/1763 3038/4226/1846
f 6454/4223/1845 3038/4226/1846 3671/4227/1800 7239/4228/1800
f 6455/4229/1763 7286/4091/1763 3686/4073/1763 3061/4230/1763
f 6455/4229/1763 3061/4230/1763 3687/4225/1763 7285/4224/1763
f 2447/4231/1847 3034/4232/1791 3677/4191/1790 3055/4190/1838
f 2447/4231/1847 3055/4190/1838 3693/4189/1837 3074/4233/1848
f 2447/4231/1847 3074/4233/1848 3685/4234/1769 3033/4235/1768
f 2447/4231/1847 3033/4235/1768 3669/4236/1767 3034/4232/1791
f 2448/4237/1771 3074/4233/1848 3693/4189/1837 3067/4194/1772
f 2448/4237/1771 3067/4194/1772 3692/4082/1772 3075/4081/1771
f 2448/4237/1771 3075/4081/1771 3684/4088/1778 3059/4238/1849
f 2448/4237/1771 3059/4238/1849 3685/4234/1769 3074/4233/1848
f 2449/4239/1850 3032/4240/1801 3671/4227/1800 3038/4226/1846
f 2449/4239/1850 3038/4226/1846 3687/4225/1763 3076/4241/1762
f 2449/4239/1850 3076/4241/1762 3684/4242/1778 3058/4243/1777
f 2449/4239/1850 3058/4243/1777 3667/4244/1776 3032/4240/1801
f 2450/4245/1762 3076/4241/1762 3687/4225/1763 3061/4230/1763
f 2450/4245/1762 3061/4230/1763 3686/4073/1763 3077/4072/1762
f 2450/4245/1762 3077/4072/1762 3685/4079/1769 3059/4246/1849
f 2450/4245/1762 3059/4246/1849 3684/4242/1778 3076/4241/1762
f 2451/4247/1851 3125/4248/1852 3714/4249/1853 3108/4250/1854
f 2451/4247/1851 3108/4250/1854 3701/4251/1855 3083/4252/1856
f 2451/4247/1851 3083/4252/1856 3697/4253/1857 3081/4254/1858
f 2451/4247/1851 3081/4254/1858 3713/4255/1859 3125/4248/1852
f 2452/4256/1860 3123/4257/1861 3720/4258/1 3114/4259/1862
f 2452/4256/1860 3114/4259/1862 3703/4260/1863 3078/4261/1864
f 2452/4256/1860 3078/4261/1864 3695/4262/1865 3106/4263/1866
f 2452/4256/1860 3106/4263/1866 3712/4264/1867 3123/4257/1861
f 6462/4265/1854 7302/4266/1855 3701/4251/1855 3108/4250/1854
f 6462/4265/1854 3108/4250/1854 3714/4249/1853 7346/4267/1853
f 2453/4268/1868 3121/4269/1869 3711/4270/1870 3079/4271/1871
f 2453/4268/1868 3079/4271/1871 3696/4272/1872 3085/4273/1873
f 2453/4268/1868 3085/4273/1873 3700/4274/1874 3110/4275/1875
f 2453/4268/1868 3110/4275/1875 3716/4276/1876 3121/4269/1869
f 6464/4277/1877 7342/4278/1878 3716/4276/1876 3110/4275/1875
f 6464/4277/1877 3110/4275/1875 3700/4274/1874 7301/4279/1879
f 2454/4280/1880 3101/4281/1881 3705/4282/1882 3082/4283/1883
f 2454/4280/1880 3082/4283/1883 3697/4284/1857 3083/4285/1856
f 2454/4280/1880 3083/4285/1856 3701/4286/1855 3094/4287/1884
f 2454/4280/1880 3094/4287/1884 3706/4288/1885 3101/4281/1881
f 6466/4289/1884 7320/4290/1886 3706/4288/1885 3094/4287/1884
f 6466/4289/1884 3094/4287/1884 3701/4286/1855 7302/4291/1855
f 2455/4292/1887 3078/4293/1864 3703/4294/1863 3099/4295/1888
f 2455/4292/1887 3099/4295/1888 3709/4296/1889 3089/4297/1890
f 2455/4292/1887 3089/4297/1890 3699/4298/1891 3080/4299/1892
f 2455/4292/1887 3080/4299/1892 3695/4300/1865 3078/4293/1864
f 6468/4301/1890 3089/4297/1890 3709/4296/1889 7316/4302/1889
f 6468/4301/1890 7299/4303/1893 3699/4298/1891 3089/4297/1890
f 6469/4304/1894 3096/4305/1895 3698/4306/1896 7298/4307/1897
f 6469/4304/1894 7315/4308/294 3708/4309/1898 3096/4305/1895
f 6470/4310/1899 3097/4311/1900 3708/4309/1898 7315/4308/294
f 6470/4310/1899 7316/4302/1889 3709/4296/1889 3097/4311/1900
f 2456/4312/1901 3090/4313/1902 3694/4314/1903 3084/4315/1904
f 2456/4312/1901 3084/4315/1904 3698/4306/1896 3096/4305/1895
f 2456/4312/1901 3096/4305/1895 3708/4309/1898 3098/4316/1905
f 2456/4312/1901 3098/4316/1905 3702/4317/1906 3090/4313/1902
f 2457/4318/1907 3091/4319/1908 3702/4317/1906 3098/4316/1905
f 2457/4318/1907 3098/4316/1905 3708/4309/1898 3097/4311/1900
f 2457/4318/1907 3097/4311/1900 3709/4296/1889 3099/4295/1888
f 2457/4318/1907 3099/4295/1888 3703/4294/1863 3091/4319/1908
f 6473/4320/1909 7301/4321/1879 3700/4322/1874 3088/4323/1910
f 6473/4320/1909 3088/4323/1910 3707/4324/1911 7319/4325/1912
f 6474/4326/1913 7319/4325/1912 3707/4324/1911 3095/4327/1914
f 6474/4326/1913 3095/4327/1914 3706/4288/1885 7320/4290/1886
f 2458/4328/1915 3085/4329/1873 3696/4330/1872 3092/4331/1916
f 2458/4328/1915 3092/4331/1916 3704/4332/1917 3100/4333/1918
f 2458/4328/1915 3100/4333/1918 3707/4324/1911 3088/4323/1910
f 2458/4328/1915 3088/4323/1910 3700/4322/1874 3085/4329/1873
f 2459/4334/1919 3100/4333/1918 3704/4332/1917 3093/4335/1920
f 2459/4334/1919 3093/4335/1920 3705/4282/1882 3101/4281/1881
f 2459/4334/1919 3101/4281/1881 3706/4288/1885 3095/4327/1914
f 2459/4334/1919 3095/4327/1914 3707/4324/1911 3100/4333/1918
f 2460/4336/1921 3119/4337/1922 3710/4338/1923 3104/4339/1924
f 2460/4336/1921 3104/4339/1924 3694/4340/1903 3090/4341/1902
f 2460/4336/1921 3090/4341/1902 3702/4342/1906 3112/4343/1925
f 2460/4336/1921 3112/4343/1925 3718/4344/1926 3119/4337/1922
f 2461/4345/1927 3117/4346/1928 3718/4344/1926 3112/4343/1925
f 2461/4345/1927 3112/4343/1925 3702/4342/1906 3091/4347/1908
f 2461/4345/1927 3091/4347/1908 3703/4260/1863 3114/4259/1862
f 2461/4345/1927 3114/4259/1862 3720/4258/1 3117/4346/1928
f 2462/4348/1929 3093/4349/1920 3704/4350/1917 3102/4351/1930
f 2462/4348/1929 3102/4351/1930 3719/4352/1931 3116/4353/1931
f 2462/4348/1929 3116/4353/1931 3721/4354/1 3103/4355/1932
f 2462/4348/1929 3103/4355/1932 3705/4356/1882 3093/4349/1920
f 2463/4357/1926 3116/4353/1931 3719/4352/1931 3113/4358/1926
f 2463/4357/1926 3113/4358/1926 3718/4344/1926 3117/4346/1928
f 2463/4357/1926 3117/4346/1928 3720/4258/1 3115/4359/1
f 2463/4357/1926 3115/4359/1 3721/4354/1 3116/4353/1931
f 2464/4360/1933 3092/4361/1916 3696/4362/1872 3079/4363/1871
f 2464/4360/1933 3079/4363/1871 3711/4364/1870 3118/4365/1934
f 2464/4360/1933 3118/4365/1934 3719/4352/1931 3102/4351/1930
f 2464/4360/1933 3102/4351/1930 3704/4350/1917 3092/4361/1916
f 2465/4366/1935 3118/4365/1934 3711/4364/1870 3105/4367/1936
f 2465/4366/1935 3105/4367/1936 3710/4338/1923 3119/4337/1922
f 2465/4366/1935 3119/4337/1922 3718/4344/1926 3113/4358/1926
f 2465/4366/1935 3113/4358/1926 3719/4352/1931 3118/4365/1934
f 6483/4368/1937 7298/4369/1897 3698/4370/1896 3087/4371/1938
f 6483/4368/1937 3087/4371/1938 3717/4372/1939 7341/4373/1940
f 6484/4374/1878 7341/4373/1940 3717/4372/1939 3111/4375/1876
f 6484/4374/1878 3111/4375/1876 3716/4276/1876 7342/4278/1878
f 2466/4376/1941 3084/4377/1904 3694/4378/1903 3104/4379/1924
f 2466/4376/1941 3104/4379/1924 3710/4380/1923 3120/4381/1942
f 2466/4376/1941 3120/4381/1942 3717/4372/1939 3087/4371/1938
f 2466/4376/1941 3087/4371/1938 3698/4370/1896 3084/4377/1904
f 2467/4382/1943 3120/4381/1942 3710/4380/1923 3105/4383/1936
f 2467/4382/1943 3105/4383/1936 3711/4270/1870 3121/4269/1869
f 2467/4382/1943 3121/4269/1869 3716/4276/1876 3111/4375/1876
f 2467/4382/1943 3111/4375/1876 3717/4372/1939 3120/4381/1942
f 6487/4384/1944 7345/4385/1853 3715/4386/1853 3086/4387/1944
f 6487/4384/1944 3086/4387/1944 3699/4388/1891 7299/4389/1893
f 6488/4390/1853 7346/4267/1853 3714/4249/1853 3109/4391/1853
f 6488/4390/1853 3109/4391/1853 3715/4386/1853 7345/4385/1853
f 2468/4392/1945 3082/4393/1883 3705/4356/1882 3103/4355/1932
f 2468/4392/1945 3103/4355/1932 3721/4354/1 3122/4394/1946
f 2468/4392/1945 3122/4394/1946 3713/4395/1859 3081/4396/1858
f 2468/4392/1945 3081/4396/1858 3697/4397/1857 3082/4393/1883
f 2469/4398/1946 3122/4394/1946 3721/4354/1 3115/4359/1
f 2469/4398/1946 3115/4359/1 3720/4258/1 3123/4257/1861
f 2469/4398/1946 3123/4257/1861 3712/4264/1867 3107/4399/1947
f 2469/4398/1946 3107/4399/1947 3713/4395/1859 3122/4394/1946
f 2470/4400/1948 3080/4401/1892 3699/4388/1891 3086/4387/1944
f 2470/4400/1948 3086/4387/1944 3715/4386/1853 3124/4402/1949
f 2470/4400/1948 3124/4402/1949 3712/4403/1867 3106/4404/1866
f 2470/4400/1948 3106/4404/1866 3695/4405/1865 3080/4401/1892
f 2471/4406/1950 3124/4402/1949 3715/4386/1853 3109/4391/1853
f 2471/4406/1950 3109/4391/1853 3714/4249/1853 3125/4248/1852
f 2471/4406/1950 3125/4248/1852 3713/4255/1859 3107/4407/1947
f 2471/4406/1950 3107/4407/1947 3712/4403/1867 3124/4402/1949
f 2472/4408/1951 3173/4409/1952 3742/4410/1953 3156/4411/1954
f 2472/4408/1951 3156/4411/1954 3729/4412/1955 3131/4413/1956
f 2472/4408/1951 3131/4413/1956 3725/4414/1957 3129/4415/1958
f 2472/4408/1951 3129/4415/1958 3741/4416/1959 3173/4409/1952
f 2473/4417/1960 3171/4418/1961 3748/4419/1962 3162/4420/1963
f 2473/4417/1960 3162/4420/1963 3731/4421/1964 3126/4422/1965
f 2473/4417/1960 3126/4422/1965 3723/4423/1966 3154/4424/1967
f 2473/4417/1960 3154/4424/1967 3740/4425/1968 3171/4418/1961
f 6495/4426/1969 7362/4427/1955 3729/4412/1955 3156/4411/1954
f 6495/4426/1969 3156/4411/1954 3742/4410/1953 7406/4428/1953
f 2474/4429/1970 3169/4430/1971 3739/4431/1972 3127/4432/1973
f 2474/4429/1970 3127/4432/1973 3724/4433/1974 3133/4434/1975
f 2474/4429/1970 3133/4434/1975 3728/4435/1976 3158/4436/1977
f 2474/4429/1970 3158/4436/1977 3744/4437/1978 3169/4430/1971
f 6497/4438/1977 7402/4439/1978 3744/4437/1978 3158/4436/1977
f 6497/4438/1977 3158/4436/1977 3728/4435/1976 7361/4440/1976
f 2475/4441/1979 3149/4442/1980 3733/4443/1981 3130/4444/1982
f 2475/4441/1979 3130/4444/1982 3725/4445/1957 3131/4446/1956
f 2475/4441/1979 3131/4446/1956 3729/4447/1955 3142/4448/1983
f 2475/4441/1979 3142/4448/1983 3734/4449/1984 3149/4442/1980
f 6499/4450/1983 7380/4451/1984 3734/4449/1984 3142/4448/1983
f 6499/4450/1983 3142/4448/1983 3729/4447/1955 7362/4452/1955
f 2476/4453/1985 3126/4454/1965 3731/4455/1964 3147/4456/1986
f 2476/4453/1985 3147/4456/1986 3737/4457/1987 3137/4458/1988
f 2476/4453/1985 3137/4458/1988 3727/4459/1989 3128/4460/1990
f 2476/4453/1985 3128/4460/1990 3723/4461/1966 3126/4454/1965
f 6501/4462/1988 3137/4458/1988 3737/4457/1987 7376/4463/1987
f 6501/4462/1988 7359/4464/1989 3727/4459/1989 3137/4458/1988
f 6502/4465/1991 3144/4466/1991 3726/4467/1992 7358/4468/1992
f 6502/4465/1991 7375/4469/1993 3736/4470/1993 3144/4466/1991
f 6503/4471/1994 3145/4472/1994 3736/4470/1993 7375/4469/1993
f 6503/4471/1994 7376/4463/1987 3737/4457/1987 3145/4472/1994
f 2477/4473/1995 3138/4474/1996 3722/4475/1997 3132/4476/1998
f 2477/4473/1995 3132/4476/1998 3726/4467/1992 3144/4466/1991
f 2477/4473/1995 3144/4466/1991 3736/4470/1993 3146/4477/1999
f 2477/4473/1995 3146/4477/1999 3730/4478/2000 3138/4474/1996
f 2478/4479/2001 3139/4480/2002 3730/4478/2000 3146/4477/1999
f 2478/4479/2001 3146/4477/1999 3736/4470/1993 3145/4472/1994
f 2478/4479/2001 3145/4472/1994 3737/4457/1987 3147/4456/1986
f 2478/4479/2001 3147/4456/1986 3731/4455/1964 3139/4480/2002
f 6506/4481/2003 7361/4482/1976 3728/4483/1976 3136/4484/2003
f 6506/4481/2003 3136/4484/2003 3735/4485/2004 7379/4486/2004
f 6507/4487/2005 7379/4486/2004 3735/4485/2004 3143/4488/2005
f 6507/4487/2005 3143/4488/2005 3734/4449/1984 7380/4451/1984
f 2479/4489/2006 3133/4490/1975 3724/4491/1974 3140/4492/2007
f 2479/4489/2006 3140/4492/2007 3732/4493/2008 3148/4494/2009
f 2479/4489/2006 3148/4494/2009 3735/4485/2004 3136/4484/2003
f 2479/4489/2006 3136/4484/2003 3728/4483/1976 3133/4490/1975
f 2480/4495/2010 3148/4494/2009 3732/4493/2008 3141/4496/2011
f 2480/4495/2010 3141/4496/2011 3733/4443/1981 3149/4442/1980
f 2480/4495/2010 3149/4442/1980 3734/4449/1984 3143/4488/2005
f 2480/4495/2010 3143/4488/2005 3735/4485/2004 3148/4494/2009
f 2481/4497/2012 3167/4498/2013 3738/4499/2014 3152/4500/2015
f 2481/4497/2012 3152/4500/2015 3722/4501/1997 3138/4502/1996
f 2481/4497/2012 3138/4502/1996 3730/4503/2000 3160/4504/2016
f 2481/4497/2012 3160/4504/2016 3746/4505/2017 3167/4498/2013
f 2482/4506/2018 3165/4507/1478 3746/4505/2017 3160/4504/2016
f 2482/4506/2018 3160/4504/2016 3730/4503/2000 3139/4508/2002
f 2482/4506/2018 3139/4508/2002 3731/4421/1964 3162/4420/1963
f 2482/4506/2018 3162/4420/1963 3748/4419/1962 3165/4507/1478
f 2483/4509/2019 3141/4510/2011 3732/4511/2008 3150/4512/2020
f 2483/4509/2019 3150/4512/2020 3747/4513/2021 3164/4514/1478
f 2483/4509/2019 3164/4514/1478 3749/4515/2022 3151/4516/2023
f 2483/4509/2019 3151/4516/2023 3733/4517/1981 3141/4510/2011
f 2484/4518/1478 3164/4514/1478 3747/4513/2021 3161/4519/2024
f 2484/4518/1478 3161/4519/2024 3746/4505/2017 3165/4507/1478
f 2484/4518/1478 3165/4507/1478 3748/4419/1962 3163/4520/2025
f 2484/4518/1478 3163/4520/2025 3749/4515/2022 3164/4514/1478
f 2485/4521/2026 3140/4522/2007 3724/4523/1974 3127/4524/1973
f 2485/4521/2026 3127/4524/1973 3739/4525/1972 3166/4526/2027
f 2485/4521/2026 3166/4526/2027 3747/4513/2021 3150/4512/2020
f 2485/4521/2026 3150/4512/2020 3732/4511/2008 3140/4522/2007
f 2486/4527/2028 3166/4526/2027 3739/4525/1972 3153/4528/2029
f 2486/4527/2028 3153/4528/2029 3738/4499/2014 3167/4498/2013
f 2486/4527/2028 3167/4498/2013 3746/4505/2017 3161/4519/2024
f 2486/4527/2028 3161/4519/2024 3747/4513/2021 3166/4526/2027
f 6516/4529/2030 7358/4530/1992 3726/4531/1992 3135/4532/2030
f 6516/4529/2030 3135/4532/2030 3745/4533/1978 7401/4534/1978
f 6517/4535/1978 7401/4534/1978 3745/4533/1978 3159/4536/1978
f 6517/4535/1978 3159/4536/1978 3744/4437/1978 7402/4439/1978
f 2487/4537/2031 3132/4538/1998 3722/4539/1997 3152/4540/2015
f 2487/4537/2031 3152/4540/2015 3738/4541/2014 3168/4542/2032
f 2487/4537/2031 3168/4542/2032 3745/4533/1978 3135/4532/2030
f 2487/4537/2031 3135/4532/2030 3726/4531/1992 3132/4538/1998
f 2488/4543/2033 3168/4542/2032 3738/4541/2014 3153/4544/2029
f 2488/4543/2033 3153/4544/2029 3739/4431/1972 3169/4430/1971
f 2488/4543/2033 3169/4430/1971 3744/4437/1978 3159/4536/1978
f 2488/4543/2033 3159/4536/1978 3745/4533/1978 3168/4542/2032
f 6520/4545/2034 7405/4546/1953 3743/4547/1953 3134/4548/2034
f 6520/4545/2034 3134/4548/2034 3727/4549/1989 7359/4550/1989
f 6521/4551/1953 7406/4428/1953 3742/4410/1953 3157/4552/1953
f 6521/4551/1953 3157/4552/1953 3743/4547/1953 7405/4546/1953
f 2489/4553/2035 3130/4554/1982 3733/4517/1981 3151/4516/2023
f 2489/4553/2035 3151/4516/2023 3749/4515/2022 3170/4555/2036
f 2489/4553/2035 3170/4555/2036 3741/4556/1959 3129/4557/1958
f 2489/4553/2035 3129/4557/1958 3725/4558/1957 3130/4554/1982
f 2490/4559/2037 3170/4555/2036 3749/4515/2022 3163/4520/2025
f 2490/4559/2037 3163/4520/2025 3748/4419/1962 3171/4418/1961
f 2490/4559/2037 3171/4418/1961 3740/4425/1968 3155/4560/2038
f 2490/4559/2037 3155/4560/2038 3741/4556/1959 3170/4555/2036
f 2491/4561/2039 3128/4562/1990 3727/4549/1989 3134/4548/2034
f 2491/4561/2039 3134/4548/2034 3743/4547/1953 3172/4563/2040
f 2491/4561/2039 3172/4563/2040 3740/4564/1968 3154/4565/1967
f 2491/4561/2039 3154/4565/1967 3723/4566/1966 3128/4562/1990
f 2492/4567/2041 3172/4563/2040 3743/4547/1953 3157/4552/1953
f 2492/4567/2041 3157/4552/1953 3742/4410/1953 3173/4409/1952
f 2492/4567/2041 3173/4409/1952 3741/4416/1959 3155/4568/2038
f 2492/4567/2041 3155/4568/2038 3740/4564/1968 3172/4563/2040
f 2493/4569/2042 3221/4570/2043 3770/4571/2044 3204/4572/2045
f 2493/4569/2042 3204/4572/2045 3757/4573/2046 3179/4574/2047
f 2493/4569/2042 3179/4574/2047 3753/4575/2048 3177/4576/2049
f 2493/4569/2042 3177/4576/2049 3769/4577/2050 3221/4570/2043
f 2494/4578/2051 3219/4579/2052 3776/4580/2053 3210/4581/2054
f 2494/4578/2051 3210/4581/2054 3759/4582/2055 3174/4583/2056
f 2494/4578/2051 3174/4583/2056 3751/4584/2057 3202/4585/2058
f 2494/4578/2051 3202/4585/2058 3768/4586/2059 3219/4579/2052
f 6528/4587/2045 7422/4588/2046 3757/4573/2046 3204/4572/2045
f 6528/4587/2045 3204/4572/2045 3770/4571/2044 7466/4589/2044
f 2495/4590/2060 3217/4591/2061 3767/4592/2062 3175/4593/2063
f 2495/4590/2060 3175/4593/2063 3752/4594/2064 3181/4595/2065
f 2495/4590/2060 3181/4595/2065 3756/4596/2066 3206/4597/2067
f 2495/4590/2060 3206/4597/2067 3772/4598/2068 3217/4591/2061
f 6530/4599/2067 7462/4600/2068 3772/4598/2068 3206/4597/2067
f 6530/4599/2067 3206/4597/2067 3756/4596/2066 7421/4601/2066
f 2496/4602/2069 3197/4603/2070 3761/4604/2071 3178/4605/2072
f 2496/4602/2069 3178/4605/2072 3753/4606/2048 3179/4607/2047
f 2496/4602/2069 3179/4607/2047 3757/4608/2046 3190/4609/2073
f 2496/4602/2069 3190/4609/2073 3762/4610/2074 3197/4603/2070
f 6532/4611/2075 7440/4612/2076 3762/4610/2074 3190/4609/2073
f 6532/4611/2075 3190/4609/2073 3757/4608/2046 7422/4613/2046
f 2497/4614/2077 3174/4615/2056 3759/4616/2055 3195/4617/2078
f 2497/4614/2077 3195/4617/2078 3765/4618/2079 3185/4619/2080
f 2497/4614/2077 3185/4619/2080 3755/4620/2081 3176/4621/2082
f 2497/4614/2077 3176/4621/2082 3751/4622/2057 3174/4615/2056
f 6534/4623/2080 3185/4619/2080 3765/4618/2079 7436/4624/2079
f 6534/4623/2080 7419/4625/2081 3755/4620/2081 3185/4619/2080
f 6535/4626/2083 3192/4627/2083 3754/4628/2084 7418/4629/2084
f 6535/4626/2083 7435/4630/2085 3764/4631/2085 3192/4627/2083
f 6536/4632/2086 3193/4633/2086 3764/4631/2085 7435/4630/2085
f 6536/4632/2086 7436/4624/2079 3765/4618/2079 3193/4633/2086
f 2498/4634/2087 3186/4635/2088 3750/4636/2089 3180/4637/2090
f 2498/4634/2087 3180/4637/2090 3754/4628/2084 3192/4627/2083
f 2498/4634/2087 3192/4627/2083 3764/4631/2085 3194/4638/2091
f 2498/4634/2087 3194/4638/2091 3758/4639/2092 3186/4635/2088
f 2499/4640/2093 3187/4641/2094 3758/4639/2092 3194/4638/2091
f 2499/4640/2093 3194/4638/2091 3764/4631/2085 3193/4633/2086
f 2499/4640/2093 3193/4633/2086 3765/4618/2079 3195/4617/2078
f 2499/4640/2093 3195/4617/2078 3759/4616/2055 3187/4641/2094
f 6539/4642/2095 7421/4643/2066 3756/4644/2066 3184/4645/2095
f 6539/4642/2095 3184/4645/2095 3763/4646/2096 7439/4647/2097
f 6540/4648/2098 7439/4647/2097 3763/4646/2096 3191/4649/2099
f 6540/4648/2098 3191/4649/2099 3762/4610/2074 7440/4612/2076
f 2500/4650/2100 3181/4651/2065 3752/4652/2064 3188/4653/2101
f 2500/4650/2100 3188/4653/2101 3760/4654/2102 3196/4655/2103
f 2500/4650/2100 3196/4655/2103 3763/4646/2096 3184/4645/2095
f 2500/4650/2100 3184/4645/2095 3756/4644/2066 3181/4651/2065
f 2501/4656/2104 3196/4655/2103 3760/4654/2102 3189/4657/2105
f 2501/4656/2104 3189/4657/2105 3761/4604/2071 3197/4603/2070
f 2501/4656/2104 3197/4603/2070 3762/4610/2074 3191/4649/2099
f 2501/4656/2104 3191/4649/2099 3763/4646/2096 3196/4655/2103
f 2502/4658/2106 3215/4659/2107 3766/4660/2108 3200/4661/2109
f 2502/4658/2106 3200/4661/2109 3750/4662/2089 3186/4663/2088
f 2502/4658/2106 3186/4663/2088 3758/4664/2092 3208/4665/2110
f 2502/4658/2106 3208/4665/2110 3774/4666/1 3215/4659/2107
f 2503/4667/2111 3213/4668/2053 3774/4666/1 3208/4665/2110
f 2503/4667/2111 3208/4665/2110 3758/4664/2092 3187/4669/2094
f 2503/4667/2111 3187/4669/2094 3759/4582/2055 3210/4581/2054
f 2503/4667/2111 3210/4581/2054 3776/4580/2053 3213/4668/2053
f 2504/4670/2112 3189/4671/2105 3760/4672/2102 3198/4673/2113
f 2504/4670/2112 3198/4673/2113 3775/4674/1 3212/4675/2114
f 2504/4670/2112 3212/4675/2114 3777/4676/2114 3199/4677/2115
f 2504/4670/2112 3199/4677/2115 3761/4678/2071 3189/4671/2105
f 2505/4679/2116 3212/4675/2114 3775/4674/1 3209/4680/1
f 2505/4679/2116 3209/4680/1 3774/4666/1 3213/4668/2053
f 2505/4679/2116 3213/4668/2053 3776/4580/2053 3211/4681/2116
f 2505/4679/2116 3211/4681/2116 3777/4676/2114 3212/4675/2114
f 2506/4682/2117 3188/4683/2101 3752/4684/2064 3175/4685/2063
f 2506/4682/2117 3175/4685/2063 3767/4686/2062 3214/4687/2118
f 2506/4682/2117 3214/4687/2118 3775/4674/1 3198/4673/2113
f 2506/4682/2117 3198/4673/2113 3760/4672/2102 3188/4683/2101
f 2507/4688/2119 3214/4687/2118 3767/4686/2062 3201/4689/2120
f 2507/4688/2119 3201/4689/2120 3766/4660/2108 3215/4659/2107
f 2507/4688/2119 3215/4659/2107 3774/4666/1 3209/4680/1
f 2507/4688/2119 3209/4680/1 3775/4674/1 3214/4687/2118
f 6549/4690/2121 7418/4691/2084 3754/4692/2084 3183/4693/2121
f 6549/4690/2121 3183/4693/2121 3773/4694/2068 7461/4695/2068
f 6550/4696/2068 7461/4695/2068 3773/4694/2068 3207/4697/2068
f 6550/4696/2068 3207/4697/2068 3772/4598/2068 7462/4600/2068
f 2508/4698/2122 3180/4699/2090 3750/4700/2089 3200/4701/2109
f 2508/4698/2122 3200/4701/2109 3766/4702/2108 3216/4703/2123
f 2508/4698/2122 3216/4703/2123 3773/4694/2068 3183/4693/2121
f 2508/4698/2122 3183/4693/2121 3754/4692/2084 3180/4699/2090
f 2509/4704/2124 3216/4703/2123 3766/4702/2108 3201/4705/2120
f 2509/4704/2124 3201/4705/2120 3767/4592/2062 3217/4591/2061
f 2509/4704/2124 3217/4591/2061 3772/4598/2068 3207/4697/2068
f 2509/4704/2124 3207/4697/2068 3773/4694/2068 3216/4703/2123
f 6553/4706/2125 7465/4707/2044 3771/4708/2044 3182/4709/2125
f 6553/4706/2125 3182/4709/2125 3755/4710/2081 7419/4711/2081
f 6554/4712/2044 7466/4589/2044 3770/4571/2044 3205/4713/2044
f 6554/4712/2044 3205/4713/2044 3771/4708/2044 7465/4707/2044
f 2510/4714/2126 3178/4715/2072 3761/4678/2071 3199/4677/2115
f 2510/4714/2126 3199/4677/2115 3777/4676/2114 3218/4716/2127
f 2510/4714/2126 3218/4716/2127 3769/4717/2050 3177/4718/2049
f 2510/4714/2126 3177/4718/2049 3753/4719/2048 3178/4715/2072
f 2511/4720/2128 3218/4716/2127 3777/4676/2114 3211/4681/2116
f 2511/4720/2128 3211/4681/2116 3776/4580/2053 3219/4579/2052
f 2511/4720/2128 3219/4579/2052 3768/4586/2059 3203/4721/2129
f 2511/4720/2128 3203/4721/2129 3769/4717/2050 3218/4716/2127
f 2512/4722/2130 3176/4723/2082 3755/4710/2081 3182/4709/2125
f 2512/4722/2130 3182/4709/2125 3771/4708/2044 3220/4724/2131
f 2512/4722/2130 3220/4724/2131 3768/4725/2059 3202/4726/2058
f 2512/4722/2130 3202/4726/2058 3751/4727/2057 3176/4723/2082
f 2513/4728/2132 3220/4724/2131 3771/4708/2044 3205/4713/2044
f 2513/4728/2132 3205/4713/2044 3770/4571/2044 3221/4570/2043
f 2513/4728/2132 3221/4570/2043 3769/4577/2050 3203/4729/2129
f 2513/4728/2132 3203/4729/2129 3768/4725/2059 3220/4724/2131
f 2514/4730/2133 3269/4731/2134 3798/4732/2135 3252/4733/2136
f 2514/4730/2133 3252/4733/2136 3785/4734/2137 3227/4735/2138
f 2514/4730/2133 3227/4735/2138 3781/4736/2139 3225/4737/2140
f 2514/4730/2133 3225/4737/2140 3797/4738/2141 3269/4731/2134
f 2515/4739/2142 3267/4740/2143 3804/4741/1 3258/4742/2144
f 2515/4739/2142 3258/4742/2144 3787/4743/2145 3222/4744/2146
f 2515/4739/2142 3222/4744/2146 3779/4745/2147 3250/4746/2148
f 2515/4739/2142 3250/4746/2148 3796/4747/2149 3267/4740/2143
f 6561/4748/2136 7482/4749/2137 3785/4734/2137 3252/4733/2136
f 6561/4748/2136 3252/4733/2136 3798/4732/2135 7526/4750/2135
f 2516/4751/2150 3265/4752/2151 3795/4753/2152 3223/4754/2153
f 2516/4751/2150 3223/4754/2153 3780/4755/2154 3229/4756/2155
f 2516/4751/2150 3229/4756/2155 3784/4757/2156 3254/4758/2157
f 2516/4751/2150 3254/4758/2157 3800/4759/2158 3265/4752/2151
f 6563/4760/2157 7522/4761/2158 3800/4759/2158 3254/4758/2157
f 6563/4760/2157 3254/4758/2157 3784/4757/2156 7481/4762/2159
f 2517/4763/2160 3245/4764/2161 3789/4765/2162 3226/4766/2163
f 2517/4763/2160 3226/4766/2163 3781/4767/2139 3227/4768/2138
f 2517/4763/2160 3227/4768/2138 3785/4769/2137 3238/4770/2164
f 2517/4763/2160 3238/4770/2164 3790/4771/2165 3245/4764/2161
f 6565/4772/2164 7500/4773/2165 3790/4771/2165 3238/4770/2164
f 6565/4772/2164 3238/4770/2164 3785/4769/2137 7482/4774/2137
f 2518/4775/2166 3222/4776/2146 3787/4777/2145 3243/4778/2167
f 2518/4775/2166 3243/4778/2167 3793/4779/2168 3233/4780/2169
f 2518/4775/2166 3233/4780/2169 3783/4781/2170 3224/4782/2171
f 2518/4775/2166 3224/4782/2171 3779/4783/2147 3222/4776/2146
f 6567/4784/2169 3233/4780/2169 3793/4779/2168 7496/4785/2168
f 6567/4784/2169 7479/4786/2170 3783/4781/2170 3233/4780/2169
f 6568/4787/2172 3240/4788/2172 3782/4789/2173 7478/4790/2173
f 6568/4787/2172 7495/4791/2174 3792/4792/2174 3240/4788/2172
f 6569/4793/2175 3241/4794/2175 3792/4792/2174 7495/4791/2174
f 6569/4793/2175 7496/4785/2168 3793/4779/2168 3241/4794/2175
f 2519/4795/2176 3234/4796/2177 3778/4797/2178 3228/4798/2179
f 2519/4795/2176 3228/4798/2179 3782/4789/2173 3240/4788/2172
f 2519/4795/2176 3240/4788/2172 3792/4792/2174 3242/4799/2180
f 2519/4795/2176 3242/4799/2180 3786/4800/2181 3234/4796/2177
f 2520/4801/2182 3235/4802/2183 3786/4800/2181 3242/4799/2180
f 2520/4801/2182 3242/4799/2180 3792/4792/2174 3241/4794/2175
f 2520/4801/2182 3241/4794/2175 3793/4779/2168 3243/4778/2167
f 2520/4801/2182 3243/4778/2167 3787/4777/2145 3235/4802/2183
f 6572/4803/2184 7481/4804/2159 3784/4805/2156 3232/4806/2184
f 6572/4803/2184 3232/4806/2184 3791/4807/2185 7499/4808/2185
f 6573/4809/2186 7499/4808/2185 3791/4807/2185 3239/4810/2186
f 6573/4809/2186 3239/4810/2186 3790/4771/2165 7500/4773/2165
f 2521/4811/2187 3229/4812/2155 3780/4813/2154 3236/4814/2188
f 2521/4811/2187 3236/4814/2188 3788/4815/2189 3244/4816/2190
f 2521/4811/2187 3244/4816/2190 3791/4807/2185 3232/4806/2184
f 2521/4811/2187 3232/4806/2184 3784/4805/2156 3229/4812/2155
f 2522/4817/2191 3244/4816/2190 3788/4815/2189 3237/4818/2192
f 2522/4817/2191 3237/4818/2192 3789/4765/2162 3245/4764/2161
f 2522/4817/2191 3245/4764/2161 3790/4771/2165 3239/4810/2186
f 2522/4817/2191 3239/4810/2186 3791/4807/2185 3244/4816/2190
f 2523/4819/2193 3263/4820/2194 3794/4821/2195 3248/4822/2196
f 2523/4819/2193 3248/4822/2196 3778/4823/2178 3234/4824/2177
f 2523/4819/2193 3234/4824/2177 3786/4825/2181 3256/4826/2197
f 2523/4819/2193 3256/4826/2197 3802/4827/2198 3263/4820/2194
f 2524/4828/2199 3261/4829/2200 3802/4827/2198 3256/4826/2197
f 2524/4828/2199 3256/4826/2197 3786/4825/2181 3235/4830/2183
f 2524/4828/2199 3235/4830/2183 3787/4743/2145 3258/4742/2144
f 2524/4828/2199 3258/4742/2144 3804/4741/1 3261/4829/2200
f 2525/4831/2201 3237/4832/2192 3788/4833/2189 3246/4834/2202
f 2525/4831/2201 3246/4834/2202 3803/4835/2203 3260/4836/2204
f 2525/4831/2201 3260/4836/2204 3805/4837/1 3247/4838/2205
f 2525/4831/2201 3247/4838/2205 3789/4839/2162 3237/4832/2192
f 2526/4840/2206 3260/4836/2204 3803/4835/2203 3257/4841/2207
f 2526/4840/2206 3257/4841/2207 3802/4827/2198 3261/4829/2200
f 2526/4840/2206 3261/4829/2200 3804/4741/1 3259/4842/1
f 2526/4840/2206 3259/4842/1 3805/4837/1 3260/4836/2204
f 2527/4843/2208 3236/4844/2188 3780/4845/2154 3223/4846/2153
f 2527/4843/2208 3223/4846/2153 3795/4847/2152 3262/4848/2209
f 2527/4843/2208 3262/4848/2209 3803/4835/2203 3246/4834/2202
f 2527/4843/2208 3246/4834/2202 3788/4833/2189 3236/4844/2188
f 2528/4849/2210 3262/4848/2209 3795/4847/2152 3249/4850/2211
f 2528/4849/2210 3249/4850/2211 3794/4821/2195 3263/4820/2194
f 2528/4849/2210 3263/4820/2194 3802/4827/2198 3257/4841/2207
f 2528/4849/2210 3257/4841/2207 3803/4835/2203 3262/4848/2209
f 6582/4851/2212 7478/4852/2173 3782/4853/2173 3231/4854/2212
f 6582/4851/2212 3231/4854/2212 3801/4855/2158 7521/4856/2158
f 6583/4857/2158 7521/4856/2158 3801/4855/2158 3255/4858/2158
f 6583/4857/2158 3255/4858/2158 3800/4759/2158 7522/4761/2158
f 2529/4859/2213 3228/4860/2179 3778/4861/2178 3248/4862/2196
f 2529/4859/2213 3248/4862/2196 3794/4863/2195 3264/4864/2214
f 2529/4859/2213 3264/4864/2214 3801/4855/2158 3231/4854/2212
f 2529/4859/2213 3231/4854/2212 3782/4853/2173 3228/4860/2179
f 2530/4865/2215 3264/4864/2214 3794/4863/2195 3249/4866/2211
f 2530/4865/2215 3249/4866/2211 3795/4753/2152 3265/4752/2151
f 2530/4865/2215 3265/4752/2151 3800/4759/2158 3255/4858/2158
f 2530/4865/2215 3255/4858/2158 3801/4855/2158 3264/4864/2214
f 6586/4867/2216 7525/4868/2135 3799/4869/2135 3230/4870/2216
f 6586/4867/2216 3230/4870/2216 3783/4871/2170 7479/4872/2170
f 6587/4873/2135 7526/4750/2135 3798/4732/2135 3253/4874/2135
f 6587/4873/2135 3253/4874/2135 3799/4869/2135 7525/4868/2135
f 2531/4875/2217 3226/4876/2163 3789/4839/2162 3247/4838/2205
f 2531/4875/2217 3247/4838/2205 3805/4837/1 3266/4877/2218
f 2531/4875/2217 3266/4877/2218 3797/4878/2141 3225/4879/2140
f 2531/4875/2217 3225/4879/2140 3781/4880/2139 3226/4876/2163
f 2532/4881/2219 3266/4877/2218 3805/4837/1 3259/4842/1
f 2532/4881/2219 3259/4842/1 3804/4741/1 3267/4740/2143
f 2532/4881/2219 3267/4740/2143 3796/4747/2149 3251/4882/2220
f 2532/4881/2219 3251/4882/2220 3797/4878/2141 3266/4877/2218
f 2533/4883/2221 3224/4884/2171 3783/4871/2170 3230/4870/2216
f 2533/4883/2221 3230/4870/2216 3799/4869/2135 3268/4885/2222
f 2533/4883/2221 3268/4885/2222 3796/4886/2149 3250/4887/2148
f 2533/4883/2221 3250/4887/2148 3779/4888/2147 3224/4884/2171
f 2534/4889/2223 3268/4885/2222 3799/4869/2135 3253/4874/2135
f 2534/4889/2223 3253/4874/2135 3798/4732/2135 3269/4731/2134
f 2534/4889/2223 3269/4731/2134 3797/4738/2141 3251/4890/2220
f 2534/4889/2223 3251/4890/2220 3796/4886/2149 3268/4885/2222
f 2535/4891/2224 3317/4892/2225 3826/4893/2226 3300/4894/2227
f 2535/4891/2224 3300/4894/2227 3813/4895/2228 3275/4896/2229
f 2535/4891/2224 3275/4896/2229 3809/4897/2230 3273/4898/2231
f 2535/4891/2224 3273/4898/2231 3825/4899/2232 3317/4892/2225
f 2536/4900/2233 3315/4901/2234 3832/4902/2235 3306/4903/2236
f 2536/4900/2233 3306/4903/2236 3815/4904/2237 3270/4905/2238
f 2536/4900/2233 3270/4905/2238 3807/4906/2239 3298/4907/2240
f 2536/4900/2233 3298/4907/2240 3824/4908/2241 3315/4901/2234
f 6594/4909/2227 7542/4910/2228 3813/4895/2228 3300/4894/2227
f 6594/4909/2227 3300/4894/2227 3826/4893/2226 7586/4911/2226
f 2537/4912/2242 3313/4913/2243 3823/4914/2244 3271/4915/2245
f 2537/4912/2242 3271/4915/2245 3808/4916/2246 3277/4917/2247
f 2537/4912/2242 3277/4917/2247 3812/4918/2248 3302/4919/2249
f 2537/4912/2242 3302/4919/2249 3828/4920/2250 3313/4913/2243
f 6596/4921/2249 7582/4922/2250 3828/4920/2250 3302/4919/2249
f 6596/4921/2249 3302/4919/2249 3812/4918/2248 7541/4923/2248
f 2538/4924/2251 3293/4925/2252 3817/4926/2253 3274/4927/2254
f 2538/4924/2251 3274/4927/2254 3809/4928/2230 3275/4929/2229
f 2538/4924/2251 3275/4929/2229 3813/4930/2228 3286/4931/2255
f 2538/4924/2251 3286/4931/2255 3818/4932/2256 3293/4925/2252
f 6598/4933/2257 7560/4934/2258 3818/4932/2256 3286/4931/2255
f 6598/4933/2257 3286/4931/2255 3813/4930/2228 7542/4935/2228
f 2539/4936/2259 3270/4937/2238 3815/4938/2237 3291/4939/2260
f 2539/4936/2259 3291/4939/2260 3821/4940/2261 3281/4941/2262
f 2539/4936/2259 3281/4941/2262 3811/4942/2263 3272/4943/2264
f 2539/4936/2259 3272/4943/2264 3807/4944/2239 3270/4937/2238
f 6600/4945/2265 3281/4941/2262 3821/4940/2261 7556/4946/2261
f 6600/4945/2265 7539/4947/2263 3811/4942/2263 3281/4941/2262
f 6601/4948/2266 3288/4949/2266 3810/4950/2267 7538/4951/2267
f 6601/4948/2266 7555/4952/2268 3820/4953/2268 3288/4949/2266
f 6602/4954/2269 3289/4955/2269 3820/4953/2268 7555/4952/2268
f 6602/4954/2269 7556/4946/2261 3821/4940/2261 3289/4955/2269
f 2540/4956/2270 3282/4957/2271 3806/4958/2272 3276/4959/2273
f 2540/4956/2270 3276/4959/2273 3810/4950/2267 3288/4949/2266
f 2540/4956/2270 3288/4949/2266 3820/4953/2268 3290/4960/2274
f 2540/4956/2270 3290/4960/2274 3814/4961/2275 3282/4957/2271
f 2541/4962/2276 3283/4963/2277 3814/4961/2275 3290/4960/2274
f 2541/4962/2276 3290/4960/2274 3820/4953/2268 3289/4955/2269
f 2541/4962/2276 3289/4955/2269 3821/4940/2261 3291/4939/2260
f 2541/4962/2276 3291/4939/2260 3815/4938/2237 3283/4963/2277
f 6605/4964/2278 7541/4965/2248 3812/4966/2248 3280/4967/2278
f 6605/4964/2278 3280/4967/2278 3819/4968/2279 7559/4969/2280
f 6606/4970/2281 7559/4969/2280 3819/4968/2279 3287/4971/2282
f 6606/4970/2281 3287/4971/2282 3818/4932/2256 7560/4934/2258
f 2542/4972/2283 3277/4973/2247 3808/4974/2246 3284/4975/2284
f 2542/4972/2283 3284/4975/2284 3816/4976/2285 3292/4977/2286
f 2542/4972/2283 3292/4977/2286 3819/4968/2279 3280/4967/2278
f 2542/4972/2283 3280/4967/2278 3812/4966/2248 3277/4973/2247
f 2543/4978/2287 3292/4977/2286 3816/4976/2285 3285/4979/2288
f 2543/4978/2287 3285/4979/2288 3817/4926/2253 3293/4925/2252
f 2543/4978/2287 3293/4925/2252 3818/4932/2256 3287/4971/2282
f 2543/4978/2287 3287/4971/2282 3819/4968/2279 3292/4977/2286
f 2544/4980/2289 3311/4981/2290 3822/4982/2291 3296/4983/2292
f 2544/4980/2289 3296/4983/2292 3806/4984/2272 3282/4985/2271
f 2544/4980/2289 3282/4985/2271 3814/4986/2275 3304/4987/2293
f 2544/4980/2289 3304/4987/2293 3830/4988/2294 3311/4981/2290
f 2545/4989/2295 3309/4990/2296 3830/4988/2294 3304/4987/2293
f 2545/4989/2295 3304/4987/2293 3814/4986/2275 3283/4991/2277
f 2545/4989/2295 3283/4991/2277 3815/4904/2237 3306/4903/2236
f 2545/4989/2295 3306/4903/2236 3832/4902/2235 3309/4990/2296
f 2546/4992/2297 3285/4993/2288 3816/4994/2285 3294/4995/2298
f 2546/4992/2297 3294/4995/2298 3831/4996/2299 3308/4997/2300
f 2546/4992/2297 3308/4997/2300 3833/4998/2301 3295/4999/2302
f 2546/4992/2297 3295/4999/2302 3817/5000/2253 3285/4993/2288
f 2547/5001/2300 3308/4997/2300 3831/4996/2299 3305/5002/2303
f 2547/5001/2300 3305/5002/2303 3830/4988/2294 3309/4990/2296
f 2547/5001/2300 3309/4990/2296 3832/4902/2235 3307/5003/2304
f 2547/5001/2300 3307/5003/2304 3833/4998/2301 3308/4997/2300
f 2548/5004/2305 3284/5005/2284 3808/5006/2246 3271/5007/2245
f 2548/5004/2305 3271/5007/2245 3823/5008/2244 3310/5009/2306
f 2548/5004/2305 3310/5009/2306 3831/4996/2299 3294/4995/2298
f 2548/5004/2305 3294/4995/2298 3816/4994/2285 3284/5005/2284
f 2549/5010/2307 3310/5009/2306 3823/5008/2244 3297/5011/2308
f 2549/5010/2307 3297/5011/2308 3822/4982/2291 3311/4981/2290
f 2549/5010/2307 3311/4981/2290 3830/4988/2294 3305/5002/2303
f 2549/5010/2307 3305/5002/2303 3831/4996/2299 3310/5009/2306
f 6615/5012/2309 7538/5013/2267 3810/5014/2267 3279/5015/2309
f 6615/5012/2309 3279/5015/2309 3829/5016/2250 7581/5017/2250
f 6616/5018/2250 7581/5017/2250 3829/5016/2250 3303/5019/2250
f 6616/5018/2250 3303/5019/2250 3828/4920/2250 7582/4922/2250
f 2550/5020/2310 3276/5021/2273 3806/5022/2272 3296/5023/2292
f 2550/5020/2310 3296/5023/2292 3822/5024/2291 3312/5025/2311
f 2550/5020/2310 3312/5025/2311 3829/5016/2250 3279/5015/2309
f 2550/5020/2310 3279/5015/2309 3810/5014/2267 3276/5021/2273
f 2551/5026/2312 3312/5025/2311 3822/5024/2291 3297/5027/2308
f 2551/5026/2312 3297/5027/2308 3823/4914/2244 3313/4913/2243
f 2551/5026/2312 3313/4913/2243 3828/4920/2250 3303/5019/2250
f 2551/5026/2312 3303/5019/2250 3829/5016/2250 3312/5025/2311
f 6619/5028/2313 7585/5029/2226 3827/5030/2226 3278/5031/2313
f 6619/5028/2313 3278/5031/2313 3811/5032/2263 7539/5033/2263
f 6620/5034/2226 7586/4911/2226 3826/4893/2226 3301/5035/2226
f 6620/5034/2226 3301/5035/2226 3827/5030/2226 7585/5029/2226
f 2552/5036/2314 3274/5037/2254 3817/5000/2253 3295/4999/2302
f 2552/5036/2314 3295/4999/2302 3833/4998/2301 3314/5038/2315
f 2552/5036/2314 3314/5038/2315 3825/5039/2232 3273/5040/2231
f 2552/5036/2314 3273/5040/2231 3809/5041/2230 3274/5037/2254
f 2553/5042/2316 3314/5038/2315 3833/4998/2301 3307/5003/2304
f 2553/5042/2316 3307/5003/2304 3832/4902/2235 3315/4901/2234
f 2553/5042/2316 3315/4901/2234 3824/4908/2241 3299/5043/2317
f 2553/5042/2316 3299/5043/2317 3825/5039/2232 3314/5038/2315
f 2554/5044/2318 3272/5045/2264 3811/5032/2263 3278/5031/2313
f 2554/5044/2318 3278/5031/2313 3827/5030/2226 3316/5046/2319
f 2554/5044/2318 3316/5046/2319 3824/5047/2241 3298/5048/2240
f 2554/5044/2318 3298/5048/2240 3807/5049/2239 3272/5045/2264
f 2555/5050/2320 3316/5046/2319 3827/5030/2226 3301/5035/2226
f 2555/5050/2320 3301/5035/2226 3826/4893/2226 3317/4892/2225
f 2555/5050/2320 3317/4892/2225 3825/4899/2232 3299/5051/2317
f 2555/5050/2320 3299/5051/2317 3824/5047/2241 3316/5046/2319
f 2556/5052/2321 3365/5053/2322 3854/5054/2323 3348/5055/2324
f 2556/5052/2321 3348/5055/2324 3841/5056/2325 3323/5057/2326
f 2556/5052/2321 3323/5057/2326 3837/5058/2327 3321/5059/2328
f 2556/5052/2321 3321/5059/2328 3853/5060/2329 3365/5053/2322
f 2557/5061/2330 3363/5062/2331 3860/5063/2332 3354/5064/2333
f 2557/5061/2330 3354/5064/2333 3843/5065/2334 3318/5066/2335
f 2557/5061/2330 3318/5066/2335 3835/5067/2336 3346/5068/2337
f 2557/5061/2330 3346/5068/2337 3852/5069/2338 3363/5062/2331
f 6627/5070/2324 7602/5071/2325 3841/5056/2325 3348/5055/2324
f 6627/5070/2324 3348/5055/2324 3854/5054/2323 7646/5072/2323
f 2558/5073/2339 3361/5074/2340 3851/5075/2341 3319/5076/2342
f 2558/5077/2339 3319/5078/2342 3836/5079/2343 3325/5080/2344
f 2558/5073/2339 3325/5081/2344 3840/5082/2345 3350/5083/2346
f 2558/5073/2339 3350/5083/2346 3856/5084/2347 3361/5074/2340
f 6629/5085/2348 7642/5086/2347 3856/5084/2347 3350/5083/2346
f 6629/5085/2348 3350/5083/2346 3840/5082/2345 7601/5087/2345
f 2559/5088/2349 3341/5089/2350 3845/5090/2351 3322/5091/2352
f 2559/5088/2349 3322/5091/2352 3837/5092/2327 3323/5093/2326
f 2559/5088/2349 3323/5093/2326 3841/5094/2325 3334/5095/2353
f 2559/5088/2349 3334/5095/2353 3846/5096/2354 3341/5089/2350
f 6631/5097/2355 7620/5098/2354 3846/5096/2354 3334/5095/2353
f 6631/5097/2355 3334/5095/2353 3841/5094/2325 7602/5099/2325
f 2560/5100/2356 3318/5101/2335 3843/5102/2334 3339/5103/2357
f 2560/5100/2356 3339/5103/2357 3849/5104/2358 3329/5105/2359
f 2560/5100/2356 3329/5105/2359 3839/5106/2360 3320/5107/2361
f 2560/5100/2356 3320/5107/2361 3835/5108/2336 3318/5101/2335
f 6633/5109/2359 3329/5105/2359 3849/5104/2358 7616/5110/2358
f 6633/5109/2359 7599/5111/2360 3839/5106/2360 3329/5105/2359
f 6634/5112/2362 3336/5113/2362 3838/5114/2363 7598/5115/2363
f 6634/5112/2362 7615/5116/2364 3848/5117/2364 3336/5113/2362
f 6635/5118/2365 3337/5119/2365 3848/5117/2364 7615/5116/2364
f 6635/5118/2365 7616/5110/2358 3849/5104/2358 3337/5119/2365
f 2561/5120/2366 3330/5121/2367 3834/5122/2368 3324/5123/2369
f 2561/5120/2366 3324/5123/2369 3838/5114/2363 3336/5113/2362
f 2561/5120/2366 3336/5113/2362 3848/5117/2364 3338/5124/2370
f 2561/5120/2366 3338/5124/2370 3842/5125/2371 3330/5121/2367
f 2562/5126/2372 3331/5127/2373 3842/5125/2371 3338/5124/2370
f 2562/5126/2372 3338/5124/2370 3848/5117/2364 3337/5119/2365
f 2562/5126/2372 3337/5119/2365 3849/5104/2358 3339/5103/2357
f 2562/5126/2372 3339/5103/2357 3843/5102/2334 3331/5127/2373
f 6638/5128/2374 7601/5129/2345 3840/5130/2345 3328/5131/2374
f 6638/5128/2374 3328/5131/2374 3847/5132/2375 7619/5133/2375
f 6639/5134/2376 7619/5133/2375 3847/5132/2375 3335/5135/2376
f 6639/5134/2376 3335/5135/2376 3846/5096/2354 7620/5098/2354
f 2563/5136/2377 3325/5080/2344 3836/5079/2343 3332/5137/2378
f 2563/5136/2377 3332/5137/2378 3844/5138/2379 3340/5139/2380
f 2563/5136/2377 3340/5139/2380 3847/5132/2375 3328/5131/2374
f 2563/5136/2377 3328/5131/2374 3840/5130/2345 3325/5080/2344
f 2564/5140/2381 3340/5139/2380 3844/5138/2379 3333/5141/2382
f 2564/5140/2381 3333/5141/2382 3845/5090/2351 3341/5089/2350
f 2564/5140/2381 3341/5089/2350 3846/5096/2354 3335/5135/2376
f 2564/5140/2381 3335/5135/2376 3847/5132/2375 3340/5139/2380
f 2565/5142/2383 3359/5143/2384 3850/5144/2385 3344/5145/2386
f 2565/5142/2383 3344/5145/2386 3834/5146/2368 3330/5147/2367
f 2565/5142/2383 3330/5147/2367 3842/5148/2371 3352/5149/2387
f 2565/5142/2383 3352/5149/2387 3858/5150/2388 3359/5143/2384
f 2566/5151/2389 3357/5152/2332 3858/5150/2388 3352/5149/2387
f 2566/5151/2389 3352/5149/2387 3842/5148/2371 3331/5153/2373
f 2566/5151/2389 3331/5153/2373 3843/5065/2334 3354/5064/2333
f 2566/5151/2389 3354/5064/2333 3860/5063/2332 3357/5152/2332
f 2567/5154/2390 3333/5155/2382 3844/5156/2379 3342/5157/2391
f 2567/5154/2390 3342/5157/2391 3859/5158/2392 3356/5159/2393
f 2567/5154/2390 3356/5159/2393 3861/5160/2393 3343/5161/2394
f 2567/5154/2390 3343/5161/2394 3845/5162/2351 3333/5155/2382
f 2568/5163/2395 3356/5159/2393 3859/5158/2392 3353/5164/2396
f 2568/5163/2395 3353/5164/2396 3858/5150/2388 3357/5152/2332
f 2568/5163/2395 3357/5152/2332 3860/5063/2332 3355/5165/2395
f 2568/5163/2395 3355/5165/2395 3861/5160/2393 3356/5159/2393
f 2569/5166/2397 3332/5167/2378 3836/5168/2343 3319/5169/2342
f 2569/5166/2397 3319/5169/2342 3851/5170/2341 3358/5171/2398
f 2569/5166/2397 3358/5171/2398 3859/5158/2392 3342/5157/2391
f 2569/5166/2397 3342/5157/2391 3844/5156/2379 3332/5167/2378
f 2570/5172/2399 3358/5171/2398 3851/5170/2341 3345/5173/2400
f 2570/5172/2399 3345/5173/2400 3850/5144/2385 3359/5143/2384
f 2570/5172/2399 3359/5143/2384 3858/5150/2388 3353/5164/2396
f 2570/5172/2399 3353/5164/2396 3859/5158/2392 3358/5171/2398
f 6648/5174/2401 7598/5175/2363 3838/5176/2363 3327/5177/2401
f 6648/5174/2401 3327/5177/2401 3857/5178/2347 7641/5179/2347
f 6649/5180/2347 7641/5179/2347 3857/5178/2347 3351/5181/2347
f 6649/5180/2347 3351/5181/2347 3856/5084/2347 7642/5086/2347
f 2571/5182/2402 3324/5183/2369 3834/5184/2368 3344/5185/2386
f 2571/5182/2402 3344/5185/2386 3850/5186/2385 3360/5187/2403
f 2571/5182/2402 3360/5187/2403 3857/5178/2347 3327/5177/2401
f 2571/5182/2402 3327/5177/2401 3838/5176/2363 3324/5183/2369
f 2572/5188/2404 3360/5187/2403 3850/5186/2385 3345/5189/2400
f 2572/5188/2404 3345/5189/2400 3851/5075/2341 3361/5074/2340
f 2572/5188/2404 3361/5074/2340 3856/5084/2347 3351/5181/2347
f 2572/5188/2404 3351/5181/2347 3857/5178/2347 3360/5187/2403
f 6652/5190/2405 7645/5191/2323 3855/5192/2323 3326/5193/2406
f 6652/5190/2405 3326/5193/2406 3839/5194/2360 7599/5195/2360
f 6653/5196/2323 7646/5072/2323 3854/5054/2323 3349/5197/2323
f 6653/5196/2323 3349/5197/2323 3855/5192/2323 7645/5191/2323
f 2573/5198/2407 3322/5199/2352 3845/5162/2351 3343/5161/2394
f 2573/5198/2407 3343/5161/2394 3861/5160/2393 3362/5200/2408
f 2573/5198/2407 3362/5200/2408 3853/5201/2329 3321/5202/2328
f 2573/5198/2407 3321/5202/2328 3837/5203/2327 3322/5199/2352
f 2574/5204/2409 3362/5200/2408 3861/5160/2393 3355/5165/2395
f 2574/5204/2409 3355/5165/2395 3860/5063/2332 3363/5062/2331
f 2574/5204/2409 3363/5062/2331 3852/5069/2338 3347/5205/2410
f 2574/5204/2409 3347/5205/2410 3853/5201/2329 3362/5200/2408
f 2575/5206/2411 3320/5207/2361 3839/5194/2360 3326/5193/2406
f 2575/5206/2411 3326/5193/2406 3855/5192/2323 3364/5208/2412
f 2575/5206/2411 3364/5208/2412 3852/5209/2338 3346/5210/2337
f 2575/5206/2411 3346/5210/2337 3835/5211/2336 3320/5207/2361
f 2576/5212/2413 3364/5208/2412 3855/5192/2323 3349/5197/2323
f 2576/5212/2413 3349/5197/2323 3854/5054/2323 3365/5053/2322
f 2576/5212/2413 3365/5053/2322 3853/5060/2329 3347/5213/2410
f 2576/5212/2413 3347/5213/2410 3852/5209/2338 3364/5208/2412
f 2577/5214/2414 3413/5215/2415 3882/5216/2416 3396/5217/2417
f 2577/5214/2414 3396/5217/2417 3869/5218/2418 3371/5219/2419
f 2577/5214/2414 3371/5219/2419 3865/5220/2420 3369/5221/2421
f 2577/5214/2414 3369/5221/2421 3881/5222/2422 3413/5215/2415
f 2578/5223/2423 3411/5224/2424 3888/5225/2425 3402/5226/2426
f 2578/5223/2423 3402/5226/2426 3871/5227/2427 3366/5228/2428
f 2578/5223/2423 3366/5228/2428 3863/5229/2429 3394/5230/2430
f 2578/5223/2423 3394/5230/2430 3880/5231/2431 3411/5224/2424
f 6660/5232/2417 7662/5233/2418 3869/5218/2418 3396/5217/2417
f 6660/5232/2417 3396/5217/2417 3882/5216/2416 7706/5234/2416
f 2579/5235/2432 3409/5236/2433 3879/5237/2434 3367/5238/2435
f 2579/5239/2432 3367/5240/2435 3864/5241/2436 3373/5242/2437
f 2579/5239/2432 3373/5242/2437 3868/5243/2438 3398/5244/2439
f 2579/5235/2432 3398/5245/2439 3884/5246/2440 3409/5236/2433
f 6662/5247/2439 7702/5248/2440 3884/5246/2440 3398/5245/2439
f 6662/5249/2439 3398/5244/2439 3868/5243/2438 7661/5250/2438
f 2580/5251/2441 3389/5252/2442 3873/5253/2443 3370/5254/2444
f 2580/5251/2441 3370/5254/2444 3865/5255/2420 3371/5256/2419
f 2580/5251/2441 3371/5256/2419 3869/5257/2418 3382/5258/2445
f 2580/5251/2441 3382/5258/2445 3874/5259/2446 3389/5252/2442
f 6664/5260/2445 7680/5261/2447 3874/5259/2446 3382/5258/2445
f 6664/5260/2445 3382/5258/2445 3869/5257/2418 7662/5262/2418
f 2581/5263/2448 3366/5264/2428 3871/5265/2427 3387/5266/2449
f 2581/5263/2448 3387/5266/2449 3877/5267/2450 3377/5268/2451
f 2581/5263/2448 3377/5268/2451 3867/5269/2452 3368/5270/2453
f 2581/5263/2448 3368/5270/2453 3863/5271/2429 3366/5264/2428
f 6666/5272/2451 3377/5268/2451 3877/5267/2450 7676/5273/2454
f 6666/5272/2451 7659/5274/2452 3867/5269/2452 3377/5268/2451
f 6667/5275/2455 3384/5276/2456 3866/5277/2457 7658/5278/2457
f 6667/5275/2455 7675/5279/2458 3876/5280/2459 3384/5276/2456
f 6668/5281/2460 3385/5282/2461 3876/5280/2459 7675/5279/2458
f 6668/5281/2460 7676/5283/2454 3877/5284/2450 3385/5282/2461
f 2582/5285/2462 3378/5286/2463 3862/5287/2464 3372/5288/2465
f 2582/5285/2462 3372/5288/2465 3866/5277/2457 3384/5276/2456
f 2582/5285/2462 3384/5276/2456 3876/5280/2459 3386/5289/2466
f 2582/5285/2462 3386/5289/2466 3870/5290/2467 3378/5286/2463
f 2583/5291/2468 3379/5292/2469 3870/5290/2467 3386/5289/2466
f 2583/5291/2468 3386/5289/2466 3876/5280/2459 3385/5282/2461
f 2583/5291/2468 3385/5282/2461 3877/5284/2450 3387/5293/2449
f 2583/5291/2468 3387/5293/2449 3871/5294/2427 3379/5292/2469
f 6671/5295/2470 7661/5250/2438 3868/5243/2438 3376/5296/2471
f 6671/5295/2470 3376/5296/2471 3875/5297/2472 7679/5298/2473
f 6672/5299/2474 7679/5298/2473 3875/5297/2472 3383/5300/2475
f 6672/5299/2474 3383/5300/2475 3874/5301/2446 7680/5302/2447
f 2584/5303/2476 3373/5242/2437 3864/5241/2436 3380/5304/2477
f 2584/5303/2476 3380/5304/2477 3872/5305/2478 3388/5306/2479
f 2584/5303/2476 3388/5306/2479 3875/5297/2472 3376/5296/2471
f 2584/5303/2476 3376/5296/2471 3868/5243/2438 3373/5242/2437
f 2585/5307/2480 3388/5306/2479 3872/5305/2478 3381/5308/2481
f 2585/5307/2480 3381/5308/2481 3873/5309/2443 3389/5310/2442
f 2585/5307/2480 3389/5310/2442 3874/5301/2446 3383/5300/2475
f 2585/5307/2480 3383/5300/2475 3875/5297/2472 3388/5306/2479
f 2586/5311/2482 3407/5312/2483 3878/5313/2484 3392/5314/2485
f 2586/5311/2482 3392/5314/2485 3862/5315/2464 3378/5316/2463
f 2586/5311/2482 3378/5316/2463 3870/5317/2467 3400/5318/2486
f 2586/5311/2482 3400/5318/2486 3886/5319/2487 3407/5312/2483
f 2587/5320/2488 3405/5321/2425 3886/5319/2487 3400/5318/2486
f 2587/5320/2488 3400/5318/2486 3870/5317/2467 3379/5322/2469
f 2587/5320/2488 3379/5322/2469 3871/5323/2427 3402/5324/2426
f 2587/5320/2488 3402/5324/2426 3888/5325/2425 3405/5321/2425
f 2588/5326/2489 3381/5327/2481 3872/5328/2478 3390/5329/2490
f 2588/5326/2489 3390/5329/2490 3887/5330/2491 3404/5331/2492
f 2588/5326/2489 3404/5331/2492 3889/5332/2492 3391/5333/2493
f 2588/5326/2489 3391/5333/2493 3873/5334/2443 3381/5327/2481
f 2589/5335/2494 3404/5331/2492 3887/5330/2491 3401/5336/2495
f 2589/5335/2494 3401/5336/2495 3886/5319/2487 3405/5321/2425
f 2589/5335/2494 3405/5321/2425 3888/5325/2425 3403/5337/2496
f 2589/5335/2494 3403/5337/2496 3889/5332/2492 3404/5331/2492
f 2590/5338/2497 3380/5339/2477 3864/5340/2436 3367/5341/2435
f 2590/5338/2497 3367/5341/2435 3879/5342/2434 3406/5343/2498
f 2590/5338/2497 3406/5343/2498 3887/5330/2491 3390/5329/2490
f 2590/5338/2497 3390/5329/2490 3872/5328/2478 3380/5339/2477
f 2591/5344/2499 3406/5343/2498 3879/5342/2434 3393/5345/2500
f 2591/5344/2499 3393/5345/2500 3878/5313/2484 3407/5312/2483
f 2591/5344/2499 3407/5312/2483 3886/5319/2487 3401/5336/2495
f 2591/5344/2499 3401/5336/2495 3887/5330/2491 3406/5343/2498
f 6681/5346/2501 7658/5347/2457 3866/5348/2457 3375/5349/2501
f 6681/5346/2501 3375/5349/2501 3885/5350/2502 7701/5351/2502
f 6682/5352/2502 7701/5351/2502 3885/5350/2502 3399/5353/2502
f 6682/5352/2502 3399/5353/2502 3884/5246/2440 7702/5248/2440
f 2592/5354/2503 3372/5355/2465 3862/5356/2464 3392/5357/2485
f 2592/5354/2503 3392/5357/2485 3878/5358/2484 3408/5359/2504
f 2592/5354/2503 3408/5359/2504 3885/5350/2502 3375/5349/2501
f 2592/5354/2503 3375/5349/2501 3866/5348/2457 3372/5355/2465
f 2593/5360/2505 3408/5359/2504 3878/5358/2484 3393/5361/2500
f 2593/5360/2505 3393/5361/2500 3879/5237/2434 3409/5236/2433
f 2593/5360/2505 3409/5236/2433 3884/5246/2440 3399/5353/2502
f 2593/5360/2505 3399/5353/2502 3885/5350/2502 3408/5359/2504
f 6685/5362/2506 7705/5363/2416 3883/5364/2416 3374/5365/2506
f 6685/5362/2506 3374/5365/2506 3867/5366/2452 7659/5367/2452
f 6686/5368/2416 7706/5234/2416 3882/5216/2416 3397/5369/2416
f 6686/5368/2416 3397/5369/2416 3883/5364/2416 7705/5363/2416
f 2594/5370/2507 3370/5371/2444 3873/5372/2443 3391/5373/2493
f 2594/5370/2507 3391/5373/2493 3889/5374/2492 3410/5375/2508
f 2594/5370/2507 3410/5375/2508 3881/5376/2422 3369/5377/2421
f 2594/5370/2507 3369/5377/2421 3865/5378/2420 3370/5371/2444
f 2595/5379/2509 3410/5375/2508 3889/5374/2492 3403/5380/2496
f 2595/5379/2509 3403/5380/2496 3888/5225/2425 3411/5224/2424
f 2595/5379/2509 3411/5224/2424 3880/5231/2431 3395/5381/2510
f 2595/5379/2509 3395/5381/2510 3881/5376/2422 3410/5375/2508
f 2596/5382/2511 3368/5383/2453 3867/5366/2452 3374/5365/2506
f 2596/5382/2511 3374/5365/2506 3883/5364/2416 3412/5384/2512
f 2596/5382/2511 3412/5384/2512 3880/5385/2431 3394/5386/2430
f 2596/5387/2511 3394/5388/2430 3863/5271/2429 3368/5270/2453
f 2597/5389/2513 3412/5384/2512 3883/5364/2416 3397/5369/2416
f 2597/5389/2513 3397/5369/2416 3882/5216/2416 3413/5215/2415
f 2597/5389/2513 3413/5215/2415 3881/5222/2422 3395/5390/2510
f 2597/5389/2513 3395/5390/2510 3880/5385/2431 3412/5384/2512
f 3965/1/34 3966/4/32 3967/3/31 3968/2/33
f 3966/4/32 3969/6/30 3970/5/29 3967/3/31
f 3969/6/30 3971/8/28 3890/7/27 3970/5/29
f 3971/8/28 3891/10/26 3892/9/25 3890/7/27
f 3891/10/26 3893/12/24 3972/11/23 3892/9/25
f 3893/13/24 3894/16/22 3895/15/21 3972/14/23
f 3894/16/22 3896/18/20 3973/17/19 3895/15/21
f 3896/18/20 3897/20/18 3974/19/17 3973/17/19
f 3897/20/18 3898/22/16 3899/21/15 3974/19/17
f 3898/22/16 3900/24/14 3901/23/13 3899/21/15
f 3900/24/14 3975/26/12 3902/25/11 3901/23/13
f 3975/12/12 3903/10/10 3976/9/9 3902/11/11
f 3903/10/10 3904/8/8 3977/7/7 3976/9/9
f 3904/8/8 3978/6/6 3905/5/5 3977/7/7
f 3978/6/6 3906/4/4 3979/3/3 3905/5/5
f 3906/4/4 3907/1/1 3908/2/2 3979/3/3
f 3907/1/1 3909/28/64 3980/27/63 3908/2/2
f 3909/28/64 3981/30/62 3910/29/61 3980/27/63
f 3981/30/62 3982/32/60 3983/31/59 3910/29/61
f 3982/32/60 3911/34/58 3984/33/57 3983/31/59
f 3911/34/58 3985/36/56 3986/35/55 3984/33/57
f 3985/26/56 3987/24/54 3912/23/74 3986/25/55
f 3987/24/54 3913/37/52 3914/21/51 3912/23/74
f 3913/37/52 3988/38/50 3915/19/49 3914/21/51
f 3988/38/50 3989/39/48 3990/17/47 3915/19/49
f 3989/39/48 3916/16/46 3991/15/2514 3990/17/47
f 3916/16/46 3992/40/44 3917/14/43 3991/15/2514
f 3992/36/44 3918/42/42 3993/41/41 3917/35/43
f 3918/42/42 3994/32/40 3995/31/39 3993/41/41
f 3994/32/40 3996/44/38 3919/43/37 3995/31/39
f 3967/45/31 3970/76/29 3890/75/27 3892/74/25 3972/73/23 3895/72/21 3973/71/19 3974/70/17 3899/69/15 3901/68/13 3902/67/11 3976/66/9 3977/65/7 3905/64/5 3979/63/3 3908/62/2 3980/61/63 3910/60/61 3983/59/59 3984/58/57 3986/57/55 3912/56/74 3914/55/51 3915/54/49 3990/53/47 3991/52/2514 3917/51/43 3993/50/41 3995/49/39 3919/48/37 3998/47/73 3968/46/33
f 3996/44/38 3997/28/36 3998/27/73 3919/43/37
f 3997/28/36 3965/1/34 3968/2/33 3998/27/73
f 3920/77/34 3922/80/32 3923/79/72 3921/78/33
f 3922/80/32 3924/82/30 3999/81/29 3923/79/72
f 3924/82/30 3925/84/28 4000/83/27 3999/81/29
f 3925/84/28 3926/86/26 3927/85/25 4000/83/27
f 3926/86/26 3928/88/71 3929/87/23 3927/85/25
f 3928/89/71 3930/92/70 3931/91/21 3929/90/23
f 3930/92/70 3932/94/20 3933/93/69 3931/91/21
f 3932/94/20 3934/96/18 4001/95/17 3933/93/69
f 3934/96/18 3935/98/16 3936/97/68 4001/95/17
f 3935/98/16 3937/100/67 3938/99/13 3936/97/68
f 3937/100/67 3939/102/66 3940/101/11 3938/99/13
f 3939/88/66 4002/86/10 3941/85/9 3940/87/11
f 4002/86/10 3942/84/8 3943/83/7 3941/85/9
f 3942/84/8 3944/82/6 3945/81/5 3943/83/7
f 3944/82/6 3946/80/4 4003/79/65 3945/81/5
f 3946/80/4 4004/77/1 3947/78/2 4003/79/65
f 4004/77/1 4005/104/64 3948/103/63 3947/78/2
f 4005/104/64 3949/106/62 3950/105/61 3948/103/63
f 3949/106/62 4006/108/60 3951/107/59 3950/105/61
f 4006/108/60 3952/110/58 3953/109/57 3951/107/59
f 3952/110/58 3954/112/56 3955/111/55 3953/109/57
f 3954/102/56 4007/100/54 4008/99/74 3955/101/55
f 4007/100/54 3956/113/52 4009/97/51 4008/99/74
f 3956/113/52 4010/114/50 4011/95/49 4009/97/51
f 4010/114/50 3957/115/48 3958/93/47 4011/95/49
f 3957/115/48 4012/92/46 4013/91/45 3958/93/47
f 4012/92/46 4014/116/44 3959/90/43 4013/91/45
f 4014/112/44 4015/110/42 3960/109/41 3959/111/43
f 4015/110/42 3961/108/40 3962/107/39 3960/109/41
f 3961/108/40 3963/106/38 4016/105/37 3962/107/39
f 3923/117/72 3999/148/29 4000/147/27 3927/146/25 3929/145/23 3931/144/21 3933/143/69 4001/142/17 3936/141/68 3938/140/13 3940/139/11 3941/138/9 3943/137/7 3945/136/5 4003/135/65 3947/134/2 3948/133/63 3950/132/61 3951/131/59 3953/130/57 3955/129/55 4008/128/74 4009/127/51 4011/126/49 3958/125/47 4013/124/45 3959/123/43 3960/122/41 3962/121/39 4016/120/37 4017/119/73 3921/118/33
f 3963/106/38 3964/104/36 4017/103/73 4016/105/37
f 3964/104/36 3920/77/34 3921/78/33 4017/103/73
f 4018/149/81 4021/152/78 4025/151/77 4022/150/82
f 4019/153/79 4018/149/81 4022/150/82 4023/154/80
f 4020/155/75 4019/153/79 4023/154/80 4024/156/76
f 4021/157/78 4020/155/75 4024/156/76 4025/158/77
f 4022/150/82 4025/151/77 4029/160/84 4026/159/86
f 4023/154/80 4022/150/82 4026/159/86 4027/161/85
f 4024/156/76 4023/154/80 4027/161/85 4028/162/83
f 4025/158/77 4024/156/76 4028/162/83 4029/163/84
f 4026/159/86 4029/160/84 4033/165/88 4030/164/90
f 4027/161/85 4026/159/86 4030/164/90 4031/166/89
f 4028/162/83 4027/161/85 4031/166/89 4032/167/87
f 4029/163/84 4028/162/83 4032/167/87 4033/168/88
f 4030/164/90 4033/165/88 4037/170/92 4034/169/94
f 4031/166/89 4030/164/90 4034/169/94 4035/171/93
f 4032/167/87 4031/166/89 4035/171/93 4036/172/91
f 4033/168/88 4032/167/87 4036/172/91 4037/173/92
f 4034/169/94 4037/170/92 4041/175/96 4038/174/98
f 4035/171/93 4034/169/94 4038/174/98 4039/176/97
f 4036/172/91 4035/171/93 4039/176/97 4040/177/95
f 4037/173/92 4036/172/91 4040/177/95 4041/178/96
f 4038/174/98 4041/175/96 4045/180/100 4042/179/102
f 4039/176/97 4038/174/98 4042/179/102 4043/181/101
f 4040/177/95 4039/176/97 4043/181/101 4044/182/99
f 4041/178/96 4040/177/95 4044/182/99 4045/183/100
f 4042/179/102 4045/180/100 4049/185/104 4046/184/106
f 4043/181/101 4042/179/102 4046/184/106 4047/186/105
f 4044/182/99 4043/181/101 4047/186/105 4048/187/103
f 4045/183/100 4044/182/99 4048/187/103 4049/188/104
s 0
f 4050/189/122 4052/192/122 4053/191/122 4051/190/122
f 4052/192/121 4054/194/121 4055/193/121 4053/191/121
f 4054/194/120 4056/196/120 4057/195/120 4055/193/120
f 4056/196/119 4058/198/119 4059/197/119 4057/195/119
f 4058/198/118 4060/200/118 4061/199/118 4059/197/118
f 4060/201/117 4062/204/117 4063/203/117 4061/202/117
f 4062/204/116 4064/206/116 4065/205/116 4063/203/116
f 4064/206/115 4066/208/115 4067/207/115 4065/205/115
f 4066/208/114 4068/210/114 4069/209/114 4067/207/114
f 4068/210/113 4070/212/113 4071/211/113 4069/209/113
f 4070/212/112 4072/214/112 4073/213/112 4071/211/112
f 4072/200/111 4074/198/111 4075/197/111 4073/199/111
f 4074/198/110 4076/196/110 4077/195/110 4075/197/110
f 4076/196/109 4078/194/109 4079/193/109 4077/195/109
f 4078/194/108 4080/192/108 4081/191/108 4079/193/108
f 4080/192/107 4082/189/107 4083/190/107 4081/191/107
f 4082/189/139 4084/216/139 4085/215/139 4083/190/139
f 4084/216/138 4086/218/138 4087/217/138 4085/215/138
f 4086/218/142 4088/220/142 4089/219/142 4087/217/142
f 4088/220/2515 4090/222/2515 4091/221/2515 4089/219/2515
f 4090/222/2516 4092/224/2516 4093/223/2516 4091/221/2516
f 4092/214/133 4094/226/133 4095/225/133 4093/213/133
f 4094/226/132 4096/210/132 4097/209/132 4095/225/132
f 4096/210/131 4098/208/131 4099/207/131 4097/209/131
f 4098/208/130 4100/206/130 4101/205/130 4099/207/130
f 4100/206/129 4102/204/129 4103/227/129 4101/205/129
f 4102/204/128 4104/229/128 4105/228/128 4103/227/128
f 4104/224/141 4106/231/141 4107/230/141 4105/223/141
f 4106/231/140 4108/220/140 4109/219/140 4107/230/140
f 4108/220/2517 4110/218/2517 4111/217/2517 4109/219/2517
f 4053/232/137 4055/263/137 4057/262/137 4059/261/137 4061/260/137 4063/259/137 4065/258/137 4067/257/137 4069/256/137 4071/255/137 4073/254/137 4075/253/137 4077/252/137 4079/251/137 4081/250/137 4083/249/137 4085/248/137 4087/247/137 4089/246/137 4091/245/137 4093/244/137 4095/243/137 4097/242/137 4099/241/137 4101/240/137 4103/239/137 4105/238/137 4107/237/137 4109/236/137 4111/235/137 4113/234/137 4051/233/137
f 4110/218/124 4112/216/124 4113/215/124 4111/217/124
f 4112/216/123 4050/189/123 4051/190/123 4113/215/123
f 4114/264/122 4116/267/122 4117/266/122 4115/265/122
f 4116/267/121 4118/269/121 4119/268/121 4117/266/121
f 4118/269/120 4120/271/120 4121/270/120 4119/268/120
f 4120/271/119 4122/273/119 4123/272/119 4121/270/119
f 4122/273/118 4124/275/118 4125/274/118 4123/272/118
f 4124/276/117 4126/279/117 4127/278/117 4125/277/117
f 4126/279/116 4128/281/116 4129/280/116 4127/278/116
f 4128/281/115 4130/283/115 4131/282/115 4129/280/115
f 4130/283/114 4132/285/114 4133/284/114 4131/282/114
f 4132/285/113 4134/287/113 4135/286/113 4133/284/113
f 4134/287/112 4136/289/112 4137/288/112 4135/286/112
f 4136/275/111 4138/273/111 4139/272/111 4137/274/111
f 4138/273/110 4140/271/110 4141/270/110 4139/272/110
f 4140/271/109 4142/269/109 4143/268/109 4141/270/109
f 4142/269/108 4144/267/108 4145/266/108 4143/268/108
f 4144/267/107 4146/264/107 4147/265/107 4145/266/107
f 4146/264/139 4148/291/139 4149/290/139 4147/265/139
f 4148/291/138 4150/293/138 4151/292/138 4149/290/138
f 4150/293/142 4152/295/142 4153/294/142 4151/292/142
f 4152/295/135 4154/297/135 4155/296/135 4153/294/135
f 4154/297/134 4156/299/134 4157/298/134 4155/296/134
f 4156/289/133 4158/301/133 4159/300/133 4157/288/133
f 4158/301/132 4160/285/132 4161/284/132 4159/300/132
f 4160/285/131 4162/283/131 4163/282/131 4161/284/131
f 4162/283/130 4164/281/130 4165/280/130 4163/282/130
f 4164/281/129 4166/279/129 4167/302/129 4165/280/129
f 4166/279/128 4168/304/128 4169/303/128 4167/302/128
f 4168/299/141 4170/297/141 4171/296/141 4169/298/141
f 4170/297/140 4172/295/140 4173/294/140 4171/296/140
f 4172/295/125 4174/293/125 4175/292/125 4173/294/125
f 4117/305/137 4119/336/137 4121/335/137 4123/334/137 4125/333/137 4127/332/137 4129/331/137 4131/330/137 4133/329/137 4135/328/137 4137/327/137 4139/326/137 4141/325/137 4143/324/137 4145/323/137 4147/322/137 4149/321/137 4151/320/137 4153/319/137 4155/318/137 4157/317/137 4159/316/137 4161/315/137 4163/314/137 4165/313/137 4167/312/137 4169/311/137 4171/310/137 4173/309/137 4175/308/137 4177/307/137 4115/306/137
f 4174/293/124 4176/291/124 4177/290/124 4175/292/124
f 4176/291/123 4114/264/123 4115/265/123 4177/290/123
s 1
f 4178/337/149 4181/340/146 4185/339/145 4182/338/150
f 4179/341/147 4178/337/149 4182/338/150 4183/342/148
f 4180/343/143 4179/341/147 4183/342/148 4184/344/144
f 4181/345/146 4180/343/143 4184/344/144 4185/346/145
f 4182/338/150 4185/339/145 4189/348/152 4186/347/154
f 4183/342/148 4182/338/150 4186/347/154 4187/349/153
f 4184/344/144 4183/342/148 4187/349/153 4188/350/151
f 4185/346/145 4184/344/144 4188/350/151 4189/351/152
f 4186/347/154 4189/348/152 4193/353/156 4190/352/158
f 4187/349/153 4186/347/154 4190/352/158 4191/354/157
f 4188/350/151 4187/349/153 4191/354/157 4192/355/155
f 4189/351/152 4188/350/151 4192/355/155 4193/356/156
f 4190/352/158 4193/353/156 4197/358/160 4194/357/162
f 4191/354/157 4190/352/158 4194/357/162 4195/359/161
f 4192/355/155 4191/354/157 4195/359/161 4196/360/159
f 4193/356/156 4192/355/155 4196/360/159 4197/361/160
f 4194/357/162 4197/358/160 4201/363/164 4198/362/166
f 4195/359/161 4194/357/162 4198/362/166 4199/364/165
f 4196/360/159 4195/359/161 4199/364/165 4200/365/163
f 4197/361/160 4196/360/159 4200/365/163 4201/366/164
f 4198/362/166 4201/363/164 4205/368/168 4202/367/170
f 4199/364/165 4198/362/166 4202/367/170 4203/369/169
f 4200/365/163 4199/364/165 4203/369/169 4204/370/167
f 4201/366/164 4200/365/163 4204/370/167 4205/371/168
f 4202/367/170 4205/368/168 4209/373/172 4206/372/174
f 4203/369/169 4202/367/170 4206/372/174 4207/374/173
f 4204/370/167 4203/369/169 4207/374/173 4208/375/171
f 4205/371/168 4204/370/167 4208/375/171 4209/376/172
f 4210/377/221 4217/380/222 4225/379/214 4218/378/213
f 4211/381/746 4210/377/221 4218/378/213 4219/382/215
f 4212/383/224 4211/386/746 4219/385/215 4220/384/216
f 4213/387/747 4212/383/224 4220/384/216 4221/388/217
f 4214/389/226 4213/387/747 4221/388/217 4222/390/218
f 4215/391/227 4214/389/226 4222/390/218 4223/392/219
f 4216/393/228 4215/391/227 4223/392/219 4224/394/220
f 4217/380/222 4216/393/228 4224/394/220 4225/379/214
f 4218/378/213 4225/379/214 4233/396/206 4226/395/205
f 4219/382/215 4218/378/213 4226/395/205 4227/397/2518
f 4220/384/216 4219/385/215 4227/399/2518 4228/398/208
f 4221/388/217 4220/384/216 4228/398/208 4229/400/209
f 4222/390/218 4221/388/217 4229/400/209 4230/401/210
f 4223/392/219 4222/390/218 4230/401/210 4231/402/211
f 4224/394/220 4223/392/219 4231/402/211 4232/403/212
f 4225/379/214 4224/394/220 4232/403/212 4233/396/206
f 4226/395/205 4233/396/206 4241/405/200 4234/404/199
f 4227/397/2518 4226/395/205 4234/404/199 4235/406/18
f 4228/398/208 4227/399/2518 4235/408/18 4236/407/201
f 4229/400/209 4228/398/208 4236/407/201 4237/409/202
f 4230/401/210 4229/400/209 4237/409/202 4238/410/203
f 4231/402/211 4230/401/210 4238/410/203 4239/411/50
f 4232/403/212 4231/402/211 4239/411/50 4240/412/204
f 4233/396/206 4232/403/212 4240/412/204 4241/405/200
f 4234/404/199 4241/405/200 4249/414/192 4242/413/191
f 4235/406/18 4234/404/199 4242/413/191 4243/415/193
f 4236/407/201 4235/408/18 4243/417/193 4244/416/732
f 4237/409/202 4236/407/201 4244/416/732 4245/418/195
f 4238/410/203 4237/409/202 4245/418/195 4246/419/196
f 4239/411/50 4238/410/203 4246/419/196 4247/420/197
f 4240/412/204 4239/411/50 4247/420/197 4248/421/198
f 4241/405/200 4240/412/204 4248/421/198 4249/414/192
f 4242/413/191 4249/414/192 4257/423/177 4250/422/176
f 4243/415/193 4242/413/191 4250/422/176 4251/424/180
f 4244/416/732 4243/417/193 4251/426/180 4252/425/182
f 4245/418/195 4244/416/732 4252/425/182 4253/427/184
f 4246/419/196 4245/418/195 4253/427/184 4254/428/186
f 4247/420/197 4246/419/196 4254/428/186 4255/429/188
f 4248/421/198 4247/420/197 4255/429/188 4256/430/190
f 4249/414/192 4248/421/198 4256/430/190 4257/423/177
f 4250/422/176 4257/423/177 4265/432/178 4258/431/175
f 4251/424/180 4250/422/176 4258/431/175 4259/433/727
f 4252/425/182 4251/426/180 4259/435/727 4260/434/181
f 4253/427/184 4252/425/182 4260/434/181 4261/436/183
f 4254/428/186 4253/427/184 4261/436/183 4262/437/185
f 4255/429/188 4254/428/186 4262/437/185 4263/438/187
f 4256/430/190 4255/429/188 4263/438/187 4264/439/189
f 4257/423/177 4256/430/190 4264/439/189 4265/432/178
f 4258/431/175 4265/432/178 4273/441/352 4266/440/351
f 4259/433/727 4258/431/175 4266/440/351 4267/442/353
f 4260/434/181 4259/435/727 4267/444/353 4268/443/354
f 4261/436/183 4260/434/181 4268/443/354 4269/445/2519
f 4262/437/185 4261/436/183 4269/445/2519 4270/446/356
f 4263/438/187 4262/437/185 4270/446/356 4271/447/357
f 4264/439/189 4263/438/187 4271/447/357 4272/448/358
f 4265/432/178 4264/439/189 4272/448/358 4273/441/352
f 4266/440/351 4273/441/352 4281/450/344 4274/449/343
f 4267/442/353 4266/440/351 4274/449/343 4275/451/2520
f 4268/443/354 4267/444/353 4275/453/2520 4276/452/346
f 4269/445/2519 4268/443/354 4276/452/346 4277/454/347
f 4270/446/356 4269/445/2519 4277/454/347 4278/455/348
f 4271/447/357 4270/446/356 4278/455/348 4279/456/349
f 4272/448/358 4271/447/357 4279/456/349 4280/457/808
f 4273/441/352 4272/448/358 4280/457/808 4281/450/344
f 4274/449/343 4281/450/344 4289/459/338 4282/458/337
f 4275/451/2520 4274/449/343 4282/458/337 4283/460/1
f 4276/452/346 4275/453/2520 4283/462/1 4284/461/339
f 4277/454/347 4276/452/346 4284/461/339 4285/463/340
f 4278/455/348 4277/454/347 4285/463/340 4286/464/341
f 4279/456/349 4278/455/348 4286/464/341 4287/465/34
f 4280/457/808 4279/456/349 4287/465/34 4288/466/342
f 4281/450/344 4280/457/808 4288/466/342 4289/459/338
f 4282/458/337 4289/459/338 4297/468/330 4290/467/329
f 4283/460/1 4282/458/337 4290/467/329 4291/469/2521
f 4284/461/339 4283/462/1 4291/471/2521 4292/470/332
f 4285/463/340 4284/461/339 4292/470/332 4293/472/333
f 4286/464/341 4285/463/340 4293/472/333 4294/473/334
f 4287/465/34 4286/464/341 4294/473/334 4295/474/335
f 4288/466/342 4287/465/34 4295/474/335 4296/475/336
f 4289/459/338 4288/466/342 4296/475/336 4297/468/330
f 4290/467/329 4297/468/330 4305/477/322 4298/476/321
f 4291/469/2521 4290/467/329 4298/476/321 4299/478/323
f 4292/470/332 4291/471/2521 4299/480/323 4300/479/324
f 4293/472/333 4292/470/332 4300/479/324 4301/481/776
f 4294/473/334 4293/472/333 4301/481/776 4302/482/326
f 4295/474/335 4294/473/334 4302/482/326 4303/483/327
f 4296/475/336 4295/474/335 4303/483/327 4304/484/328
f 4297/468/330 4296/475/336 4304/484/328 4305/477/322
f 4298/476/321 4305/477/322 4313/486/314 4306/485/313
f 4299/478/323 4298/476/321 4306/485/313 4307/487/315
f 4300/479/324 4299/480/323 4307/489/315 4308/488/316
f 4301/481/776 4300/479/324 4308/488/316 4309/490/317
f 4302/482/326 4301/481/776 4309/490/317 4310/491/318
f 4303/483/327 4302/482/326 4310/491/318 4311/492/319
f 4304/484/328 4303/483/327 4311/492/319 4312/493/320
f 4305/477/322 4304/484/328 4312/493/320 4313/486/314
f 4306/485/313 4313/486/314 4321/495/306 4314/494/305
f 4307/487/315 4306/485/313 4314/494/305 4315/496/307
f 4308/488/316 4307/489/315 4315/498/307 4316/497/308
f 4309/490/317 4308/488/316 4316/497/308 4317/499/309
f 4310/491/318 4309/490/317 4317/499/309 4318/500/310
f 4311/492/319 4310/491/318 4318/500/310 4319/501/311
f 4312/493/320 4311/492/319 4319/501/311 4320/502/312
f 4313/486/314 4312/493/320 4320/502/312 4321/495/306
f 4314/494/305 4321/495/306 4329/504/298 4322/503/297
f 4315/496/307 4314/494/305 4322/503/297 4323/505/2522
f 4316/497/308 4315/498/307 4323/507/2522 4324/506/769
f 4317/499/309 4316/497/308 4324/506/769 4325/508/301
f 4318/500/310 4317/499/309 4325/508/301 4326/509/302
f 4319/501/311 4318/500/310 4326/509/302 4327/510/303
f 4320/502/312 4319/501/311 4327/510/303 4328/511/304
f 4321/495/306 4320/502/312 4328/511/304 4329/504/298
f 4322/503/297 4329/504/298 4337/513/292 4330/512/291
f 4323/505/2522 4322/503/297 4330/512/291 4331/514/50
f 4324/506/769 4323/507/2522 4331/516/50 4332/515/293
f 4325/508/301 4324/506/769 4332/515/293 4333/517/294
f 4326/509/302 4325/508/301 4333/517/294 4334/518/295
f 4327/510/303 4326/509/302 4334/518/295 4335/519/18
f 4328/511/304 4327/510/303 4335/519/18 4336/520/296
f 4329/504/298 4328/511/304 4336/520/296 4337/513/292
f 4330/512/291 4337/513/292 4345/522/284 4338/521/800
f 4331/514/50 4330/512/291 4338/521/800 4339/523/285
f 4332/515/293 4331/516/50 4339/525/285 4340/524/286
f 4333/517/294 4332/515/293 4340/524/286 4341/526/287
f 4334/518/295 4333/517/294 4341/526/287 4342/527/288
f 4335/519/18 4334/518/295 4342/527/288 4343/528/289
f 4336/520/296 4335/519/18 4343/528/289 4344/529/290
f 4337/513/292 4336/520/296 4344/529/290 4345/522/284
f 4338/521/800 4345/522/284 4353/531/276 4346/530/275
f 4339/523/285 4338/521/800 4346/530/275 4347/532/277
f 4340/524/286 4339/525/285 4347/534/277 4348/533/278
f 4341/526/287 4340/524/286 4348/533/278 4349/535/279
f 4342/527/288 4341/526/287 4349/535/279 4350/536/280
f 4343/528/289 4342/527/288 4350/536/280 4351/537/281
f 4344/529/290 4343/528/289 4351/537/281 4352/538/282
f 4345/522/284 4344/529/290 4352/538/282 4353/531/276
f 4346/530/275 4353/531/276 4361/540/268 4354/539/267
f 4347/532/277 4346/530/275 4354/539/267 4355/541/269
f 4348/533/278 4347/534/277 4355/543/269 4356/542/270
f 4349/535/279 4348/533/278 4356/542/270 4357/544/271
f 4350/536/280 4349/535/279 4357/544/271 4358/545/272
f 4351/537/281 4350/536/280 4358/545/272 4359/546/273
f 4352/538/282 4351/537/281 4359/546/273 4360/547/274
f 4353/531/276 4352/538/282 4360/547/274 4361/540/268
f 4354/539/267 4361/540/268 4369/549/260 4362/548/259
f 4355/541/269 4354/539/267 4362/548/259 4363/550/261
f 4356/542/270 4355/543/269 4363/552/261 4364/551/262
f 4357/544/271 4356/542/270 4364/551/262 4365/553/2523
f 4358/545/272 4357/544/271 4365/553/2523 4366/554/264
f 4359/546/273 4358/545/272 4366/554/264 4367/555/265
f 4360/547/274 4359/546/273 4367/555/265 4368/556/266
f 4361/540/268 4360/547/274 4368/556/266 4369/549/260
f 4362/548/259 4369/549/260 4377/558/252 4370/557/251
f 4363/550/261 4362/548/259 4370/557/251 4371/559/253
f 4364/551/262 4363/552/261 4371/561/253 4372/560/757
f 4365/553/2523 4364/551/262 4372/560/757 4373/562/255
f 4366/554/264 4365/553/2523 4373/562/255 4374/563/256
f 4367/555/265 4366/554/264 4374/563/256 4375/564/257
f 4368/556/266 4367/555/265 4375/564/257 4376/565/258
f 4369/549/260 4368/556/266 4376/565/258 4377/558/252
f 4370/557/251 4377/558/252 4385/567/246 4378/566/245
f 4371/559/253 4370/557/251 4378/566/245 4379/568/34
f 4372/560/757 4371/561/253 4379/570/34 4380/569/247
f 4373/562/255 4372/560/757 4380/569/247 4381/571/248
f 4374/563/256 4373/562/255 4381/571/248 4382/572/249
f 4375/564/257 4374/563/256 4382/572/249 4383/573/1
f 4376/565/258 4375/564/257 4383/573/1 4384/574/250
f 4377/558/252 4376/565/258 4384/574/250 4385/567/246
f 4378/566/245 4385/567/246 4393/576/238 4386/575/237
f 4379/568/34 4378/566/245 4386/575/237 4387/577/2524
f 4380/569/247 4379/570/34 4387/579/2524 4388/578/240
f 4381/571/248 4380/569/247 4388/578/240 4389/580/241
f 4382/572/249 4381/571/248 4389/580/241 4390/581/242
f 4383/573/1 4382/572/249 4390/581/242 4391/582/243
f 4384/574/250 4383/573/1 4391/582/243 4392/583/244
f 4385/567/246 4384/574/250 4392/583/244 4393/576/238
f 4386/575/237 4393/576/238 4401/585/230 4394/584/229
f 4387/577/2524 4386/575/237 4394/584/229 4395/586/231
f 4388/578/240 4387/579/2524 4395/588/231 4396/587/232
f 4389/580/241 4388/578/240 4396/587/232 4397/589/750
f 4390/581/242 4389/580/241 4397/589/750 4398/590/234
f 4391/582/243 4390/581/242 4398/590/234 4399/591/235
f 4392/583/244 4391/582/243 4399/591/235 4400/592/236
f 4393/576/238 4392/583/244 4400/592/236 4401/585/230
f 4394/584/229 4401/585/230 4217/380/222 4210/377/221
f 4395/586/231 4394/584/229 4210/377/221 4211/381/746
f 4396/587/232 4395/588/231 4211/386/746 4212/383/224
f 4397/589/750 4396/587/232 4212/383/224 4213/387/747
f 4398/590/234 4397/589/750 4213/387/747 4214/389/226
f 4399/591/235 4398/590/234 4214/389/226 4215/391/227
f 4400/592/236 4399/591/235 4215/391/227 4216/393/228
f 4401/585/230 4400/592/236 4216/393/228 4217/380/222
f 4402/593/421 4409/596/422 4417/595/414 4410/594/413
f 4403/597/423 4402/593/421 4410/594/413 4411/598/415
f 4404/599/424 4403/602/423 4411/601/415 4412/600/416
f 4405/603/425 4404/599/424 4412/600/416 4413/604/417
f 4406/605/426 4405/603/425 4413/604/417 4414/606/418
f 4407/607/427 4406/605/426 4414/606/418 4415/608/419
f 4408/609/428 4407/607/427 4415/608/419 4416/610/420
f 4409/596/422 4408/609/428 4416/610/420 4417/595/414
f 4410/594/413 4417/595/414 4425/612/406 4418/611/405
f 4411/598/415 4410/594/413 4418/611/405 4419/613/407
f 4412/600/416 4411/601/415 4419/615/407 4420/614/408
f 4413/604/417 4412/600/416 4420/614/408 4421/616/409
f 4414/606/418 4413/604/417 4421/616/409 4422/617/410
f 4415/608/419 4414/606/418 4422/617/410 4423/618/411
f 4416/610/420 4415/608/419 4423/618/411 4424/619/412
f 4417/595/414 4416/610/420 4424/619/412 4425/612/406
f 4418/611/405 4425/612/406 4433/621/398 4426/620/397
f 4419/613/407 4418/611/405 4426/620/397 4427/622/399
f 4420/614/408 4419/615/407 4427/624/399 4428/623/400
f 4421/616/409 4420/614/408 4428/623/400 4429/625/401
f 4422/617/410 4421/616/409 4429/625/401 4430/626/402
f 4423/618/411 4422/617/410 4430/626/402 4431/627/403
f 4424/619/412 4423/618/411 4431/627/403 4432/628/404
f 4425/612/406 4424/619/412 4432/628/404 4433/621/398
f 4426/620/397 4433/621/398 4441/630/2525 4434/629/391
f 4427/622/399 4426/620/397 4434/629/391 4435/631/18
f 4428/623/400 4427/624/399 4435/633/18 4436/632/393
f 4429/625/401 4428/623/400 4436/632/393 4437/634/2526
f 4430/626/402 4429/625/401 4437/634/2526 4438/635/395
f 4431/627/403 4430/626/402 4438/635/395 4439/636/50
f 4432/628/404 4431/627/403 4439/636/50 4440/637/396
f 4433/621/398 4432/628/404 4440/637/396 4441/630/2525
f 4434/629/391 4441/630/2525 4449/639/384 4442/638/383
f 4435/631/18 4434/629/391 4442/638/383 4443/640/385
f 4436/632/393 4435/633/18 4443/642/385 4444/641/386
f 4437/634/2526 4436/632/393 4444/641/386 4445/643/387
f 4438/635/395 4437/634/2526 4445/643/387 4446/644/388
f 4439/636/50 4438/635/395 4446/644/388 4447/645/389
f 4440/637/396 4439/636/50 4447/645/389 4448/646/390
f 4441/630/2525 4440/637/396 4448/646/390 4449/639/384
f 4442/638/383 4449/639/384 4457/648/376 4450/647/375
f 4443/640/385 4442/638/383 4450/647/375 4451/649/377
f 4444/641/386 4443/642/385 4451/651/377 4452/650/378
f 4445/643/387 4444/641/386 4452/650/378 4453/652/379
f 4446/644/388 4445/643/387 4453/652/379 4454/653/380
f 4447/645/389 4446/644/388 4454/653/380 4455/654/381
f 4448/646/390 4447/645/389 4455/654/381 4456/655/382
f 4449/639/384 4448/646/390 4456/655/382 4457/648/376
f 4450/647/375 4457/648/376 4465/657/361 4458/656/360
f 4451/649/377 4450/647/375 4458/656/360 4459/658/364
f 4452/650/378 4451/651/377 4459/660/364 4460/659/366
f 4453/652/379 4452/650/378 4460/659/366 4461/661/368
f 4454/653/380 4453/652/379 4461/661/368 4462/662/370
f 4455/654/381 4454/653/380 4462/662/370 4463/663/372
f 4456/655/382 4455/654/381 4463/663/372 4464/664/374
f 4457/648/376 4456/655/382 4464/664/374 4465/657/361
f 4458/656/360 4465/657/361 4473/666/362 4466/665/359
f 4459/658/364 4458/656/360 4466/665/359 4467/667/363
f 4460/659/366 4459/660/364 4467/669/363 4468/668/365
f 4461/661/368 4460/659/366 4468/668/365 4469/670/367
f 4462/662/370 4461/661/368 4469/670/367 4470/671/369
f 4463/663/372 4462/662/370 4470/671/369 4471/672/2527
f 4464/664/374 4463/663/372 4471/672/2527 4472/673/373
f 4465/657/361 4464/664/374 4472/673/373 4473/666/362
f 4466/665/359 4473/666/362 4481/675/600 4474/674/599
f 4467/667/363 4466/665/359 4474/674/599 4475/676/2528
f 4468/668/365 4467/669/363 4475/678/2528 4476/677/602
f 4469/670/367 4468/668/365 4476/677/602 4477/679/603
f 4470/671/369 4469/670/367 4477/679/603 4478/680/2529
f 4471/672/2527 4470/671/369 4478/680/2529 4479/681/605
f 4472/673/373 4471/672/2527 4479/681/605 4480/682/2530
f 4473/666/362 4472/673/373 4480/682/2530 4481/675/600
f 4474/674/599 4481/675/600 4489/684/592 4482/683/591
f 4475/676/2528 4474/674/599 4482/683/591 4483/685/593
f 4476/677/602 4475/678/2528 4483/687/593 4484/686/594
f 4477/679/603 4476/677/602 4484/686/594 4485/688/595
f 4478/680/2529 4477/679/603 4485/688/595 4486/689/596
f 4479/681/605 4478/680/2529 4486/689/596 4487/690/597
f 4480/682/2530 4479/681/605 4487/690/597 4488/691/598
f 4481/675/600 4480/682/2530 4488/691/598 4489/684/592
f 4482/683/591 4489/684/592 4497/693/584 4490/692/583
f 4483/685/593 4482/683/591 4490/692/583 4491/694/585
f 4484/686/594 4483/687/593 4491/696/585 4492/695/586
f 4485/688/595 4484/686/594 4492/695/586 4493/697/2531
f 4486/689/596 4485/688/595 4493/697/2531 4494/698/588
f 4487/690/597 4486/689/596 4494/698/588 4495/699/589
f 4488/691/598 4487/690/597 4495/699/589 4496/700/590
f 4489/684/592 4488/691/598 4496/700/590 4497/693/584
f 4490/692/583 4497/693/584 4505/702/578 4498/701/577
f 4491/694/585 4490/692/583 4498/701/577 4499/703/1
f 4492/695/586 4491/696/585 4499/705/1 4500/704/579
f 4493/697/2531 4492/695/586 4500/704/579 4501/706/580
f 4494/698/588 4493/697/2531 4501/706/580 4502/707/581
f 4495/699/589 4494/698/588 4502/707/581 4503/708/34
f 4496/700/590 4495/699/589 4503/708/34 4504/709/582
f 4497/693/584 4496/700/590 4504/709/582 4505/702/578
f 4498/701/577 4505/702/578 4513/711/2532 4506/710/569
f 4499/703/1 4498/701/577 4506/710/569 4507/712/571
f 4500/704/579 4499/705/1 4507/714/571 4508/713/572
f 4501/706/580 4500/704/579 4508/713/572 4509/715/2533
f 4502/707/581 4501/706/580 4509/715/2533 4510/716/574
f 4503/708/34 4502/707/581 4510/716/574 4511/717/575
f 4504/709/582 4503/708/34 4511/717/575 4512/718/576
f 4505/702/578 4504/709/582 4512/718/576 4513/711/2532
f 4506/710/569 4513/711/2532 4521/720/562 4514/719/561
f 4507/712/571 4506/710/569 4514/719/561 4515/721/563
f 4508/713/572 4507/714/571 4515/723/563 4516/722/564
f 4509/715/2533 4508/713/572 4516/722/564 4517/724/565
f 4510/716/574 4509/715/2533 4517/724/565 4518/725/566
f 4511/717/575 4510/716/574 4518/725/566 4519/726/567
f 4512/718/576 4511/717/575 4519/726/567 4520/727/568
f 4513/711/2532 4512/718/576 4520/727/568 4521/720/562
f 4514/719/561 4521/720/562 4529/729/554 4522/728/553
f 4515/721/563 4514/719/561 4522/728/553 4523/730/555
f 4516/722/564 4515/723/563 4523/732/555 4524/731/556
f 4517/724/565 4516/722/564 4524/731/556 4525/733/557
f 4518/725/566 4517/724/565 4525/733/557 4526/734/558
f 4519/726/567 4518/725/566 4526/734/558 4527/735/2534
f 4520/727/568 4519/726/567 4527/735/2534 4528/736/2535
f 4521/720/562 4520/727/568 4528/736/2535 4529/729/554
f 4522/728/553 4529/729/554 4537/738/546 4530/737/545
f 4523/730/555 4522/728/553 4530/737/545 4531/739/547
f 4524/731/556 4523/732/555 4531/741/547 4532/740/548
f 4525/733/557 4524/731/556 4532/740/548 4533/742/549
f 4526/734/558 4525/733/557 4533/742/549 4534/743/550
f 4527/735/2534 4526/734/558 4534/743/550 4535/744/551
f 4528/736/2535 4527/735/2534 4535/744/551 4536/745/552
f 4529/729/554 4528/736/2535 4536/745/552 4537/738/546
f 4530/737/545 4537/738/546 4545/747/538 4538/746/537
f 4531/739/547 4530/737/545 4538/746/537 4539/748/539
f 4532/740/548 4531/741/547 4539/750/539 4540/749/540
f 4533/742/549 4532/740/548 4540/749/540 4541/751/541
f 4534/743/550 4533/742/549 4541/751/541 4542/752/542
f 4535/744/551 4534/743/550 4542/752/542 4543/753/2536
f 4536/745/552 4535/744/551 4543/753/2536 4544/754/544
f 4537/738/546 4536/745/552 4544/754/544 4545/747/538
f 4538/746/537 4545/747/538 4553/756/530 4546/755/529
f 4539/748/539 4538/746/537 4546/755/529 4547/757/531
f 4540/749/540 4539/750/539 4547/759/531 4548/758/532
f 4541/751/541 4540/749/540 4548/758/532 4549/760/533
f 4542/752/542 4541/751/541 4549/760/533 4550/761/534
f 4543/753/2536 4542/752/542 4550/761/534 4551/762/535
f 4544/754/544 4543/753/2536 4551/762/535 4552/763/536
f 4545/747/538 4544/754/544 4552/763/536 4553/756/530
f 4546/755/529 4553/756/530 4561/765/522 4554/764/521
f 4547/757/531 4546/755/529 4554/764/521 4555/766/523
f 4548/758/532 4547/759/531 4555/768/523 4556/767/524
f 4549/760/533 4548/758/532 4556/767/524 4557/769/525
f 4550/761/534 4549/760/533 4557/769/525 4558/770/526
f 4551/762/535 4550/761/534 4558/770/526 4559/771/527
f 4552/763/536 4551/762/535 4559/771/527 4560/772/528
f 4553/756/530 4552/763/536 4560/772/528 4561/765/522
f 4554/764/521 4561/765/522 4569/774/516 4562/773/515
f 4555/766/523 4554/764/521 4562/773/515 4563/775/50
f 4556/767/524 4555/768/523 4563/777/50 4564/776/517
f 4557/769/525 4556/767/524 4564/776/517 4565/778/2537
f 4558/770/526 4557/769/525 4565/778/2537 4566/779/519
f 4559/771/527 4558/770/526 4566/779/519 4567/780/18
f 4560/772/528 4559/771/527 4567/780/18 4568/781/520
f 4561/765/522 4560/772/528 4568/781/520 4569/774/516
f 4562/773/515 4569/774/516 4577/783/508 4570/782/507
f 4563/775/50 4562/773/515 4570/782/507 4571/784/509
f 4564/776/517 4563/777/50 4571/786/509 4572/785/510
f 4565/778/2537 4564/776/517 4572/785/510 4573/787/511
f 4566/779/519 4565/778/2537 4573/787/511 4574/788/512
f 4567/780/18 4566/779/519 4574/788/512 4575/789/513
f 4568/781/520 4567/780/18 4575/789/513 4576/790/514
f 4569/774/516 4568/781/520 4576/790/514 4577/783/508
f 4570/782/507 4577/783/508 4585/792/500 4578/791/499
f 4571/784/509 4570/782/507 4578/791/499 4579/793/501
f 4572/785/510 4571/786/509 4579/795/501 4580/794/502
f 4573/787/511 4572/785/510 4580/794/502 4581/796/503
f 4574/788/512 4573/787/511 4581/796/503 4582/797/504
f 4575/789/513 4574/788/512 4582/797/504 4583/798/505
f 4576/790/514 4575/789/513 4583/798/505 4584/799/506
f 4577/783/508 4576/790/514 4584/799/506 4585/792/500
f 4578/791/499 4585/792/500 4593/801/492 4586/800/491
f 4579/793/501 4578/791/499 4586/800/491 4587/802/493
f 4580/794/502 4579/795/501 4587/804/493 4588/803/494
f 4581/796/503 4580/794/502 4588/803/494 4589/805/495
f 4582/797/504 4581/796/503 4589/805/495 4590/806/496
f 4583/798/505 4582/797/504 4590/806/496 4591/807/2538
f 4584/799/506 4583/798/505 4591/807/2538 4592/808/498
f 4585/792/500 4584/799/506 4592/808/498 4593/801/492
f 4586/800/491 4593/801/492 4601/810/484 4594/809/483
f 4587/802/493 4586/800/491 4594/809/483 4595/811/485
f 4588/803/494 4587/804/493 4595/813/485 4596/812/486
f 4589/805/495 4588/803/494 4596/812/486 4597/814/487
f 4590/806/496 4589/805/495 4597/814/487 4598/815/488
f 4591/807/2538 4590/806/496 4598/815/488 4599/816/489
f 4592/808/498 4591/807/2538 4599/816/489 4600/817/490
f 4593/801/492 4592/808/498 4600/817/490 4601/810/484
f 4594/809/483 4601/810/484 4609/819/476 4602/818/475
f 4595/811/485 4594/809/483 4602/818/475 4603/820/2539
f 4596/812/486 4595/813/485 4603/822/2539 4604/821/478
f 4597/814/487 4596/812/486 4604/821/478 4605/823/479
f 4598/815/488 4597/814/487 4605/823/479 4606/824/480
f 4599/816/489 4598/815/488 4606/824/480 4607/825/481
f 4600/817/490 4599/816/489 4607/825/481 4608/826/2540
f 4601/810/484 4600/817/490 4608/826/2540 4609/819/476
f 4602/818/475 4609/819/476 4617/828/468 4610/827/467
f 4603/820/2539 4602/818/475 4610/827/467 4611/829/469
f 4604/821/478 4603/822/2539 4611/831/469 4612/830/470
f 4605/823/479 4604/821/478 4612/830/470 4613/832/471
f 4606/824/480 4605/823/479 4613/832/471 4614/833/472
f 4607/825/481 4606/824/480 4614/833/472 4615/834/473
f 4608/826/2540 4607/825/481 4615/834/473 4616/835/474
f 4609/819/476 4608/826/2540 4616/835/474 4617/828/468
f 4610/827/467 4617/828/468 4625/837/460 4618/836/459
f 4611/829/469 4610/827/467 4618/836/459 4619/838/2541
f 4612/830/470 4611/831/469 4619/840/2541 4620/839/462
f 4613/832/471 4612/830/470 4620/839/462 4621/841/2542
f 4614/833/472 4613/832/471 4621/841/2542 4622/842/464
f 4615/834/473 4614/833/472 4622/842/464 4623/843/2543
f 4616/835/474 4615/834/473 4623/843/2543 4624/844/466
f 4617/828/468 4616/835/474 4624/844/466 4625/837/460
f 4618/836/459 4625/837/460 4633/846/454 4626/845/453
f 4619/838/2541 4618/836/459 4626/845/453 4627/847/34
f 4620/839/462 4619/840/2541 4627/849/34 4628/848/455
f 4621/841/2542 4620/839/462 4628/848/455 4629/850/456
f 4622/842/464 4621/841/2542 4629/850/456 4630/851/457
f 4623/843/2543 4622/842/464 4630/851/457 4631/852/1
f 4624/844/466 4623/843/2543 4631/852/1 4632/853/458
f 4625/837/460 4624/844/466 4632/853/458 4633/846/454
f 4626/845/453 4633/846/454 4641/855/2544 4634/854/445
f 4627/847/34 4626/845/453 4634/854/445 4635/856/447
f 4628/848/455 4627/849/34 4635/858/447 4636/857/448
f 4629/850/456 4628/848/455 4636/857/448 4637/859/2545
f 4630/851/457 4629/850/456 4637/859/2545 4638/860/450
f 4631/852/1 4630/851/457 4638/860/450 4639/861/451
f 4632/853/458 4631/852/1 4639/861/451 4640/862/452
f 4633/846/454 4632/853/458 4640/862/452 4641/855/2544
f 4634/854/445 4641/855/2544 4649/864/438 4642/863/437
f 4635/856/447 4634/854/445 4642/863/437 4643/865/439
f 4636/857/448 4635/858/447 4643/867/439 4644/866/440
f 4637/859/2545 4636/857/448 4644/866/440 4645/868/441
f 4638/860/450 4637/859/2545 4645/868/441 4646/869/442
f 4639/861/451 4638/860/450 4646/869/442 4647/870/443
f 4640/862/452 4639/861/451 4647/870/443 4648/871/444
f 4641/855/2544 4640/862/452 4648/871/444 4649/864/438
f 4642/863/437 4649/864/438 4657/873/430 4650/872/429
f 4643/865/439 4642/863/437 4650/872/429 4651/874/431
f 4644/866/440 4643/867/439 4651/876/431 4652/875/432
f 4645/868/441 4644/866/440 4652/875/432 4653/877/433
f 4646/869/442 4645/868/441 4653/877/433 4654/878/2546
f 4647/870/443 4646/869/442 4654/878/2546 4655/879/435
f 4648/871/444 4647/870/443 4655/879/435 4656/880/2547
f 4649/864/438 4648/871/444 4656/880/2547 4657/873/430
f 4650/872/429 4657/873/430 4409/596/422 4402/593/421
f 4651/874/431 4650/872/429 4402/593/421 4403/597/423
f 4652/875/432 4651/876/431 4403/602/423 4404/599/424
f 4653/877/433 4652/875/432 4404/599/424 4405/603/425
f 4654/878/2546 4653/877/433 4405/603/425 4406/605/426
f 4655/879/435 4654/878/2546 4406/605/426 4407/607/427
f 4656/880/2547 4655/879/435 4407/607/427 4408/609/428
f 4657/873/430 4656/880/2547 4408/609/428 4409/596/422
f 4658/881/637 4665/884/2548 4673/883/630 4666/882/2549
f 4659/885/639 4658/881/637 4666/882/2549 4667/886/631
f 4660/887/2550 4659/890/639 4667/889/631 4668/888/632
f 4661/891/2551 4660/887/2550 4668/888/632 4669/892/633
f 4662/893/642 4661/891/2551 4669/892/633 4670/894/634
f 4663/895/643 4662/893/642 4670/894/634 4671/896/635
f 4664/897/644 4663/895/643 4671/896/635 4672/898/636
f 4665/884/2548 4664/897/644 4672/898/636 4673/883/630
f 4666/882/2549 4673/883/630 4681/900/624 4674/899/623
f 4667/886/631 4666/882/2549 4674/899/623 4675/901/18
f 4668/888/632 4667/889/631 4675/903/18 4676/902/625
f 4669/892/633 4668/888/632 4676/902/625 4677/904/626
f 4670/894/634 4669/892/633 4677/904/626 4678/905/627
f 4671/896/635 4670/894/634 4678/905/627 4679/906/50
f 4672/898/636 4671/896/635 4679/906/50 4680/907/628
f 4673/883/630 4672/898/636 4680/907/628 4681/900/624
f 4674/899/623 4681/900/624 4689/909/609 4682/908/2552
f 4675/901/18 4674/899/623 4682/908/2552 4683/910/612
f 4676/902/625 4675/903/18 4683/912/612 4684/911/614
f 4677/904/626 4676/902/625 4684/911/614 4685/913/616
f 4678/905/627 4677/904/626 4685/913/616 4686/914/618
f 4679/906/50 4678/905/627 4686/914/618 4687/915/620
f 4680/907/628 4679/906/50 4687/915/620 4688/916/622
f 4681/900/624 4680/907/628 4688/916/622 4689/909/609
f 4682/908/2552 4689/909/609 4697/918/2553 4690/917/607
f 4683/910/612 4682/908/2552 4690/917/607 4691/919/611
f 4684/911/614 4683/912/612 4691/921/611 4692/920/2554
f 4685/913/616 4684/911/614 4692/920/2554 4693/922/2555
f 4686/914/618 4685/913/616 4693/922/2555 4694/923/617
f 4687/915/620 4686/914/618 4694/923/617 4695/924/619
f 4688/916/622 4687/915/620 4695/924/619 4696/925/621
f 4689/909/609 4688/916/622 4696/925/621 4697/918/2553
f 4690/917/607 4697/918/2553 4705/927/720 4698/926/719
f 4691/919/611 4690/917/607 4698/926/719 4699/928/721
f 4692/920/2554 4691/921/611 4699/930/721 4700/929/722
f 4693/922/2555 4692/920/2554 4700/929/722 4701/931/723
f 4694/923/617 4693/922/2555 4701/931/723 4702/932/724
f 4695/924/619 4694/923/617 4702/932/724 4703/933/725
f 4696/925/621 4695/924/619 4703/933/725 4704/934/726
f 4697/918/2553 4696/925/621 4704/934/726 4705/927/720
f 4698/926/719 4705/927/720 4713/936/714 4706/935/713
f 4699/928/721 4698/926/719 4706/935/713 4707/937/1
f 4700/929/722 4699/930/721 4707/939/1 4708/938/715
f 4701/931/723 4700/929/722 4708/938/715 4709/940/716
f 4702/932/724 4701/931/723 4709/940/716 4710/941/717
f 4703/933/725 4702/932/724 4710/941/717 4711/942/34
f 4704/934/726 4703/933/725 4711/942/34 4712/943/718
f 4705/927/720 4704/934/726 4712/943/718 4713/936/714
f 4706/935/713 4713/936/714 4721/945/706 4714/944/705
f 4707/937/1 4706/935/713 4714/944/705 4715/946/707
f 4708/938/715 4707/939/1 4715/948/707 4716/947/708
f 4709/940/716 4708/938/715 4716/947/708 4717/949/709
f 4710/941/717 4709/940/716 4717/949/709 4718/950/710
f 4711/942/34 4710/941/717 4718/950/710 4719/951/711
f 4712/943/718 4711/942/34 4719/951/711 4720/952/712
f 4713/936/714 4712/943/718 4720/952/712 4721/945/706
f 4714/944/705 4721/945/706 4729/954/2556 4722/953/697
f 4715/946/707 4714/944/705 4722/953/697 4723/955/699
f 4716/947/708 4715/948/707 4723/957/699 4724/956/2557
f 4717/949/709 4716/947/708 4724/956/2557 4725/958/2558
f 4718/950/710 4717/949/709 4725/958/2558 4726/959/702
f 4719/951/711 4718/950/710 4726/959/702 4727/960/703
f 4720/952/712 4719/951/711 4727/960/703 4728/961/704
f 4721/945/706 4720/952/712 4728/961/704 4729/954/2556
f 4722/953/697 4729/954/2556 4737/963/690 4730/962/2559
f 4723/955/699 4722/953/697 4730/962/2559 4731/964/691
f 4724/956/2557 4723/957/699 4731/966/691 4732/965/692
f 4725/958/2558 4724/956/2557 4732/965/692 4733/967/693
f 4726/959/702 4725/958/2558 4733/967/693 4734/968/694
f 4727/960/703 4726/959/702 4734/968/694 4735/969/695
f 4728/961/704 4727/960/703 4735/969/695 4736/970/696
f 4729/954/2556 4728/961/704 4736/970/696 4737/963/690
f 4730/962/2559 4737/963/690 4745/972/684 4738/971/683
f 4731/964/691 4730/962/2559 4738/971/683 4739/973/50
f 4732/965/692 4731/966/691 4739/975/50 4740/974/685
f 4733/967/693 4732/965/692 4740/974/685 4741/976/686
f 4734/968/694 4733/967/693 4741/976/686 4742/977/687
f 4735/969/695 4734/968/694 4742/977/687 4743/978/18
f 4736/970/696 4735/969/695 4743/978/18 4744/979/688
f 4737/963/690 4736/970/696 4744/979/688 4745/972/684
f 4738/971/683 4745/972/684 4753/981/676 4746/980/2560
f 4739/973/50 4738/971/683 4746/980/2560 4747/982/677
f 4740/974/685 4739/975/50 4747/984/677 4748/983/678
f 4741/976/686 4740/974/685 4748/983/678 4749/985/679
f 4742/977/687 4741/976/686 4749/985/679 4750/986/680
f 4743/978/18 4742/977/687 4750/986/680 4751/987/681
f 4744/979/688 4743/978/18 4751/987/681 4752/988/682
f 4745/972/684 4744/979/688 4752/988/682 4753/981/676
f 4746/980/2560 4753/981/676 4761/990/2561 4754/989/667
f 4747/982/677 4746/980/2560 4754/989/667 4755/991/669
f 4748/983/678 4747/984/677 4755/993/669 4756/992/2562
f 4749/985/679 4748/983/678 4756/992/2562 4757/994/2563
f 4750/986/680 4749/985/679 4757/994/2563 4758/995/672
f 4751/987/681 4750/986/680 4758/995/672 4759/996/673
f 4752/988/682 4751/987/681 4759/996/673 4760/997/674
f 4753/981/676 4752/988/682 4760/997/674 4761/990/2561
f 4754/989/667 4761/990/2561 4769/999/660 4762/998/659
f 4755/991/669 4754/989/667 4762/998/659 4763/1000/661
f 4756/992/2562 4755/993/669 4763/1002/661 4764/1001/662
f 4757/994/2563 4756/992/2562 4764/1001/662 4765/1003/663
f 4758/995/672 4757/994/2563 4765/1003/663 4766/1004/664
f 4759/996/673 4758/995/672 4766/1004/664 4767/1005/665
f 4760/997/674 4759/996/673 4767/1005/665 4768/1006/666
f 4761/990/2561 4760/997/674 4768/1006/666 4769/999/660
f 4762/998/659 4769/999/660 4777/1008/654 4770/1007/653
f 4763/1000/661 4762/998/659 4770/1007/653 4771/1009/34
f 4764/1001/662 4763/1002/661 4771/1011/34 4772/1010/655
f 4765/1003/663 4764/1001/662 4772/1010/655 4773/1012/656
f 4766/1004/664 4765/1003/663 4773/1012/656 4774/1013/657
f 4767/1005/665 4766/1004/664 4774/1013/657 4775/1014/1
f 4768/1006/666 4767/1005/665 4775/1014/1 4776/1015/658
f 4769/999/660 4768/1006/666 4776/1015/658 4777/1008/654
f 4770/1007/653 4777/1008/654 4785/1017/646 4778/1016/645
f 4771/1009/34 4770/1007/653 4778/1016/645 4779/1018/647
f 4772/1010/655 4771/1011/34 4779/1020/647 4780/1019/648
f 4773/1012/656 4772/1010/655 4780/1019/648 4781/1021/649
f 4774/1013/657 4773/1012/656 4781/1021/649 4782/1022/650
f 4775/1014/1 4774/1013/657 4782/1022/650 4783/1023/651
f 4776/1015/658 4775/1014/1 4783/1023/651 4784/1024/652
f 4777/1008/654 4776/1015/658 4784/1024/652 4785/1017/646
f 4778/1016/645 4785/1017/646 4665/884/2548 4658/881/637
f 4779/1018/647 4778/1016/645 4658/881/637 4659/885/639
f 4780/1019/648 4779/1020/647 4659/890/639 4660/887/2550
f 4781/1021/649 4780/1019/648 4660/887/2550 4661/891/2551
f 4782/1022/650 4781/1021/649 4661/891/2551 4662/893/642
f 4783/1023/651 4782/1022/650 4662/893/642 4663/895/643
f 4784/1024/652 4783/1023/651 4663/895/643 4664/897/644
f 4785/1017/646 4784/1024/652 4664/897/644 4665/884/2548
f 4786/1025/221 4793/1028/222 4801/1027/214 4794/1026/213
f 4787/1029/746 4786/1025/221 4794/1026/213 4795/1030/742
f 4788/1031/224 4787/1034/746 4795/1033/742 4796/1032/216
f 4789/1035/747 4788/1031/224 4796/1032/216 4797/1036/217
f 4790/1037/2564 4789/1035/747 4797/1036/217 4798/1038/218
f 4791/1039/227 4790/1037/2564 4798/1038/218 4799/1040/219
f 4792/1041/2565 4791/1039/227 4799/1040/219 4800/1042/220
f 4793/1028/222 4792/1041/2565 4800/1042/220 4801/1027/214
f 4794/1026/213 4801/1027/214 4809/1044/206 4802/1043/205
f 4795/1030/742 4794/1026/213 4802/1043/205 4803/1045/207
f 4796/1032/216 4795/1033/742 4803/1047/207 4804/1046/208
f 4797/1036/217 4796/1032/216 4804/1046/208 4805/1048/209
f 4798/1038/218 4797/1036/217 4805/1048/209 4806/1049/210
f 4799/1040/219 4798/1038/218 4806/1049/210 4807/1050/211
f 4800/1042/220 4799/1040/219 4807/1050/211 4808/1051/212
f 4801/1027/214 4800/1042/220 4808/1051/212 4809/1044/206
f 4802/1043/205 4809/1044/206 4817/1053/2566 4810/1052/199
f 4803/1045/207 4802/1043/205 4810/1052/199 4811/1054/18
f 4804/1046/208 4803/1047/207 4811/1056/18 4812/1055/201
f 4805/1048/209 4804/1046/208 4812/1055/201 4813/1057/202
f 4806/1049/210 4805/1048/209 4813/1057/202 4814/1058/203
f 4807/1050/211 4806/1049/210 4814/1058/203 4815/1059/2567
f 4808/1051/212 4807/1050/211 4815/1059/2567 4816/1060/2568
f 4809/1044/206 4808/1051/212 4816/1060/2568 4817/1053/2566
f 4810/1061/199 4817/1064/2566 4825/1063/2569 4818/1062/2570
f 4811/1065/18 4810/1061/199 4818/1062/2570 4819/1066/731
f 4812/1067/201 4811/1070/18 4819/1069/731 4820/1068/194
f 4813/1071/202 4812/1067/201 4820/1068/194 4821/1072/195
f 4814/1073/203 4813/1071/202 4821/1072/195 4822/1074/196
f 4815/1075/2567 4814/1073/203 4822/1074/196 4823/1076/2571
f 4816/1077/2568 4815/1075/2567 4823/1076/2571 4824/1078/2572
f 4817/1064/2566 4816/1077/2568 4824/1078/2572 4825/1063/2569
f 4818/1062/2570 4825/1063/2569 4833/1080/2573 4826/1079/176
f 4819/1066/731 4818/1062/2570 4826/1079/176 4827/1081/728
f 4820/1068/194 4819/1069/731 4827/1083/728 4828/1082/182
f 4821/1072/195 4820/1068/194 4828/1082/182 4829/1084/184
f 4822/1074/196 4821/1072/195 4829/1084/184 4830/1085/186
f 4823/1076/2571 4822/1074/196 4830/1085/186 4831/1086/2574
f 4824/1078/2572 4823/1076/2571 4831/1086/2574 4832/1087/2575
f 4825/1063/2569 4824/1078/2572 4832/1087/2575 4833/1080/2573
f 4826/1079/176 4833/1080/2573 4841/1089/2576 4834/1088/175
f 4827/1081/728 4826/1079/176 4834/1088/175 4835/1090/727
f 4828/1082/182 4827/1083/728 4835/1092/727 4836/1091/181
f 4829/1084/184 4828/1082/182 4836/1091/181 4837/1093/183
f 4830/1085/186 4829/1084/184 4837/1093/183 4838/1094/185
f 4831/1086/2574 4830/1085/186 4838/1094/185 4839/1095/2577
f 4832/1087/2575 4831/1086/2574 4839/1095/2577 4840/1096/2578
f 4833/1080/2573 4832/1087/2575 4840/1096/2578 4841/1089/2576
f 4834/1088/175 4841/1089/2576 4849/1098/352 4842/1097/351
f 4835/1090/727 4834/1088/175 4842/1097/351 4843/1099/353
f 4836/1091/181 4835/1092/727 4843/1101/353 4844/1100/354
f 4837/1093/183 4836/1091/181 4844/1100/354 4845/1102/355
f 4838/1094/185 4837/1093/183 4845/1102/355 4846/1103/356
f 4839/1095/2577 4838/1094/185 4846/1103/356 4847/1104/787
f 4840/1096/2578 4839/1095/2577 4847/1104/787 4848/1105/358
f 4841/1089/2576 4840/1096/2578 4848/1105/358 4849/1098/352
f 4842/1097/351 4849/1098/352 4857/1107/344 4850/1106/343
f 4843/1099/353 4842/1097/351 4850/1106/343 4851/1108/784
f 4844/1100/354 4843/1101/353 4851/1110/784 4852/1109/346
f 4845/1102/355 4844/1100/354 4852/1109/346 4853/1111/347
f 4846/1103/356 4845/1102/355 4853/1111/347 4854/1112/785
f 4847/1104/787 4846/1103/356 4854/1112/785 4855/1113/349
f 4848/1105/358 4847/1104/787 4855/1113/349 4856/1114/786
f 4849/1098/352 4848/1105/358 4856/1114/786 4857/1107/344
f 4850/1106/343 4857/1107/344 4865/1116/782 4858/1115/337
f 4851/1108/784 4850/1106/343 4858/1115/337 4859/1117/1
f 4852/1109/346 4851/1110/784 4859/1119/1 4860/1118/339
f 4853/1111/347 4852/1109/346 4860/1118/339 4861/1120/783
f 4854/1112/785 4853/1111/347 4861/1120/783 4862/1121/341
f 4855/1113/349 4854/1112/785 4862/1121/341 4863/1122/34
f 4856/1114/786 4855/1113/349 4863/1122/34 4864/1123/342
f 4857/1107/344 4856/1114/786 4864/1123/342 4865/1116/782
f 4858/1115/337 4865/1116/782 4873/1125/330 4866/1124/329
f 4859/1117/1 4858/1115/337 4866/1124/329 4867/1126/331
f 4860/1118/339 4859/1119/1 4867/1128/331 4868/1127/779
f 4861/1120/783 4860/1118/339 4868/1127/779 4869/1129/333
f 4862/1121/341 4861/1120/783 4869/1129/333 4870/1130/804
f 4863/1122/34 4862/1121/341 4870/1130/804 4871/1131/335
f 4864/1123/342 4863/1122/34 4871/1131/335 4872/1132/789
f 4865/1116/782 4864/1123/342 4872/1132/789 4873/1125/330
f 4866/1124/329 4873/1125/330 4881/1134/322 4874/1133/321
f 4867/1126/331 4866/1124/329 4874/1133/321 4875/1135/323
f 4868/1127/779 4867/1128/331 4875/1137/323 4876/1136/324
f 4869/1129/333 4868/1127/779 4876/1136/324 4877/1138/776
f 4870/1130/804 4869/1129/333 4877/1138/776 4878/1139/326
f 4871/1131/335 4870/1130/804 4878/1139/326 4879/1140/777
f 4872/1132/789 4871/1131/335 4879/1140/777 4880/1141/328
f 4873/1125/330 4872/1132/789 4880/1141/328 4881/1134/322
f 4874/1133/321 4881/1134/322 4889/1143/771 4882/1142/313
f 4875/1135/323 4874/1133/321 4882/1142/313 4883/1144/772
f 4876/1136/324 4875/1137/323 4883/1146/772 4884/1145/316
f 4877/1138/776 4876/1136/324 4884/1145/316 4885/1147/773
f 4878/1139/326 4877/1138/776 4885/1147/773 4886/1148/774
f 4879/1140/777 4878/1139/326 4886/1148/774 4887/1149/319
f 4880/1141/328 4879/1140/777 4887/1149/319 4888/1150/775
f 4881/1134/322 4880/1141/328 4888/1150/775 4889/1143/771
f 4882/1142/313 4889/1143/771 4897/1152/306 4890/1151/305
f 4883/1144/772 4882/1142/313 4890/1151/305 4891/1153/770
f 4884/1145/316 4883/1146/772 4891/1155/770 4892/1154/308
f 4885/1147/773 4884/1145/316 4892/1154/308 4893/1156/309
f 4886/1148/774 4885/1147/773 4893/1156/309 4894/1157/310
f 4887/1149/319 4886/1148/774 4894/1157/310 4895/1158/311
f 4888/1150/775 4887/1149/319 4895/1158/311 4896/1159/312
f 4889/1143/771 4888/1150/775 4896/1159/312 4897/1152/306
f 4890/1151/305 4897/1152/306 4905/1161/298 4898/1160/2579
f 4891/1153/770 4890/1151/305 4898/1160/2579 4899/1162/299
f 4892/1154/308 4891/1155/770 4899/1164/299 4900/1163/300
f 4893/1156/309 4892/1154/308 4900/1163/300 4901/1165/301
f 4894/1157/310 4893/1156/309 4901/1165/301 4902/1166/302
f 4895/1158/311 4894/1157/310 4902/1166/302 4903/1167/303
f 4896/1159/312 4895/1158/311 4903/1167/303 4904/1168/304
f 4897/1152/306 4896/1159/312 4904/1168/304 4905/1161/298
f 4898/1160/2579 4905/1161/298 4913/1170/292 4906/1169/291
f 4899/1162/299 4898/1160/2579 4906/1169/291 4907/1171/50
f 4900/1163/300 4899/1164/299 4907/1173/50 4908/1172/293
f 4901/1165/301 4900/1163/300 4908/1172/293 4909/1174/294
f 4902/1166/302 4901/1165/301 4909/1174/294 4910/1175/295
f 4903/1167/303 4902/1166/302 4910/1175/295 4911/1176/18
f 4904/1168/304 4903/1167/303 4911/1176/18 4912/1177/296
f 4905/1161/298 4904/1168/304 4912/1177/296 4913/1170/292
f 4906/1169/291 4913/1170/292 4921/1179/284 4914/1178/800
f 4907/1171/50 4906/1169/291 4914/1178/800 4915/1180/767
f 4908/1172/293 4907/1173/50 4915/1182/767 4916/1181/286
f 4909/1174/294 4908/1172/293 4916/1181/286 4917/1183/287
f 4910/1175/295 4909/1174/294 4917/1183/287 4918/1184/288
f 4911/1176/18 4910/1175/295 4918/1184/288 4919/1185/289
f 4912/1177/296 4911/1176/18 4919/1185/289 4920/1186/290
f 4913/1170/292 4912/1177/296 4920/1186/290 4921/1179/284
f 4914/1178/800 4921/1179/284 4929/1188/276 4922/1187/275
f 4915/1180/767 4914/1178/800 4922/1187/275 4923/1189/766
f 4916/1181/286 4915/1182/767 4923/1191/766 4924/1190/278
f 4917/1183/287 4916/1181/286 4924/1190/278 4925/1192/279
f 4918/1184/288 4917/1183/287 4925/1192/279 4926/1193/280
f 4919/1185/289 4918/1184/288 4926/1193/280 4927/1194/281
f 4920/1186/290 4919/1185/289 4927/1194/281 4928/1195/282
f 4921/1179/284 4920/1186/290 4928/1195/282 4929/1188/276
f 4922/1187/275 4929/1188/276 4937/1197/761 4930/1196/267
f 4923/1189/766 4922/1187/275 4930/1196/267 4931/1198/762
f 4924/1190/278 4923/1191/766 4931/1200/762 4932/1199/270
f 4925/1192/279 4924/1190/278 4932/1199/270 4933/1201/763
f 4926/1193/280 4925/1192/279 4933/1201/763 4934/1202/764
f 4927/1194/281 4926/1193/280 4934/1202/764 4935/1203/273
f 4928/1195/282 4927/1194/281 4935/1203/273 4936/1204/765
f 4929/1188/276 4928/1195/282 4936/1204/765 4937/1197/761
f 4930/1196/267 4937/1197/761 4945/1206/260 4938/1205/259
f 4931/1198/762 4930/1196/267 4938/1205/259 4939/1207/261
f 4932/1199/270 4931/1200/762 4939/1209/261 4940/1208/262
f 4933/1201/763 4932/1199/270 4940/1208/262 4941/1210/263
f 4934/1202/764 4933/1201/763 4941/1210/263 4942/1211/264
f 4935/1203/273 4934/1202/764 4942/1211/264 4943/1212/760
f 4936/1204/765 4935/1203/273 4943/1212/760 4944/1213/266
f 4937/1197/761 4936/1204/765 4944/1213/266 4945/1206/260
f 4938/1205/259 4945/1206/260 4953/1215/252 4946/1214/798
f 4939/1207/261 4938/1205/259 4946/1214/798 4947/1216/253
f 4940/1208/262 4939/1209/261 4947/1218/253 4948/1217/254
f 4941/1210/263 4940/1208/262 4948/1217/254 4949/1219/255
f 4942/1211/264 4941/1210/263 4949/1219/255 4950/1220/2580
f 4943/1212/760 4942/1211/264 4950/1220/2580 4951/1221/257
f 4944/1213/266 4943/1212/760 4951/1221/257 4952/1222/2581
f 4945/1206/260 4944/1213/266 4952/1222/2581 4953/1215/252
f 4946/1214/798 4953/1215/252 4961/1224/755 4954/1223/245
f 4947/1216/253 4946/1214/798 4954/1223/245 4955/1225/34
f 4948/1217/254 4947/1218/253 4955/1227/34 4956/1226/247
f 4949/1219/255 4948/1217/254 4956/1226/247 4957/1228/756
f 4950/1220/2580 4949/1219/255 4957/1228/756 4958/1229/249
f 4951/1221/257 4950/1220/2580 4958/1229/249 4959/1230/1
f 4952/1222/2581 4951/1221/257 4959/1230/1 4960/1231/250
f 4953/1215/252 4952/1222/2581 4960/1231/250 4961/1224/755
f 4954/1223/245 4961/1224/755 4969/1233/238 4962/1232/237
f 4955/1225/34 4954/1223/245 4962/1232/237 4963/1234/752
f 4956/1226/247 4955/1227/34 4963/1236/752 4964/1235/240
f 4957/1228/756 4956/1226/247 4964/1235/240 4965/1237/241
f 4958/1229/249 4957/1228/756 4965/1237/241 4966/1238/753
f 4959/1230/1 4958/1229/249 4966/1238/753 4967/1239/243
f 4960/1231/250 4959/1230/1 4967/1239/243 4968/1240/754
f 4961/1224/755 4960/1231/250 4968/1240/754 4969/1233/238
f 4962/1232/237 4969/1233/238 4977/1242/230 4970/1241/229
f 4963/1234/752 4962/1232/237 4970/1241/229 4971/1243/231
f 4964/1235/240 4963/1236/752 4971/1245/231 4972/1244/232
f 4965/1237/241 4964/1235/240 4972/1244/232 4973/1246/750
f 4966/1238/753 4965/1237/241 4973/1246/750 4974/1247/234
f 4967/1239/243 4966/1238/753 4974/1247/234 4975/1248/751
f 4968/1240/754 4967/1239/243 4975/1248/751 4976/1249/236
f 4969/1233/238 4968/1240/754 4976/1249/236 4977/1242/230
f 4970/1241/229 4977/1242/230 4793/1028/222 4786/1025/221
f 4971/1243/231 4970/1241/229 4786/1025/221 4787/1029/746
f 4972/1244/232 4971/1245/231 4787/1034/746 4788/1031/224
f 4973/1246/750 4972/1244/232 4788/1031/224 4789/1035/747
f 4974/1247/234 4973/1246/750 4789/1035/747 4790/1037/2564
f 4975/1248/751 4974/1247/234 4790/1037/2564 4791/1039/227
f 4976/1249/236 4975/1248/751 4791/1039/227 4792/1041/2565
f 4977/1242/230 4976/1249/236 4792/1041/2565 4793/1028/222
f 4978/1250/221 4985/1253/222 4993/1252/214 4986/1251/213
f 4979/1254/746 4978/1250/221 4986/1251/213 4987/1255/742
f 4980/1256/224 4979/1259/746 4987/1258/742 4988/1257/216
f 4981/1260/747 4980/1256/224 4988/1257/216 4989/1261/217
f 4982/1262/2564 4981/1260/747 4989/1261/217 4990/1263/218
f 4983/1264/227 4982/1262/2564 4990/1263/218 4991/1265/219
f 4984/1266/2565 4983/1264/227 4991/1265/219 4992/1267/220
f 4985/1253/222 4984/1266/2565 4992/1267/220 4993/1252/214
f 4986/1251/213 4993/1252/214 5001/1269/206 4994/1268/205
f 4987/1255/742 4986/1251/213 4994/1268/205 4995/1270/207
f 4988/1257/216 4987/1258/742 4995/1272/207 4996/1271/208
f 4989/1261/217 4988/1257/216 4996/1271/208 4997/1273/209
f 4990/1263/218 4989/1261/217 4997/1273/209 4998/1274/210
f 4991/1265/219 4990/1263/218 4998/1274/210 4999/1275/211
f 4992/1267/220 4991/1265/219 4999/1275/211 5000/1276/212
f 4993/1252/214 4992/1267/220 5000/1276/212 5001/1269/206
f 4994/1268/205 5001/1269/206 5009/1278/200 5002/1277/199
f 4995/1270/207 4994/1268/205 5002/1277/199 5003/1279/18
f 4996/1271/208 4995/1272/207 5003/1281/18 5004/1280/201
f 4997/1273/209 4996/1271/208 5004/1280/201 5005/1282/202
f 4998/1274/210 4997/1273/209 5005/1282/202 5006/1283/203
f 4999/1275/211 4998/1274/210 5006/1283/203 5007/1284/50
f 5000/1276/212 4999/1275/211 5007/1284/50 5008/1285/204
f 5001/1269/206 5000/1276/212 5008/1285/204 5009/1278/200
f 5002/1286/199 5009/1289/200 5017/1288/192 5010/1287/2570
f 5003/1290/18 5002/1286/199 5010/1287/2570 5011/1291/731
f 5004/1292/201 5003/1295/18 5011/1294/731 5012/1293/194
f 5005/1296/202 5004/1292/201 5012/1293/194 5013/1297/195
f 5006/1298/203 5005/1296/202 5013/1297/195 5014/1299/196
f 5007/1300/50 5006/1298/203 5014/1299/196 5015/1301/197
f 5008/1302/204 5007/1300/50 5015/1301/197 5016/1303/198
f 5009/1289/200 5008/1302/204 5016/1303/198 5017/1288/192
f 5010/1287/2570 5017/1288/192 5025/1305/177 5018/1304/176
f 5011/1291/731 5010/1287/2570 5018/1304/176 5019/1306/728
f 5012/1293/194 5011/1294/731 5019/1308/728 5020/1307/182
f 5013/1297/195 5012/1293/194 5020/1307/182 5021/1309/184
f 5014/1299/196 5013/1297/195 5021/1309/184 5022/1310/186
f 5015/1301/197 5014/1299/196 5022/1310/186 5023/1311/188
f 5016/1303/198 5015/1301/197 5023/1311/188 5024/1312/190
f 5017/1288/192 5016/1303/198 5024/1312/190 5025/1305/177
f 5018/1304/176 5025/1305/177 5033/1314/178 5026/1313/175
f 5019/1306/728 5018/1304/176 5026/1313/175 5027/1315/727
f 5020/1307/182 5019/1308/728 5027/1317/727 5028/1316/181
f 5021/1309/184 5020/1307/182 5028/1316/181 5029/1318/183
f 5022/1310/186 5021/1309/184 5029/1318/183 5030/1319/185
f 5023/1311/188 5022/1310/186 5030/1319/185 5031/1320/187
f 5024/1312/190 5023/1311/188 5031/1320/187 5032/1321/189
f 5025/1305/177 5024/1312/190 5032/1321/189 5033/1314/178
f 5026/1313/175 5033/1314/178 5041/1323/352 5034/1322/351
f 5027/1315/727 5026/1313/175 5034/1322/351 5035/1324/353
f 5028/1316/181 5027/1317/727 5035/1326/353 5036/1325/354
f 5029/1318/183 5028/1316/181 5036/1325/354 5037/1327/355
f 5030/1319/185 5029/1318/183 5037/1327/355 5038/1328/356
f 5031/1320/187 5030/1319/185 5038/1328/356 5039/1329/787
f 5032/1321/189 5031/1320/187 5039/1329/787 5040/1330/358
f 5033/1314/178 5032/1321/189 5040/1330/358 5041/1323/352
f 5034/1322/351 5041/1323/352 5049/1332/344 5042/1331/343
f 5035/1324/353 5034/1322/351 5042/1331/343 5043/1333/784
f 5036/1325/354 5035/1326/353 5043/1335/784 5044/1334/346
f 5037/1327/355 5036/1325/354 5044/1334/346 5045/1336/347
f 5038/1328/356 5037/1327/355 5045/1336/347 5046/1337/785
f 5039/1329/787 5038/1328/356 5046/1337/785 5047/1338/349
f 5040/1330/358 5039/1329/787 5047/1338/349 5048/1339/808
f 5041/1323/352 5040/1330/358 5048/1339/808 5049/1332/344
f 5042/1331/343 5049/1332/344 5057/1341/782 5050/1340/337
f 5043/1333/784 5042/1331/343 5050/1340/337 5051/1342/1
f 5044/1334/346 5043/1335/784 5051/1344/1 5052/1343/339
f 5045/1336/347 5044/1334/346 5052/1343/339 5053/1345/783
f 5046/1337/785 5045/1336/347 5053/1345/783 5054/1346/341
f 5047/1338/349 5046/1337/785 5054/1346/341 5055/1347/34
f 5048/1339/808 5047/1338/349 5055/1347/34 5056/1348/342
f 5049/1332/344 5048/1339/808 5056/1348/342 5057/1341/782
f 5050/1340/337 5057/1341/782 5065/1350/330 5058/1349/329
f 5051/1342/1 5050/1340/337 5058/1349/329 5059/1351/331
f 5052/1343/339 5051/1344/1 5059/1353/331 5060/1352/779
f 5053/1345/783 5052/1343/339 5060/1352/779 5061/1354/333
f 5054/1346/341 5053/1345/783 5061/1354/333 5062/1355/804
f 5055/1347/34 5054/1346/341 5062/1355/804 5063/1356/335
f 5056/1348/342 5055/1347/34 5063/1356/335 5064/1357/789
f 5057/1341/782 5056/1348/342 5064/1357/789 5065/1350/330
f 5058/1349/329 5065/1350/330 5073/1359/322 5066/1358/321
f 5059/1351/331 5058/1349/329 5066/1358/321 5067/1360/323
f 5060/1352/779 5059/1353/331 5067/1362/323 5068/1361/324
f 5061/1354/333 5060/1352/779 5068/1361/324 5069/1363/776
f 5062/1355/804 5061/1354/333 5069/1363/776 5070/1364/326
f 5063/1356/335 5062/1355/804 5070/1364/326 5071/1365/777
f 5064/1357/789 5063/1356/335 5071/1365/777 5072/1366/328
f 5065/1350/330 5064/1357/789 5072/1366/328 5073/1359/322
f 5066/1358/321 5073/1359/322 5081/1368/771 5074/1367/313
f 5067/1360/323 5066/1358/321 5074/1367/313 5075/1369/772
f 5068/1361/324 5067/1362/323 5075/1371/772 5076/1370/316
f 5069/1363/776 5068/1361/324 5076/1370/316 5077/1372/773
f 5070/1364/326 5069/1363/776 5077/1372/773 5078/1373/774
f 5071/1365/777 5070/1364/326 5078/1373/774 5079/1374/319
f 5072/1366/328 5071/1365/777 5079/1374/319 5080/1375/775
f 5073/1359/322 5072/1366/328 5080/1375/775 5081/1368/771
f 5074/1367/313 5081/1368/771 5089/1377/306 5082/1376/305
f 5075/1369/772 5074/1367/313 5082/1376/305 5083/1378/770
f 5076/1370/316 5075/1371/772 5083/1380/770 5084/1379/308
f 5077/1372/773 5076/1370/316 5084/1379/308 5085/1381/309
f 5078/1373/774 5077/1372/773 5085/1381/309 5086/1382/310
f 5079/1374/319 5078/1373/774 5086/1382/310 5087/1383/311
f 5080/1375/775 5079/1374/319 5087/1383/311 5088/1384/312
f 5081/1368/771 5080/1375/775 5088/1384/312 5089/1377/306
f 5082/1376/305 5089/1377/306 5097/1386/298 5090/1385/2579
f 5083/1378/770 5082/1376/305 5090/1385/2579 5091/1387/299
f 5084/1379/308 5083/1380/770 5091/1389/299 5092/1388/300
f 5085/1381/309 5084/1379/308 5092/1388/300 5093/1390/301
f 5086/1382/310 5085/1381/309 5093/1390/301 5094/1391/302
f 5087/1383/311 5086/1382/310 5094/1391/302 5095/1392/303
f 5088/1384/312 5087/1383/311 5095/1392/303 5096/1393/304
f 5089/1377/306 5088/1384/312 5096/1393/304 5097/1386/298
f 5090/1385/2579 5097/1386/298 5105/1395/292 5098/1394/291
f 5091/1387/299 5090/1385/2579 5098/1394/291 5099/1396/50
f 5092/1388/300 5091/1389/299 5099/1398/50 5100/1397/293
f 5093/1390/301 5092/1388/300 5100/1397/293 5101/1399/294
f 5094/1391/302 5093/1390/301 5101/1399/294 5102/1400/295
f 5095/1392/303 5094/1391/302 5102/1400/295 5103/1401/18
f 5096/1393/304 5095/1392/303 5103/1401/18 5104/1402/296
f 5097/1386/298 5096/1393/304 5104/1402/296 5105/1395/292
f 5098/1394/291 5105/1395/292 5113/1404/284 5106/1403/800
f 5099/1396/50 5098/1394/291 5106/1403/800 5107/1405/767
f 5100/1397/293 5099/1398/50 5107/1407/767 5108/1406/286
f 5101/1399/294 5100/1397/293 5108/1406/286 5109/1408/287
f 5102/1400/295 5101/1399/294 5109/1408/287 5110/1409/288
f 5103/1401/18 5102/1400/295 5110/1409/288 5111/1410/289
f 5104/1402/296 5103/1401/18 5111/1410/289 5112/1411/290
f 5105/1395/292 5104/1402/296 5112/1411/290 5113/1404/284
f 5106/1403/800 5113/1404/284 5121/1413/276 5114/1412/275
f 5107/1405/767 5106/1403/800 5114/1412/275 5115/1414/766
f 5108/1406/286 5107/1407/767 5115/1416/766 5116/1415/278
f 5109/1408/287 5108/1406/286 5116/1415/278 5117/1417/279
f 5110/1409/288 5109/1408/287 5117/1417/279 5118/1418/280
f 5111/1410/289 5110/1409/288 5118/1418/280 5119/1419/281
f 5112/1411/290 5111/1410/289 5119/1419/281 5120/1420/282
f 5113/1404/284 5112/1411/290 5120/1420/282 5121/1413/276
f 5114/1412/275 5121/1413/276 5129/1422/761 5122/1421/267
f 5115/1414/766 5114/1412/275 5122/1421/267 5123/1423/762
f 5116/1415/278 5115/1416/766 5123/1425/762 5124/1424/270
f 5117/1417/279 5116/1415/278 5124/1424/270 5125/1426/763
f 5118/1418/280 5117/1417/279 5125/1426/763 5126/1427/764
f 5119/1419/281 5118/1418/280 5126/1427/764 5127/1428/273
f 5120/1420/282 5119/1419/281 5127/1428/273 5128/1429/765
f 5121/1413/276 5120/1420/282 5128/1429/765 5129/1422/761
f 5122/1421/267 5129/1422/761 5137/1431/260 5130/1430/259
f 5123/1423/762 5122/1421/267 5130/1430/259 5131/1432/261
f 5124/1424/270 5123/1425/762 5131/1434/261 5132/1433/262
f 5125/1426/763 5124/1424/270 5132/1433/262 5133/1435/263
f 5126/1427/764 5125/1426/763 5133/1435/263 5134/1436/264
f 5127/1428/273 5126/1427/764 5134/1436/264 5135/1437/760
f 5128/1429/765 5127/1428/273 5135/1437/760 5136/1438/266
f 5129/1422/761 5128/1429/765 5136/1438/266 5137/1431/260
f 5130/1430/259 5137/1431/260 5145/1440/252 5138/1439/798
f 5131/1432/261 5130/1430/259 5138/1439/798 5139/1441/253
f 5132/1433/262 5131/1434/261 5139/1443/253 5140/1442/254
f 5133/1435/263 5132/1433/262 5140/1442/254 5141/1444/255
f 5134/1436/264 5133/1435/263 5141/1444/255 5142/1445/2580
f 5135/1437/760 5134/1436/264 5142/1445/2580 5143/1446/257
f 5136/1438/266 5135/1437/760 5143/1446/257 5144/1447/2581
f 5137/1431/260 5136/1438/266 5144/1447/2581 5145/1440/252
f 5138/1439/798 5145/1440/252 5153/1449/755 5146/1448/245
f 5139/1441/253 5138/1439/798 5146/1448/245 5147/1450/34
f 5140/1442/254 5139/1443/253 5147/1452/34 5148/1451/247
f 5141/1444/255 5140/1442/254 5148/1451/247 5149/1453/756
f 5142/1445/2580 5141/1444/255 5149/1453/756 5150/1454/249
f 5143/1446/257 5142/1445/2580 5150/1454/249 5151/1455/1
f 5144/1447/2581 5143/1446/257 5151/1455/1 5152/1456/250
f 5145/1440/252 5144/1447/2581 5152/1456/250 5153/1449/755
f 5146/1448/245 5153/1449/755 5161/1458/238 5154/1457/237
f 5147/1450/34 5146/1448/245 5154/1457/237 5155/1459/752
f 5148/1451/247 5147/1452/34 5155/1461/752 5156/1460/240
f 5149/1453/756 5148/1451/247 5156/1460/240 5157/1462/241
f 5150/1454/249 5149/1453/756 5157/1462/241 5158/1463/753
f 5151/1455/1 5150/1454/249 5158/1463/753 5159/1464/243
f 5152/1456/250 5151/1455/1 5159/1464/243 5160/1465/754
f 5153/1449/755 5152/1456/250 5160/1465/754 5161/1458/238
f 5154/1457/237 5161/1458/238 5169/1467/230 5162/1466/229
f 5155/1459/752 5154/1457/237 5162/1466/229 5163/1468/231
f 5156/1460/240 5155/1461/752 5163/1470/231 5164/1469/232
f 5157/1462/241 5156/1460/240 5164/1469/232 5165/1471/750
f 5158/1463/753 5157/1462/241 5165/1471/750 5166/1472/234
f 5159/1464/243 5158/1463/753 5166/1472/234 5167/1473/751
f 5160/1465/754 5159/1464/243 5167/1473/751 5168/1474/236
f 5161/1458/238 5160/1465/754 5168/1474/236 5169/1467/230
f 5162/1466/229 5169/1467/230 4985/1253/222 4978/1250/221
f 5163/1468/231 5162/1466/229 4978/1250/221 4979/1254/746
f 5164/1469/232 5163/1470/231 4979/1259/746 4980/1256/224
f 5165/1471/750 5164/1469/232 4980/1256/224 4981/1260/747
f 5166/1472/234 5165/1471/750 4981/1260/747 4982/1262/2564
f 5167/1473/751 5166/1472/234 4982/1262/2564 4983/1264/227
f 5168/1474/236 5167/1473/751 4983/1264/227 4984/1266/2565
f 5169/1467/230 5168/1474/236 4984/1266/2565 4985/1253/222
f 5170/1475/221 5177/1478/222 5185/1477/214 5178/1476/213
f 5171/1479/746 5170/1475/221 5178/1476/213 5179/1480/215
f 5172/1481/224 5171/1484/746 5179/1483/215 5180/1482/216
f 5173/1485/747 5172/1481/224 5180/1482/216 5181/1486/217
f 5174/1487/226 5173/1485/747 5181/1486/217 5182/1488/218
f 5175/1489/227 5174/1487/226 5182/1488/218 5183/1490/219
f 5176/1491/228 5175/1489/227 5183/1490/219 5184/1492/220
f 5177/1478/222 5176/1491/228 5184/1492/220 5185/1477/214
f 5178/1476/213 5185/1477/214 5193/1494/809 5186/1493/205
f 5179/1480/215 5178/1476/213 5186/1493/205 5187/1495/207
f 5180/1482/216 5179/1483/215 5187/1497/207 5188/1496/208
f 5181/1486/217 5180/1482/216 5188/1496/208 5189/1498/209
f 5182/1488/218 5181/1486/217 5189/1498/209 5190/1499/210
f 5183/1490/219 5182/1488/218 5190/1499/210 5191/1500/211
f 5184/1492/220 5183/1490/219 5191/1500/211 5192/1501/212
f 5185/1477/214 5184/1492/220 5192/1501/212 5193/1494/809
f 5186/1493/205 5193/1494/809 5201/1503/792 5194/1502/199
f 5187/1495/207 5186/1493/205 5194/1502/199 5195/1504/18
f 5188/1496/208 5187/1497/207 5195/1506/18 5196/1505/201
f 5189/1498/209 5188/1496/208 5196/1505/201 5197/1507/793
f 5190/1499/210 5189/1498/209 5197/1507/793 5198/1508/203
f 5191/1500/211 5190/1499/210 5198/1508/203 5199/1509/50
f 5192/1501/212 5191/1500/211 5199/1509/50 5200/1510/204
f 5193/1494/809 5192/1501/212 5200/1510/204 5201/1503/792
f 5194/1502/199 5201/1503/792 5209/1512/192 5202/1511/191
f 5195/1504/18 5194/1502/199 5202/1511/191 5203/1513/731
f 5196/1505/201 5195/1506/18 5203/1515/731 5204/1514/732
f 5197/1507/793 5196/1505/201 5204/1514/732 5205/1516/195
f 5198/1508/203 5197/1507/793 5205/1516/195 5206/1517/196
f 5199/1509/50 5198/1508/203 5206/1517/196 5207/1518/197
f 5200/1510/204 5199/1509/50 5207/1518/197 5208/1519/198
f 5201/1503/792 5200/1510/204 5208/1519/198 5209/1512/192
f 5202/1511/191 5209/1512/192 5217/1521/177 5210/1520/176
f 5203/1513/731 5202/1511/191 5210/1520/176 5211/1522/180
f 5204/1514/732 5203/1515/731 5211/1524/180 5212/1523/182
f 5205/1516/195 5204/1514/732 5212/1523/182 5213/1525/184
f 5206/1517/196 5205/1516/195 5213/1525/184 5214/1526/186
f 5207/1518/197 5206/1517/196 5214/1526/186 5215/1527/188
f 5208/1519/198 5207/1518/197 5215/1527/188 5216/1528/190
f 5209/1512/192 5208/1519/198 5216/1528/190 5217/1521/177
f 5210/1520/176 5217/1521/177 5225/1530/178 5218/1529/175
f 5211/1522/180 5210/1520/176 5218/1529/175 5219/1531/790
f 5212/1523/182 5211/1524/180 5219/1533/790 5220/1532/181
f 5213/1525/184 5212/1523/182 5220/1532/181 5221/1534/183
f 5214/1526/186 5213/1525/184 5221/1534/183 5222/1535/185
f 5215/1527/188 5214/1526/186 5222/1535/185 5223/1536/187
f 5216/1528/190 5215/1527/188 5223/1536/187 5224/1537/189
f 5217/1521/177 5216/1528/190 5224/1537/189 5225/1530/178
f 5218/1529/175 5225/1530/178 5233/1539/352 5226/1538/351
f 5219/1531/790 5218/1529/175 5226/1538/351 5227/1540/353
f 5220/1532/181 5219/1533/790 5227/1542/353 5228/1541/354
f 5221/1534/183 5220/1532/181 5228/1541/354 5229/1543/355
f 5222/1535/185 5221/1534/183 5229/1543/355 5230/1544/356
f 5223/1536/187 5222/1535/185 5230/1544/356 5231/1545/787
f 5224/1537/189 5223/1536/187 5231/1545/787 5232/1546/358
f 5225/1530/178 5224/1537/189 5232/1546/358 5233/1539/352
f 5226/1538/351 5233/1539/352 5241/1548/344 5234/1547/343
f 5227/1540/353 5226/1538/351 5234/1547/343 5235/1549/784
f 5228/1541/354 5227/1542/353 5235/1551/784 5236/1550/346
f 5229/1543/355 5228/1541/354 5236/1550/346 5237/1552/347
f 5230/1544/356 5229/1543/355 5237/1552/347 5238/1553/807
f 5231/1545/787 5230/1544/356 5238/1553/807 5239/1554/349
f 5232/1546/358 5231/1545/787 5239/1554/349 5240/1555/808
f 5233/1539/352 5232/1546/358 5240/1555/808 5241/1548/344
f 5234/1547/343 5241/1548/344 5249/1557/782 5242/1556/805
f 5235/1549/784 5234/1547/343 5242/1556/805 5243/1558/1
f 5236/1550/346 5235/1551/784 5243/1560/1 5244/1559/806
f 5237/1552/347 5236/1550/346 5244/1559/806 5245/1561/783
f 5238/1553/807 5237/1552/347 5245/1561/783 5246/1562/341
f 5239/1554/349 5238/1553/807 5246/1562/341 5247/1563/34
f 5240/1555/808 5239/1554/349 5247/1563/34 5248/1564/342
f 5241/1548/344 5240/1555/808 5248/1564/342 5249/1557/782
f 5242/1556/805 5249/1557/782 5257/1566/330 5250/1565/778
f 5243/1558/1 5242/1556/805 5250/1565/778 5251/1567/331
f 5244/1559/806 5243/1560/1 5251/1569/331 5252/1568/779
f 5245/1561/783 5244/1559/806 5252/1568/779 5253/1570/333
f 5246/1562/341 5245/1561/783 5253/1570/333 5254/1571/804
f 5247/1563/34 5246/1562/341 5254/1571/804 5255/1572/335
f 5248/1564/342 5247/1563/34 5255/1572/335 5256/1573/789
f 5249/1557/782 5248/1564/342 5256/1573/789 5257/1566/330
f 5250/1565/778 5257/1566/330 5265/1575/322 5258/1574/321
f 5251/1567/331 5250/1565/778 5258/1574/321 5259/1576/323
f 5252/1568/779 5251/1569/331 5259/1578/323 5260/1577/324
f 5253/1570/333 5252/1568/779 5260/1577/324 5261/1579/776
f 5254/1571/804 5253/1570/333 5261/1579/776 5262/1580/326
f 5255/1572/335 5254/1571/804 5262/1580/326 5263/1581/777
f 5256/1573/789 5255/1572/335 5263/1581/777 5264/1582/328
f 5257/1566/330 5256/1573/789 5264/1582/328 5265/1575/322
f 5258/1574/321 5265/1575/322 5273/1584/771 5266/1583/313
f 5259/1576/323 5258/1574/321 5266/1583/313 5267/1585/803
f 5260/1577/324 5259/1578/323 5267/1587/803 5268/1586/316
f 5261/1579/776 5260/1577/324 5268/1586/316 5269/1588/773
f 5262/1580/326 5261/1579/776 5269/1588/773 5270/1589/774
f 5263/1581/777 5262/1580/326 5270/1589/774 5271/1590/319
f 5264/1582/328 5263/1581/777 5271/1590/319 5272/1591/775
f 5265/1575/322 5264/1582/328 5272/1591/775 5273/1584/771
f 5266/1583/313 5273/1584/771 5281/1593/306 5274/1592/305
f 5267/1585/803 5266/1583/313 5274/1592/305 5275/1594/307
f 5268/1586/316 5267/1587/803 5275/1596/307 5276/1595/308
f 5269/1588/773 5268/1586/316 5276/1595/308 5277/1597/309
f 5270/1589/774 5269/1588/773 5277/1597/309 5278/1598/310
f 5271/1590/319 5270/1589/774 5278/1598/310 5279/1599/311
f 5272/1591/775 5271/1590/319 5279/1599/311 5280/1600/312
f 5273/1584/771 5272/1591/775 5280/1600/312 5281/1593/306
f 5274/1592/305 5281/1593/306 5289/1602/298 5282/1601/297
f 5275/1594/307 5274/1592/305 5282/1601/297 5283/1603/299
f 5276/1595/308 5275/1596/307 5283/1605/299 5284/1604/769
f 5277/1597/309 5276/1595/308 5284/1604/769 5285/1606/301
f 5278/1598/310 5277/1597/309 5285/1606/301 5286/1607/302
f 5279/1599/311 5278/1598/310 5286/1607/302 5287/1608/303
f 5280/1600/312 5279/1599/311 5287/1608/303 5288/1609/304
f 5281/1593/306 5280/1600/312 5288/1609/304 5289/1602/298
f 5282/1601/297 5289/1602/298 5297/1611/801 5290/1610/291
f 5283/1603/299 5282/1601/297 5290/1610/291 5291/1612/50
f 5284/1604/769 5283/1605/299 5291/1614/50 5292/1613/293
f 5285/1606/301 5284/1604/769 5292/1613/293 5293/1615/802
f 5286/1607/302 5285/1606/301 5293/1615/802 5294/1616/295
f 5287/1608/303 5286/1607/302 5294/1616/295 5295/1617/18
f 5288/1609/304 5287/1608/303 5295/1617/18 5296/1618/296
f 5289/1602/298 5288/1609/304 5296/1618/296 5297/1611/801
f 5290/1610/291 5297/1611/801 5305/1620/284 5298/1619/800
f 5291/1612/50 5290/1610/291 5298/1619/800 5299/1621/767
f 5292/1613/293 5291/1614/50 5299/1623/767 5300/1622/286
f 5293/1615/802 5292/1613/293 5300/1622/286 5301/1624/287
f 5294/1616/295 5293/1615/802 5301/1624/287 5302/1625/288
f 5295/1617/18 5294/1616/295 5302/1625/288 5303/1626/289
f 5296/1618/296 5295/1617/18 5303/1626/289 5304/1627/290
f 5297/1611/801 5296/1618/296 5304/1627/290 5305/1620/284
f 5298/1628/800 5305/1631/284 5313/1630/276 5306/1629/275
f 5299/1632/767 5298/1628/800 5306/1629/275 5307/1633/277
f 5300/1634/286 5299/1637/767 5307/1636/277 5308/1635/278
f 5301/1638/287 5300/1634/286 5308/1635/278 5309/1639/279
f 5302/1640/288 5301/1638/287 5309/1639/279 5310/1641/280
f 5303/1642/289 5302/1640/288 5310/1641/280 5311/1643/281
f 5304/1644/290 5303/1642/289 5311/1643/281 5312/1645/282
f 5305/1631/284 5304/1644/290 5312/1645/282 5313/1630/276
f 5306/1629/275 5313/1630/276 5321/1647/761 5314/1646/267
f 5307/1633/277 5306/1629/275 5314/1646/267 5315/1648/799
f 5308/1635/278 5307/1636/277 5315/1650/799 5316/1649/270
f 5309/1639/279 5308/1635/278 5316/1649/270 5317/1651/763
f 5310/1641/280 5309/1639/279 5317/1651/763 5318/1652/764
f 5311/1643/281 5310/1641/280 5318/1652/764 5319/1653/273
f 5312/1645/282 5311/1643/281 5319/1653/273 5320/1654/765
f 5313/1630/276 5312/1645/282 5320/1654/765 5321/1647/761
f 5314/1646/267 5321/1647/761 5329/1656/260 5322/1655/259
f 5315/1648/799 5314/1646/267 5322/1655/259 5323/1657/261
f 5316/1649/270 5315/1650/799 5323/1659/261 5324/1658/262
f 5317/1651/763 5316/1649/270 5324/1658/262 5325/1660/263
f 5318/1652/764 5317/1651/763 5325/1660/263 5326/1661/264
f 5319/1653/273 5318/1652/764 5326/1661/264 5327/1662/760
f 5320/1654/765 5319/1653/273 5327/1662/760 5328/1663/266
f 5321/1647/761 5320/1654/765 5328/1663/266 5329/1656/260
f 5322/1655/259 5329/1656/260 5337/1665/252 5330/1664/798
f 5323/1657/261 5322/1655/259 5330/1664/798 5331/1666/253
f 5324/1658/262 5323/1659/261 5331/1668/253 5332/1667/254
f 5325/1660/263 5324/1658/262 5332/1667/254 5333/1669/255
f 5326/1661/264 5325/1660/263 5333/1669/255 5334/1670/758
f 5327/1662/760 5326/1661/264 5334/1670/758 5335/1671/257
f 5328/1663/266 5327/1662/760 5335/1671/257 5336/1672/759
f 5329/1656/260 5328/1663/266 5336/1672/759 5337/1665/252
f 5330/1664/798 5337/1665/252 5345/1674/755 5338/1673/796
f 5331/1666/253 5330/1664/798 5338/1673/796 5339/1675/34
f 5332/1667/254 5331/1668/253 5339/1677/34 5340/1676/797
f 5333/1669/255 5332/1667/254 5340/1676/797 5341/1678/756
f 5334/1670/758 5333/1669/255 5341/1678/756 5342/1679/249
f 5335/1671/257 5334/1670/758 5342/1679/249 5343/1680/1
f 5336/1672/759 5335/1671/257 5343/1680/1 5344/1681/250
f 5337/1665/252 5336/1672/759 5344/1681/250 5345/1674/755
f 5338/1673/796 5345/1674/755 5353/1683/238 5346/1682/237
f 5339/1675/34 5338/1673/796 5346/1682/237 5347/1684/752
f 5340/1676/797 5339/1677/34 5347/1686/752 5348/1685/240
f 5341/1678/756 5340/1676/797 5348/1685/240 5349/1687/241
f 5342/1679/249 5341/1678/756 5349/1687/241 5350/1688/795
f 5343/1680/1 5342/1679/249 5350/1688/795 5351/1689/243
f 5344/1681/250 5343/1680/1 5351/1689/243 5352/1690/788
f 5345/1674/755 5344/1681/250 5352/1690/788 5353/1683/238
f 5346/1682/237 5353/1683/238 5361/1692/230 5354/1691/229
f 5347/1684/752 5346/1682/237 5354/1691/229 5355/1693/231
f 5348/1685/240 5347/1686/752 5355/1695/231 5356/1694/232
f 5349/1687/241 5348/1685/240 5356/1694/232 5357/1696/750
f 5350/1688/795 5349/1687/241 5357/1696/750 5358/1697/234
f 5351/1689/243 5350/1688/795 5358/1697/234 5359/1698/751
f 5352/1690/788 5351/1689/243 5359/1698/751 5360/1699/236
f 5353/1683/238 5352/1690/788 5360/1699/236 5361/1692/230
f 5354/1691/229 5361/1692/230 5177/1478/222 5170/1475/221
f 5355/1693/231 5354/1691/229 5170/1475/221 5171/1479/746
f 5356/1694/232 5355/1695/231 5171/1484/746 5172/1481/224
f 5357/1696/750 5356/1694/232 5172/1481/224 5173/1485/747
f 5358/1697/234 5357/1696/750 5173/1485/747 5174/1487/226
f 5359/1698/751 5358/1697/234 5174/1487/226 5175/1489/227
f 5360/1699/236 5359/1698/751 5175/1489/227 5176/1491/228
f 5361/1692/230 5360/1699/236 5176/1491/228 5177/1478/222
f 5362/1700/221 5369/1703/222 5377/1702/214 5370/1701/213
f 5363/1704/794 5362/1700/221 5370/1701/213 5371/1705/215
f 5364/1706/224 5363/1709/794 5371/1708/215 5372/1707/216
f 5365/1710/747 5364/1706/224 5372/1707/216 5373/1711/217
f 5366/1712/226 5365/1710/747 5373/1711/217 5374/1713/218
f 5367/1714/227 5366/1712/226 5374/1713/218 5375/1715/219
f 5368/1716/228 5367/1714/227 5375/1715/219 5376/1717/220
f 5369/1703/222 5368/1716/228 5376/1717/220 5377/1702/214
f 5370/1701/213 5377/1702/214 5385/1719/206 5378/1718/205
f 5371/1705/215 5370/1701/213 5378/1718/205 5379/1720/207
f 5372/1707/216 5371/1708/215 5379/1722/207 5380/1721/208
f 5373/1711/217 5372/1707/216 5380/1721/208 5381/1723/209
f 5374/1713/218 5373/1711/217 5381/1723/209 5382/1724/210
f 5375/1715/219 5374/1713/218 5382/1724/210 5383/1725/211
f 5376/1717/220 5375/1715/219 5383/1725/211 5384/1726/212
f 5377/1702/214 5376/1717/220 5384/1726/212 5385/1719/206
f 5378/1718/205 5385/1719/206 5393/1728/792 5386/1727/199
f 5379/1720/207 5378/1718/205 5386/1727/199 5387/1729/18
f 5380/1721/208 5379/1722/207 5387/1731/18 5388/1730/201
f 5381/1723/209 5380/1721/208 5388/1730/201 5389/1732/793
f 5382/1724/210 5381/1723/209 5389/1732/793 5390/1733/203
f 5383/1725/211 5382/1724/210 5390/1733/203 5391/1734/50
f 5384/1726/212 5383/1725/211 5391/1734/50 5392/1735/204
f 5385/1719/206 5384/1726/212 5392/1735/204 5393/1728/792
f 5386/1727/199 5393/1728/792 5401/1737/791 5394/1736/191
f 5387/1729/18 5386/1727/199 5394/1736/191 5395/1738/731
f 5388/1730/201 5387/1731/18 5395/1740/731 5396/1739/732
f 5389/1732/793 5388/1730/201 5396/1739/732 5397/1741/195
f 5390/1733/203 5389/1732/793 5397/1741/195 5398/1742/196
f 5391/1734/50 5390/1733/203 5398/1742/196 5399/1743/197
f 5392/1735/204 5391/1734/50 5399/1743/197 5400/1744/198
f 5393/1728/792 5392/1735/204 5400/1744/198 5401/1737/791
f 5394/1736/191 5401/1737/791 5409/1746/177 5402/1745/176
f 5395/1738/731 5394/1736/191 5402/1745/176 5403/1747/180
f 5396/1739/732 5395/1740/731 5403/1749/180 5404/1748/182
f 5397/1741/195 5396/1739/732 5404/1748/182 5405/1750/184
f 5398/1742/196 5397/1741/195 5405/1750/184 5406/1751/186
f 5399/1743/197 5398/1742/196 5406/1751/186 5407/1752/188
f 5400/1744/198 5399/1743/197 5407/1752/188 5408/1753/190
f 5401/1737/791 5400/1744/198 5408/1753/190 5409/1746/177
f 5402/1745/176 5409/1746/177 5417/1755/178 5410/1754/175
f 5403/1747/180 5402/1745/176 5410/1754/175 5411/1756/790
f 5404/1748/182 5403/1749/180 5411/1758/790 5412/1757/181
f 5405/1750/184 5404/1748/182 5412/1757/181 5413/1759/183
f 5406/1751/186 5405/1750/184 5413/1759/183 5414/1760/185
f 5407/1752/188 5406/1751/186 5414/1760/185 5415/1761/187
f 5408/1753/190 5407/1752/188 5415/1761/187 5416/1762/189
f 5409/1746/177 5408/1753/190 5416/1762/189 5417/1755/178
f 5410/1754/175 5417/1755/178 5425/1764/352 5418/1763/351
f 5411/1756/790 5410/1754/175 5418/1763/351 5419/1765/353
f 5412/1757/181 5411/1758/790 5419/1767/353 5420/1766/354
f 5413/1759/183 5412/1757/181 5420/1766/354 5421/1768/355
f 5414/1760/185 5413/1759/183 5421/1768/355 5422/1769/356
f 5415/1761/187 5414/1760/185 5422/1769/356 5423/1770/787
f 5416/1762/189 5415/1761/187 5423/1770/787 5424/1771/358
f 5417/1755/178 5416/1762/189 5424/1771/358 5425/1764/352
f 5418/1763/351 5425/1764/352 5433/1773/344 5426/1772/343
f 5419/1765/353 5418/1763/351 5426/1772/343 5427/1774/784
f 5420/1766/354 5419/1767/353 5427/1776/784 5428/1775/346
f 5421/1768/355 5420/1766/354 5428/1775/346 5429/1777/347
f 5422/1769/356 5421/1768/355 5429/1777/347 5430/1778/807
f 5423/1770/787 5422/1769/356 5430/1778/807 5431/1779/349
f 5424/1771/358 5423/1770/787 5431/1779/349 5432/1780/808
f 5425/1764/352 5424/1771/358 5432/1780/808 5433/1773/344
f 5426/1772/343 5433/1773/344 5441/1782/782 5434/1781/805
f 5427/1774/784 5426/1772/343 5434/1781/805 5435/1783/1
f 5428/1775/346 5427/1776/784 5435/1785/1 5436/1784/806
f 5429/1777/347 5428/1775/346 5436/1784/806 5437/1786/783
f 5430/1778/807 5429/1777/347 5437/1786/783 5438/1787/341
f 5431/1779/349 5430/1778/807 5438/1787/341 5439/1788/34
f 5432/1780/808 5431/1779/349 5439/1788/34 5440/1789/342
f 5433/1773/344 5432/1780/808 5440/1789/342 5441/1782/782
f 5434/1781/805 5441/1782/782 5449/1791/330 5442/1790/778
f 5435/1783/1 5434/1781/805 5442/1790/778 5443/1792/331
f 5436/1784/806 5435/1785/1 5443/1794/331 5444/1793/779
f 5437/1786/783 5436/1784/806 5444/1793/779 5445/1795/333
f 5438/1787/341 5437/1786/783 5445/1795/333 5446/1796/804
f 5439/1788/34 5438/1787/341 5446/1796/804 5447/1797/335
f 5440/1789/342 5439/1788/34 5447/1797/335 5448/1798/789
f 5441/1782/782 5440/1789/342 5448/1798/789 5449/1791/330
f 5442/1790/778 5449/1791/330 5457/1800/322 5450/1799/321
f 5443/1792/331 5442/1790/778 5450/1799/321 5451/1801/323
f 5444/1793/779 5443/1794/331 5451/1803/323 5452/1802/324
f 5445/1795/333 5444/1793/779 5452/1802/324 5453/1804/776
f 5446/1796/804 5445/1795/333 5453/1804/776 5454/1805/326
f 5447/1797/335 5446/1796/804 5454/1805/326 5455/1806/777
f 5448/1798/789 5447/1797/335 5455/1806/777 5456/1807/328
f 5449/1791/330 5448/1798/789 5456/1807/328 5457/1800/322
f 5450/1799/321 5457/1800/322 5465/1809/771 5458/1808/313
f 5451/1801/323 5450/1799/321 5458/1808/313 5459/1810/803
f 5452/1802/324 5451/1803/323 5459/1812/803 5460/1811/316
f 5453/1804/776 5452/1802/324 5460/1811/316 5461/1813/773
f 5454/1805/326 5453/1804/776 5461/1813/773 5462/1814/774
f 5455/1806/777 5454/1805/326 5462/1814/774 5463/1815/319
f 5456/1807/328 5455/1806/777 5463/1815/319 5464/1816/775
f 5457/1800/322 5456/1807/328 5464/1816/775 5465/1809/771
f 5458/1808/313 5465/1809/771 5473/1818/306 5466/1817/305
f 5459/1810/803 5458/1808/313 5466/1817/305 5467/1819/307
f 5460/1811/316 5459/1812/803 5467/1821/307 5468/1820/308
f 5461/1813/773 5460/1811/316 5468/1820/308 5469/1822/309
f 5462/1814/774 5461/1813/773 5469/1822/309 5470/1823/310
f 5463/1815/319 5462/1814/774 5470/1823/310 5471/1824/311
f 5464/1816/775 5463/1815/319 5471/1824/311 5472/1825/312
f 5465/1809/771 5464/1816/775 5472/1825/312 5473/1818/306
f 5466/1817/305 5473/1818/306 5481/1827/298 5474/1826/297
f 5467/1819/307 5466/1817/305 5474/1826/297 5475/1828/299
f 5468/1820/308 5467/1821/307 5475/1830/299 5476/1829/769
f 5469/1822/309 5468/1820/308 5476/1829/769 5477/1831/301
f 5470/1823/310 5469/1822/309 5477/1831/301 5478/1832/302
f 5471/1824/311 5470/1823/310 5478/1832/302 5479/1833/303
f 5472/1825/312 5471/1824/311 5479/1833/303 5480/1834/304
f 5473/1818/306 5472/1825/312 5480/1834/304 5481/1827/298
f 5474/1826/297 5481/1827/298 5489/1836/801 5482/1835/291
f 5475/1828/299 5474/1826/297 5482/1835/291 5483/1837/50
f 5476/1829/769 5475/1830/299 5483/1839/50 5484/1838/293
f 5477/1831/301 5476/1829/769 5484/1838/293 5485/1840/802
f 5478/1832/302 5477/1831/301 5485/1840/802 5486/1841/295
f 5479/1833/303 5478/1832/302 5486/1841/295 5487/1842/18
f 5480/1834/304 5479/1833/303 5487/1842/18 5488/1843/296
f 5481/1827/298 5480/1834/304 5488/1843/296 5489/1836/801
f 5482/1835/291 5489/1836/801 5497/1845/2582 5490/1844/800
f 5483/1837/50 5482/1835/291 5490/1844/800 5491/1846/767
f 5484/1838/293 5483/1839/50 5491/1848/767 5492/1847/286
f 5485/1840/802 5484/1838/293 5492/1847/286 5493/1849/287
f 5486/1841/295 5485/1840/802 5493/1849/287 5494/1850/288
f 5487/1842/18 5486/1841/295 5494/1850/288 5495/1851/289
f 5488/1843/296 5487/1842/18 5495/1851/289 5496/1852/290
f 5489/1836/801 5488/1843/296 5496/1852/290 5497/1845/2582
f 5490/1853/800 5497/1856/2582 5505/1855/276 5498/1854/275
f 5491/1857/767 5490/1853/800 5498/1854/275 5499/1858/277
f 5492/1859/286 5491/1862/767 5499/1861/277 5500/1860/278
f 5493/1863/287 5492/1859/286 5500/1860/278 5501/1864/279
f 5494/1865/288 5493/1863/287 5501/1864/279 5502/1866/280
f 5495/1867/289 5494/1865/288 5502/1866/280 5503/1868/281
f 5496/1869/290 5495/1867/289 5503/1868/281 5504/1870/282
f 5497/1856/2582 5496/1869/290 5504/1870/282 5505/1855/276
f 5498/1854/275 5505/1855/276 5513/1872/761 5506/1871/267
f 5499/1858/277 5498/1854/275 5506/1871/267 5507/1873/799
f 5500/1860/278 5499/1861/277 5507/1875/799 5508/1874/270
f 5501/1864/279 5500/1860/278 5508/1874/270 5509/1876/763
f 5502/1866/280 5501/1864/279 5509/1876/763 5510/1877/764
f 5503/1868/281 5502/1866/280 5510/1877/764 5511/1878/273
f 5504/1870/282 5503/1868/281 5511/1878/273 5512/1879/765
f 5505/1855/276 5504/1870/282 5512/1879/765 5513/1872/761
f 5506/1871/267 5513/1872/761 5521/1881/260 5514/1880/259
f 5507/1873/799 5506/1871/267 5514/1880/259 5515/1882/261
f 5508/1874/270 5507/1875/799 5515/1884/261 5516/1883/262
f 5509/1876/763 5508/1874/270 5516/1883/262 5517/1885/263
f 5510/1877/764 5509/1876/763 5517/1885/263 5518/1886/264
f 5511/1878/273 5510/1877/764 5518/1886/264 5519/1887/760
f 5512/1879/765 5511/1878/273 5519/1887/760 5520/1888/266
f 5513/1872/761 5512/1879/765 5520/1888/266 5521/1881/260
f 5514/1880/259 5521/1881/260 5529/1890/252 5522/1889/798
f 5515/1882/261 5514/1880/259 5522/1889/798 5523/1891/253
f 5516/1883/262 5515/1884/261 5523/1893/253 5524/1892/254
f 5517/1885/263 5516/1883/262 5524/1892/254 5525/1894/255
f 5518/1886/264 5517/1885/263 5525/1894/255 5526/1895/758
f 5519/1887/760 5518/1886/264 5526/1895/758 5527/1896/257
f 5520/1888/266 5519/1887/760 5527/1896/257 5528/1897/759
f 5521/1881/260 5520/1888/266 5528/1897/759 5529/1890/252
f 5522/1889/798 5529/1890/252 5537/1899/755 5530/1898/796
f 5523/1891/253 5522/1889/798 5530/1898/796 5531/1900/34
f 5524/1892/254 5523/1893/253 5531/1902/34 5532/1901/797
f 5525/1894/255 5524/1892/254 5532/1901/797 5533/1903/756
f 5526/1895/758 5525/1894/255 5533/1903/756 5534/1904/249
f 5527/1896/257 5526/1895/758 5534/1904/249 5535/1905/1
f 5528/1897/759 5527/1896/257 5535/1905/1 5536/1906/250
f 5529/1890/252 5528/1897/759 5536/1906/250 5537/1899/755
f 5530/1898/796 5537/1899/755 5545/1908/238 5538/1907/237
f 5531/1900/34 5530/1898/796 5538/1907/237 5539/1909/752
f 5532/1901/797 5531/1902/34 5539/1911/752 5540/1910/240
f 5533/1903/756 5532/1901/797 5540/1910/240 5541/1912/241
f 5534/1904/249 5533/1903/756 5541/1912/241 5542/1913/795
f 5535/1905/1 5534/1904/249 5542/1913/795 5543/1914/243
f 5536/1906/250 5535/1905/1 5543/1914/243 5544/1915/788
f 5537/1899/755 5536/1906/250 5544/1915/788 5545/1908/238
f 5538/1907/237 5545/1908/238 5553/1917/230 5546/1916/229
f 5539/1909/752 5538/1907/237 5546/1916/229 5547/1918/231
f 5540/1910/240 5539/1911/752 5547/1920/231 5548/1919/232
f 5541/1912/241 5540/1910/240 5548/1919/232 5549/1921/750
f 5542/1913/795 5541/1912/241 5549/1921/750 5550/1922/234
f 5543/1914/243 5542/1913/795 5550/1922/234 5551/1923/751
f 5544/1915/788 5543/1914/243 5551/1923/751 5552/1924/236
f 5545/1908/238 5544/1915/788 5552/1924/236 5553/1917/230
f 5546/1916/229 5553/1917/230 5369/1703/222 5362/1700/221
f 5547/1918/231 5546/1916/229 5362/1700/221 5363/1704/794
f 5548/1919/232 5547/1920/231 5363/1709/794 5364/1706/224
f 5549/1921/750 5548/1919/232 5364/1706/224 5365/1710/747
f 5550/1922/234 5549/1921/750 5365/1710/747 5366/1712/226
f 5551/1923/751 5550/1922/234 5366/1712/226 5367/1714/227
f 5552/1924/236 5551/1923/751 5367/1714/227 5368/1716/228
f 5553/1917/230 5552/1924/236 5368/1716/228 5369/1703/222
f 5554/1925/813 5561/1928/817 5569/1927/818 5562/1926/814
f 5555/1929/816 5554/1932/813 5562/1931/814 5563/1930/815
f 5556/1933/827 5555/1929/816 5563/1930/815 5564/1934/828
f 5557/1935/825 5556/1933/827 5564/1934/828 5565/1936/826
f 5558/1937/823 5557/1935/825 5565/1936/826 5566/1938/824
f 5559/1939/821 5558/1937/823 5566/1938/824 5567/1940/822
f 5560/1941/819 5559/1939/821 5567/1940/822 5568/1942/820
f 5561/1928/817 5560/1941/819 5568/1942/820 5569/1927/818
f 5562/1926/814 5569/1927/818 5577/1944/831 5570/1943/829
f 5563/1930/815 5562/1931/814 5570/1946/829 5571/1945/830
f 5564/1934/828 5563/1930/815 5571/1945/830 5572/1947/836
f 5565/1936/826 5564/1934/828 5572/1947/836 5573/1948/835
f 5566/1938/824 5565/1936/826 5573/1948/835 5574/1949/834
f 5567/1940/822 5566/1938/824 5574/1949/834 5575/1950/833
f 5568/1942/820 5567/1940/822 5575/1950/833 5576/1951/832
f 5569/1927/818 5568/1942/820 5576/1951/832 5577/1944/831
f 5570/1943/829 5577/1944/831 5585/1953/839 5578/1952/837
f 5571/1945/830 5570/1946/829 5578/1955/837 5579/1954/838
f 5572/1947/836 5571/1945/830 5579/1954/838 5580/1956/844
f 5573/1948/835 5572/1947/836 5580/1956/844 5581/1957/843
f 5574/1949/834 5573/1948/835 5581/1957/843 5582/1958/842
f 5575/1950/833 5574/1949/834 5582/1958/842 5583/1959/841
f 5576/1951/832 5575/1950/833 5583/1959/841 5584/1960/840
f 5577/1944/831 5576/1951/832 5584/1960/840 5585/1953/839
f 5578/1952/837 5585/1953/839 5593/1962/847 5586/1961/845
f 5579/1954/838 5578/1955/837 5586/1964/845 5587/1963/846
f 5580/1956/844 5579/1954/838 5587/1963/846 5588/1965/852
f 5581/1957/843 5580/1956/844 5588/1965/852 5589/1966/851
f 5582/1958/842 5581/1957/843 5589/1966/851 5590/1967/850
f 5583/1959/841 5582/1958/842 5590/1967/850 5591/1968/849
f 5584/1960/840 5583/1959/841 5591/1968/849 5592/1969/848
f 5585/1953/839 5584/1960/840 5592/1969/848 5593/1962/847
f 5586/1961/845 5593/1962/847 5601/1971/855 5594/1970/853
f 5587/1963/846 5586/1964/845 5594/1973/853 5595/1972/854
f 5588/1965/852 5587/1963/846 5595/1972/854 5596/1974/860
f 5589/1966/851 5588/1965/852 5596/1974/860 5597/1975/859
f 5590/1967/850 5589/1966/851 5597/1975/859 5598/1976/858
f 5591/1968/849 5590/1967/850 5598/1976/858 5599/1977/857
f 5592/1969/848 5591/1968/849 5599/1977/857 5600/1978/856
f 5593/1962/847 5592/1969/848 5600/1978/856 5601/1971/855
f 5594/1970/853 5601/1971/855 5609/1980/863 5602/1979/861
f 5595/1972/854 5594/1973/853 5602/1982/861 5603/1981/862
f 5596/1974/860 5595/1972/854 5603/1981/862 5604/1983/868
f 5597/1975/859 5596/1974/860 5604/1983/868 5605/1984/867
f 5598/1976/858 5597/1975/859 5605/1984/867 5606/1985/866
f 5599/1977/857 5598/1976/858 5606/1985/866 5607/1986/865
f 5600/1978/856 5599/1977/857 5607/1986/865 5608/1987/864
f 5601/1971/855 5600/1978/856 5608/1987/864 5609/1980/863
f 5602/1979/861 5609/1980/863 5617/1989/871 5610/1988/869
f 5603/1981/862 5602/1982/861 5610/1991/869 5611/1990/870
f 5604/1983/868 5603/1981/862 5611/1990/870 5612/1992/876
f 5605/1984/867 5604/1983/868 5612/1992/876 5613/1993/875
f 5606/1985/866 5605/1984/867 5613/1993/875 5614/1994/874
f 5607/1986/865 5606/1985/866 5614/1994/874 5615/1995/873
f 5608/1987/864 5607/1986/865 5615/1995/873 5616/1996/872
f 5609/1980/863 5608/1987/864 5616/1996/872 5617/1989/871
f 5610/1988/869 5617/1989/871 5625/1998/879 5618/1997/877
f 5611/1990/870 5610/1991/869 5618/2000/877 5619/1999/878
f 5612/1992/876 5611/1990/870 5619/1999/878 5620/2001/884
f 5613/1993/875 5612/1992/876 5620/2001/884 5621/2002/883
f 5614/1994/874 5613/1993/875 5621/2002/883 5622/2003/882
f 5615/1995/873 5614/1994/874 5622/2003/882 5623/2004/881
f 5616/1996/872 5615/1995/873 5623/2004/881 5624/2005/880
f 5617/1989/871 5616/1996/872 5624/2005/880 5625/1998/879
f 5618/1997/877 5625/1998/879 5633/2007/887 5626/2006/885
f 5619/1999/878 5618/2000/877 5626/2009/885 5627/2008/886
f 5620/2001/884 5619/1999/878 5627/2008/886 5628/2010/892
f 5621/2002/883 5620/2001/884 5628/2010/892 5629/2011/891
f 5622/2003/882 5621/2002/883 5629/2011/891 5630/2012/890
f 5623/2004/881 5622/2003/882 5630/2012/890 5631/2013/889
f 5624/2005/880 5623/2004/881 5631/2013/889 5632/2014/888
f 5625/1998/879 5624/2005/880 5632/2014/888 5633/2007/887
f 5626/2006/885 5633/2007/887 5641/2016/895 5634/2015/893
f 5627/2008/886 5626/2009/885 5634/2018/893 5635/2017/894
f 5628/2010/892 5627/2008/886 5635/2017/894 5636/2019/900
f 5629/2011/891 5628/2010/892 5636/2019/900 5637/2020/899
f 5630/2012/890 5629/2011/891 5637/2020/899 5638/2021/898
f 5631/2013/889 5630/2012/890 5638/2021/898 5639/2022/897
f 5632/2014/888 5631/2013/889 5639/2022/897 5640/2023/896
f 5633/2007/887 5632/2014/888 5640/2023/896 5641/2016/895
f 5634/2015/893 5641/2016/895 5649/2025/903 5642/2024/2583
f 5635/2017/894 5634/2018/893 5642/2027/2583 5643/2026/902
f 5636/2019/900 5635/2017/894 5643/2026/902 5644/2028/908
f 5637/2020/899 5636/2019/900 5644/2028/908 5645/2029/907
f 5638/2021/898 5637/2020/899 5645/2029/907 5646/2030/906
f 5639/2022/897 5638/2021/898 5646/2030/906 5647/2031/905
f 5640/2023/896 5639/2022/897 5647/2031/905 5648/2032/904
f 5641/2016/895 5640/2023/896 5648/2032/904 5649/2025/903
f 5650/2033/34 5657/2036/912 5665/2035/912 5658/2034/34
f 5651/2037/911 5650/2033/34 5658/2034/34 5659/2038/911
f 5652/2039/18 5651/2037/911 5659/2038/911 5660/2040/18
f 5653/2041/910 5652/2039/18 5660/2040/18 5661/2042/910
f 5654/2043/1 5653/2041/910 5661/2042/910 5662/2044/1
f 5655/2045/909 5654/2043/1 5662/2044/1 5663/2046/909
f 5656/2047/50 5655/2045/909 5663/2046/909 5664/2048/50
f 5657/2036/912 5656/2050/50 5664/2049/50 5665/2035/912
f 5658/2034/34 5665/2035/912 5673/2052/912 5666/2051/34
f 5659/2038/911 5658/2034/34 5666/2051/34 5667/2053/911
f 5660/2040/18 5659/2038/911 5667/2053/911 5668/2054/18
f 5661/2042/910 5660/2040/18 5668/2054/18 5669/2055/910
f 5662/2044/1 5661/2042/910 5669/2055/910 5670/2056/1
f 5663/2046/909 5662/2044/1 5670/2056/1 5671/2057/909
f 5664/2048/50 5663/2046/909 5671/2057/909 5672/2058/50
f 5665/2035/912 5664/2049/50 5672/2059/50 5673/2052/912
f 5666/2051/34 5673/2052/912 5681/2061/912 5674/2060/34
f 5667/2053/911 5666/2051/34 5674/2060/34 5675/2062/911
f 5668/2054/18 5667/2053/911 5675/2062/911 5676/2063/18
f 5669/2055/910 5668/2054/18 5676/2063/18 5677/2064/910
f 5670/2056/1 5669/2055/910 5677/2064/910 5678/2065/1
f 5671/2057/909 5670/2056/1 5678/2065/1 5679/2066/909
f 5672/2058/50 5671/2057/909 5679/2066/909 5680/2067/50
f 5673/2052/912 5672/2059/50 5680/2068/50 5681/2061/912
f 5674/2060/34 5681/2061/912 5689/2070/912 5682/2069/34
f 5675/2062/911 5674/2060/34 5682/2069/34 5683/2071/911
f 5676/2063/18 5675/2062/911 5683/2071/911 5684/2072/18
f 5677/2064/910 5676/2063/18 5684/2072/18 5685/2073/910
f 5678/2065/1 5677/2064/910 5685/2073/910 5686/2074/1
f 5679/2066/909 5678/2065/1 5686/2074/1 5687/2075/909
f 5680/2067/50 5679/2066/909 5687/2075/909 5688/2076/50
f 5681/2061/912 5680/2068/50 5688/2077/50 5689/2070/912
f 5682/2069/34 5689/2070/912 5697/2079/912 5690/2078/34
f 5683/2071/911 5682/2069/34 5690/2078/34 5691/2080/911
f 5684/2072/18 5683/2071/911 5691/2080/911 5692/2081/18
f 5685/2073/910 5684/2072/18 5692/2081/18 5693/2082/910
f 5686/2074/1 5685/2073/910 5693/2082/910 5694/2083/1
f 5687/2075/909 5686/2074/1 5694/2083/1 5695/2084/909
f 5688/2076/50 5687/2075/909 5695/2084/909 5696/2085/50
f 5689/2070/912 5688/2077/50 5696/2086/50 5697/2079/912
f 5690/2078/34 5697/2079/912 5705/2088/912 5698/2087/34
f 5691/2080/911 5690/2078/34 5698/2087/34 5699/2089/911
f 5692/2081/18 5691/2080/911 5699/2089/911 5700/2090/18
f 5693/2082/910 5692/2081/18 5700/2090/18 5701/2091/910
f 5694/2083/1 5693/2082/910 5701/2091/910 5702/2092/1
f 5695/2084/909 5694/2083/1 5702/2092/1 5703/2093/909
f 5696/2085/50 5695/2084/909 5703/2093/909 5704/2094/50
f 5697/2079/912 5696/2086/50 5704/2095/50 5705/2088/912
f 5698/2087/34 5705/2088/912 5713/2097/912 5706/2096/34
f 5699/2089/911 5698/2087/34 5706/2096/34 5707/2098/911
f 5700/2090/18 5699/2089/911 5707/2098/911 5708/2099/18
f 5701/2091/910 5700/2090/18 5708/2099/18 5709/2100/910
f 5702/2092/1 5701/2091/910 5709/2100/910 5710/2101/1
f 5703/2093/909 5702/2092/1 5710/2101/1 5711/2102/909
f 5704/2094/50 5703/2093/909 5711/2102/909 5712/2103/50
f 5705/2088/912 5704/2095/50 5712/2104/50 5713/2097/912
f 5706/2096/34 5713/2097/912 5721/2106/912 5714/2105/34
f 5707/2098/911 5706/2096/34 5714/2105/34 5715/2107/911
f 5708/2099/18 5707/2098/911 5715/2107/911 5716/2108/18
f 5709/2100/910 5708/2099/18 5716/2108/18 5717/2109/910
f 5710/2101/1 5709/2100/910 5717/2109/910 5718/2110/1
f 5711/2102/909 5710/2101/1 5718/2110/1 5719/2111/909
f 5712/2103/50 5711/2102/909 5719/2111/909 5720/2112/50
f 5713/2097/912 5712/2104/50 5720/2113/50 5721/2106/912
f 5714/2105/34 5721/2106/912 5729/2115/912 5722/2114/34
f 5715/2107/911 5714/2105/34 5722/2114/34 5723/2116/911
f 5716/2108/18 5715/2107/911 5723/2116/911 5724/2117/18
f 5717/2109/910 5716/2108/18 5724/2117/18 5725/2118/910
f 5718/2110/1 5717/2109/910 5725/2118/910 5726/2119/1
f 5719/2111/909 5718/2110/1 5726/2119/1 5727/2120/909
f 5720/2112/50 5719/2111/909 5727/2120/909 5728/2121/50
f 5721/2106/912 5720/2113/50 5728/2122/50 5729/2115/912
f 5722/2114/34 5729/2115/912 5737/2124/912 5730/2123/34
f 5723/2116/911 5722/2114/34 5730/2123/34 5731/2125/911
f 5724/2117/18 5723/2116/911 5731/2125/911 5732/2126/18
f 5725/2118/910 5724/2117/18 5732/2126/18 5733/2127/910
f 5726/2119/1 5725/2118/910 5733/2127/910 5734/2128/1
f 5727/2120/909 5726/2119/1 5734/2128/1 5735/2129/909
f 5728/2121/50 5727/2120/909 5735/2129/909 5736/2130/50
f 5729/2115/912 5728/2122/50 5736/2131/50 5737/2124/912
f 5730/2123/34 5737/2124/912 5745/2133/912 5738/2132/34
f 5731/2125/911 5730/2123/34 5738/2132/34 5739/2134/911
f 5732/2126/18 5731/2125/911 5739/2134/911 5740/2135/18
f 5733/2127/910 5732/2126/18 5740/2135/18 5741/2136/910
f 5734/2128/1 5733/2127/910 5741/2136/910 5742/2137/1
f 5735/2129/909 5734/2128/1 5742/2137/1 5743/2138/909
f 5736/2130/50 5735/2129/909 5743/2138/909 5744/2139/50
f 5737/2124/912 5736/2131/50 5744/2140/50 5745/2133/912
f 5746/2141/34 5753/2144/912 5761/2143/912 5754/2142/34
f 5747/2145/911 5746/2141/34 5754/2142/34 5755/2146/911
f 5748/2147/18 5747/2145/911 5755/2146/911 5756/2148/18
f 5749/2149/910 5748/2147/18 5756/2148/18 5757/2150/910
f 5750/2151/1 5749/2149/910 5757/2150/910 5758/2152/1
f 5751/2153/909 5750/2151/1 5758/2152/1 5759/2154/909
f 5752/2155/50 5751/2153/909 5759/2154/909 5760/2156/50
f 5753/2144/912 5752/2158/50 5760/2157/50 5761/2143/912
f 5754/2142/34 5761/2143/912 5769/2160/912 5762/2159/34
f 5755/2146/911 5754/2142/34 5762/2159/34 5763/2161/911
f 5756/2148/18 5755/2146/911 5763/2161/911 5764/2162/18
f 5757/2150/910 5756/2148/18 5764/2162/18 5765/2163/910
f 5758/2152/1 5757/2150/910 5765/2163/910 5766/2164/1
f 5759/2154/909 5758/2152/1 5766/2164/1 5767/2165/909
f 5760/2156/50 5759/2154/909 5767/2165/909 5768/2166/50
f 5761/2143/912 5760/2157/50 5768/2167/50 5769/2160/912
f 5762/2159/34 5769/2160/912 5777/2169/912 5770/2168/34
f 5763/2161/911 5762/2159/34 5770/2168/34 5771/2170/911
f 5764/2162/18 5763/2161/911 5771/2170/911 5772/2171/18
f 5765/2163/910 5764/2162/18 5772/2171/18 5773/2172/910
f 5766/2164/1 5765/2163/910 5773/2172/910 5774/2173/1
f 5767/2165/909 5766/2164/1 5774/2173/1 5775/2174/909
f 5768/2166/50 5767/2165/909 5775/2174/909 5776/2175/50
f 5769/2160/912 5768/2167/50 5776/2176/50 5777/2169/912
f 5770/2168/34 5777/2169/912 5785/2178/912 5778/2177/34
f 5771/2170/911 5770/2168/34 5778/2177/34 5779/2179/911
f 5772/2171/18 5771/2170/911 5779/2179/911 5780/2180/18
f 5773/2172/910 5772/2171/18 5780/2180/18 5781/2181/910
f 5774/2173/1 5773/2172/910 5781/2181/910 5782/2182/1
f 5775/2174/909 5774/2173/1 5782/2182/1 5783/2183/909
f 5776/2175/50 5775/2174/909 5783/2183/909 5784/2184/50
f 5777/2169/912 5776/2176/50 5784/2185/50 5785/2178/912
f 5778/2177/34 5785/2178/912 5793/2187/912 5786/2186/34
f 5779/2179/911 5778/2177/34 5786/2186/34 5787/2188/911
f 5780/2180/18 5779/2179/911 5787/2188/911 5788/2189/18
f 5781/2181/910 5780/2180/18 5788/2189/18 5789/2190/910
f 5782/2182/1 5781/2181/910 5789/2190/910 5790/2191/1
f 5783/2183/909 5782/2182/1 5790/2191/1 5791/2192/909
f 5784/2184/50 5783/2183/909 5791/2192/909 5792/2193/50
f 5785/2178/912 5784/2185/50 5792/2194/50 5793/2187/912
f 5786/2186/34 5793/2187/912 5801/2196/912 5794/2195/34
f 5787/2188/911 5786/2186/34 5794/2195/34 5795/2197/911
f 5788/2189/18 5787/2188/911 5795/2197/911 5796/2198/18
f 5789/2190/910 5788/2189/18 5796/2198/18 5797/2199/910
f 5790/2191/1 5789/2190/910 5797/2199/910 5798/2200/1
f 5791/2192/909 5790/2191/1 5798/2200/1 5799/2201/909
f 5792/2193/50 5791/2192/909 5799/2201/909 5800/2202/50
f 5793/2187/912 5792/2194/50 5800/2203/50 5801/2196/912
f 5794/2195/34 5801/2196/912 5809/2205/912 5802/2204/34
f 5795/2197/911 5794/2195/34 5802/2204/34 5803/2206/911
f 5796/2198/18 5795/2197/911 5803/2206/911 5804/2207/18
f 5797/2199/910 5796/2198/18 5804/2207/18 5805/2208/910
f 5798/2200/1 5797/2199/910 5805/2208/910 5806/2209/1
f 5799/2201/909 5798/2200/1 5806/2209/1 5807/2210/909
f 5800/2202/50 5799/2201/909 5807/2210/909 5808/2211/50
f 5801/2196/912 5800/2203/50 5808/2212/50 5809/2205/912
f 5802/2204/34 5809/2205/912 5817/2214/912 5810/2213/34
f 5803/2206/911 5802/2204/34 5810/2213/34 5811/2215/911
f 5804/2207/18 5803/2206/911 5811/2215/911 5812/2216/18
f 5805/2208/910 5804/2207/18 5812/2216/18 5813/2217/910
f 5806/2209/1 5805/2208/910 5813/2217/910 5814/2218/1
f 5807/2210/909 5806/2209/1 5814/2218/1 5815/2219/909
f 5808/2211/50 5807/2210/909 5815/2219/909 5816/2220/50
f 5809/2205/912 5808/2212/50 5816/2221/50 5817/2214/912
f 5810/2213/34 5817/2214/912 5825/2223/912 5818/2222/34
f 5811/2215/911 5810/2213/34 5818/2222/34 5819/2224/911
f 5812/2216/18 5811/2215/911 5819/2224/911 5820/2225/18
f 5813/2217/910 5812/2216/18 5820/2225/18 5821/2226/910
f 5814/2218/1 5813/2217/910 5821/2226/910 5822/2227/1
f 5815/2219/909 5814/2218/1 5822/2227/1 5823/2228/909
f 5816/2220/50 5815/2219/909 5823/2228/909 5824/2229/50
f 5817/2214/912 5816/2221/50 5824/2230/50 5825/2223/912
f 5818/2222/34 5825/2223/912 5833/2232/912 5826/2231/34
f 5819/2224/911 5818/2222/34 5826/2231/34 5827/2233/911
f 5820/2225/18 5819/2224/911 5827/2233/911 5828/2234/18
f 5821/2226/910 5820/2225/18 5828/2234/18 5829/2235/910
f 5822/2227/1 5821/2226/910 5829/2235/910 5830/2236/1
f 5823/2228/909 5822/2227/1 5830/2236/1 5831/2237/909
f 5824/2229/50 5823/2228/909 5831/2237/909 5832/2238/50
f 5825/2223/912 5824/2230/50 5832/2239/50 5833/2232/912
f 5826/2231/34 5833/2232/912 5841/2241/912 5834/2240/34
f 5827/2233/911 5826/2231/34 5834/2240/34 5835/2242/911
f 5828/2234/18 5827/2233/911 5835/2242/911 5836/2243/18
f 5829/2235/910 5828/2234/18 5836/2243/18 5837/2244/910
f 5830/2236/1 5829/2235/910 5837/2244/910 5838/2245/1
f 5831/2237/909 5830/2236/1 5838/2245/1 5839/2246/909
f 5832/2238/50 5831/2237/909 5839/2246/909 5840/2247/50
f 5833/2232/912 5832/2239/50 5840/2248/50 5841/2241/912
f 5842/2249/50 5849/2252/909 5857/2251/909 5850/2250/50
f 5843/2253/912 5842/2249/50 5850/2250/50 5851/2254/912
f 5844/2255/34 5843/2253/912 5851/2254/912 5852/2256/34
f 5845/2257/911 5844/2255/34 5852/2256/34 5853/2258/911
f 5846/2259/18 5845/2257/911 5853/2258/911 5854/2260/18
f 5847/2261/910 5846/2259/18 5854/2260/18 5855/2262/910
f 5848/2263/1 5847/2261/910 5855/2262/910 5856/2264/1
f 5849/2252/909 5848/2266/1 5856/2265/1 5857/2251/909
f 5850/2250/50 5857/2251/909 5865/2268/909 5858/2267/50
f 5851/2254/912 5850/2250/50 5858/2267/50 5859/2269/912
f 5852/2256/34 5851/2254/912 5859/2269/912 5860/2270/34
f 5853/2258/911 5852/2256/34 5860/2270/34 5861/2271/911
f 5854/2260/18 5853/2258/911 5861/2271/911 5862/2272/18
f 5855/2262/910 5854/2260/18 5862/2272/18 5863/2273/910
f 5856/2264/1 5855/2262/910 5863/2273/910 5864/2274/1
f 5857/2251/909 5856/2265/1 5864/2275/1 5865/2268/909
f 5858/2267/50 5865/2268/909 5873/2277/909 5866/2276/50
f 5859/2269/912 5858/2267/50 5866/2276/50 5867/2278/912
f 5860/2270/34 5859/2269/912 5867/2278/912 5868/2279/34
f 5861/2271/911 5860/2270/34 5868/2279/34 5869/2280/911
f 5862/2272/18 5861/2271/911 5869/2280/911 5870/2281/18
f 5863/2273/910 5862/2272/18 5870/2281/18 5871/2282/910
f 5864/2274/1 5863/2273/910 5871/2282/910 5872/2283/1
f 5865/2268/909 5864/2275/1 5872/2284/1 5873/2277/909
f 5866/2276/50 5873/2277/909 5881/2286/909 5874/2285/50
f 5867/2278/912 5866/2276/50 5874/2285/50 5875/2287/912
f 5868/2279/34 5867/2278/912 5875/2287/912 5876/2288/34
f 5869/2280/911 5868/2279/34 5876/2288/34 5877/2289/911
f 5870/2281/18 5869/2280/911 5877/2289/911 5878/2290/18
f 5871/2282/910 5870/2281/18 5878/2290/18 5879/2291/910
f 5872/2283/1 5871/2282/910 5879/2291/910 5880/2292/1
f 5873/2277/909 5872/2284/1 5880/2293/1 5881/2286/909
f 5874/2285/50 5881/2286/909 5889/2295/909 5882/2294/50
f 5875/2287/912 5874/2285/50 5882/2294/50 5883/2296/912
f 5876/2288/34 5875/2287/912 5883/2296/912 5884/2297/34
f 5877/2289/911 5876/2288/34 5884/2297/34 5885/2298/911
f 5878/2290/18 5877/2289/911 5885/2298/911 5886/2299/18
f 5879/2291/910 5878/2290/18 5886/2299/18 5887/2300/910
f 5880/2292/1 5879/2291/910 5887/2300/910 5888/2301/1
f 5881/2286/909 5880/2293/1 5888/2302/1 5889/2295/909
f 5882/2294/50 5889/2295/909 5897/2304/909 5890/2303/50
f 5883/2296/912 5882/2294/50 5890/2303/50 5891/2305/912
f 5884/2297/34 5883/2296/912 5891/2305/912 5892/2306/34
f 5885/2298/911 5884/2297/34 5892/2306/34 5893/2307/911
f 5886/2299/18 5885/2298/911 5893/2307/911 5894/2308/18
f 5887/2300/910 5886/2299/18 5894/2308/18 5895/2309/910
f 5888/2301/1 5887/2300/910 5895/2309/910 5896/2310/1
f 5889/2295/909 5888/2302/1 5896/2311/1 5897/2304/909
f 5890/2303/50 5897/2304/909 5905/2313/909 5898/2312/50
f 5891/2305/912 5890/2303/50 5898/2312/50 5899/2314/912
f 5892/2306/34 5891/2305/912 5899/2314/912 5900/2315/34
f 5893/2307/911 5892/2306/34 5900/2315/34 5901/2316/911
f 5894/2308/18 5893/2307/911 5901/2316/911 5902/2317/18
f 5895/2309/910 5894/2308/18 5902/2317/18 5903/2318/910
f 5896/2310/1 5895/2309/910 5903/2318/910 5904/2319/1
f 5897/2304/909 5896/2311/1 5904/2320/1 5905/2313/909
f 5898/2312/50 5905/2313/909 5913/2322/909 5906/2321/50
f 5899/2314/912 5898/2312/50 5906/2321/50 5907/2323/912
f 5900/2315/34 5899/2314/912 5907/2323/912 5908/2324/34
f 5901/2316/911 5900/2315/34 5908/2324/34 5909/2325/911
f 5902/2317/18 5901/2316/911 5909/2325/911 5910/2326/18
f 5903/2318/910 5902/2317/18 5910/2326/18 5911/2327/910
f 5904/2319/1 5903/2318/910 5911/2327/910 5912/2328/1
f 5905/2313/909 5904/2320/1 5912/2329/1 5913/2322/909
f 5906/2321/50 5913/2322/909 5921/2331/909 5914/2330/50
f 5907/2323/912 5906/2321/50 5914/2330/50 5915/2332/912
f 5908/2324/34 5907/2323/912 5915/2332/912 5916/2333/34
f 5909/2325/911 5908/2324/34 5916/2333/34 5917/2334/911
f 5910/2326/18 5909/2325/911 5917/2334/911 5918/2335/18
f 5911/2327/910 5910/2326/18 5918/2335/18 5919/2336/910
f 5912/2328/1 5911/2327/910 5919/2336/910 5920/2337/1
f 5913/2322/909 5912/2329/1 5920/2338/1 5921/2331/909
f 5914/2330/50 5921/2331/909 5929/2340/909 5922/2339/50
f 5915/2332/912 5914/2330/50 5922/2339/50 5923/2341/912
f 5916/2333/34 5915/2332/912 5923/2341/912 5924/2342/34
f 5917/2334/911 5916/2333/34 5924/2342/34 5925/2343/911
f 5918/2335/18 5917/2334/911 5925/2343/911 5926/2344/18
f 5919/2336/910 5918/2335/18 5926/2344/18 5927/2345/910
f 5920/2337/1 5919/2336/910 5927/2345/910 5928/2346/1
f 5921/2331/909 5920/2338/1 5928/2347/1 5929/2340/909
f 5922/2339/50 5929/2340/909 5937/2349/909 5930/2348/50
f 5923/2341/912 5922/2339/50 5930/2348/50 5931/2350/912
f 5924/2342/34 5923/2341/912 5931/2350/912 5932/2351/34
f 5925/2343/911 5924/2342/34 5932/2351/34 5933/2352/911
f 5926/2344/18 5925/2343/911 5933/2352/911 5934/2353/18
f 5927/2345/910 5926/2344/18 5934/2353/18 5935/2354/910
f 5928/2346/1 5927/2345/910 5935/2354/910 5936/2355/1
f 5929/2340/909 5928/2347/1 5936/2356/1 5937/2349/909
f 5938/2357/34 5945/2360/2584 5953/2359/912 5946/2358/34
f 5939/2361/911 5938/2357/34 5946/2358/34 5947/2362/911
f 5940/2363/18 5939/2361/911 5947/2362/911 5948/2364/18
f 5941/2365/910 5940/2363/18 5948/2364/18 5949/2366/910
f 5942/2367/1 5941/2365/910 5949/2366/910 5950/2368/1
f 5943/2369/909 5942/2367/1 5950/2368/1 5951/2370/909
f 5944/2371/50 5943/2369/909 5951/2370/909 5952/2372/50
f 5945/2360/2584 5944/2374/50 5952/2373/50 5953/2359/912
f 5946/2358/34 5953/2359/912 5961/2376/912 5954/2375/34
f 5947/2362/911 5946/2358/34 5954/2375/34 5955/2377/911
f 5948/2364/18 5947/2362/911 5955/2377/911 5956/2378/18
f 5949/2366/910 5948/2364/18 5956/2378/18 5957/2379/910
f 5950/2368/1 5949/2366/910 5957/2379/910 5958/2380/1
f 5951/2370/909 5950/2368/1 5958/2380/1 5959/2381/909
f 5952/2372/50 5951/2370/909 5959/2381/909 5960/2382/50
f 5953/2359/912 5952/2373/50 5960/2383/50 5961/2376/912
f 5954/2375/34 5961/2376/912 5969/2385/912 5962/2384/34
f 5955/2377/911 5954/2375/34 5962/2384/34 5963/2386/911
f 5956/2378/18 5955/2377/911 5963/2386/911 5964/2387/18
f 5957/2379/910 5956/2378/18 5964/2387/18 5965/2388/910
f 5958/2380/1 5957/2379/910 5965/2388/910 5966/2389/1
f 5959/2381/909 5958/2380/1 5966/2389/1 5967/2390/909
f 5960/2382/50 5959/2381/909 5967/2390/909 5968/2391/50
f 5961/2376/912 5960/2383/50 5968/2392/50 5969/2385/912
f 5962/2384/34 5969/2385/912 5977/2394/912 5970/2393/34
f 5963/2386/911 5962/2384/34 5970/2393/34 5971/2395/911
f 5964/2387/18 5963/2386/911 5971/2395/911 5972/2396/18
f 5965/2388/910 5964/2387/18 5972/2396/18 5973/2397/910
f 5966/2389/1 5965/2388/910 5973/2397/910 5974/2398/1
f 5967/2390/909 5966/2389/1 5974/2398/1 5975/2399/909
f 5968/2391/50 5967/2390/909 5975/2399/909 5976/2400/50
f 5969/2385/912 5968/2392/50 5976/2401/50 5977/2394/912
f 5970/2393/34 5977/2394/912 5985/2403/912 5978/2402/34
f 5971/2395/911 5970/2393/34 5978/2402/34 5979/2404/911
f 5972/2396/18 5971/2395/911 5979/2404/911 5980/2405/18
f 5973/2397/910 5972/2396/18 5980/2405/18 5981/2406/910
f 5974/2398/1 5973/2397/910 5981/2406/910 5982/2407/1
f 5975/2399/909 5974/2398/1 5982/2407/1 5983/2408/909
f 5976/2400/50 5975/2399/909 5983/2408/909 5984/2409/50
f 5977/2394/912 5976/2401/50 5984/2410/50 5985/2403/912
f 5978/2402/34 5985/2403/912 5993/2412/912 5986/2411/34
f 5979/2404/911 5978/2402/34 5986/2411/34 5987/2413/911
f 5980/2405/18 5979/2404/911 5987/2413/911 5988/2414/18
f 5981/2406/910 5980/2405/18 5988/2414/18 5989/2415/910
f 5982/2407/1 5981/2406/910 5989/2415/910 5990/2416/1
f 5983/2408/909 5982/2407/1 5990/2416/1 5991/2417/909
f 5984/2409/50 5983/2408/909 5991/2417/909 5992/2418/50
f 5985/2403/912 5984/2410/50 5992/2419/50 5993/2412/912
f 5986/2411/34 5993/2412/912 6001/2421/912 5994/2420/34
f 5987/2413/911 5986/2411/34 5994/2420/34 5995/2422/911
f 5988/2414/18 5987/2413/911 5995/2422/911 5996/2423/18
f 5989/2415/910 5988/2414/18 5996/2423/18 5997/2424/910
f 5990/2416/1 5989/2415/910 5997/2424/910 5998/2425/1
f 5991/2417/909 5990/2416/1 5998/2425/1 5999/2426/909
f 5992/2418/50 5991/2417/909 5999/2426/909 6000/2427/50
f 5993/2412/912 5992/2419/50 6000/2428/50 6001/2421/912
f 5994/2420/34 6001/2421/912 6009/2430/912 6002/2429/34
f 5995/2422/911 5994/2420/34 6002/2429/34 6003/2431/911
f 5996/2423/18 5995/2422/911 6003/2431/911 6004/2432/18
f 5997/2424/910 5996/2423/18 6004/2432/18 6005/2433/910
f 5998/2425/1 5997/2424/910 6005/2433/910 6006/2434/1
f 5999/2426/909 5998/2425/1 6006/2434/1 6007/2435/909
f 6000/2427/50 5999/2426/909 6007/2435/909 6008/2436/50
f 6001/2421/912 6000/2428/50 6008/2437/50 6009/2430/912
f 6002/2429/34 6009/2430/912 6017/2439/912 6010/2438/34
f 6003/2431/911 6002/2429/34 6010/2438/34 6011/2440/911
f 6004/2432/18 6003/2431/911 6011/2440/911 6012/2441/18
f 6005/2433/910 6004/2432/18 6012/2441/18 6013/2442/910
f 6006/2434/1 6005/2433/910 6013/2442/910 6014/2443/1
f 6007/2435/909 6006/2434/1 6014/2443/1 6015/2444/909
f 6008/2436/50 6007/2435/909 6015/2444/909 6016/2445/50
f 6009/2430/912 6008/2437/50 6016/2446/50 6017/2439/912
f 6010/2438/34 6017/2439/912 6025/2448/912 6018/2447/34
f 6011/2440/911 6010/2438/34 6018/2447/34 6019/2449/911
f 6012/2441/18 6011/2440/911 6019/2449/911 6020/2450/18
f 6013/2442/910 6012/2441/18 6020/2450/18 6021/2451/910
f 6014/2443/1 6013/2442/910 6021/2451/910 6022/2452/1
f 6015/2444/909 6014/2443/1 6022/2452/1 6023/2453/909
f 6016/2445/50 6015/2444/909 6023/2453/909 6024/2454/50
f 6017/2439/912 6016/2446/50 6024/2455/50 6025/2448/912
f 6018/2447/34 6025/2448/912 6033/2457/912 6026/2456/34
f 6019/2449/911 6018/2447/34 6026/2456/34 6027/2458/911
f 6020/2450/18 6019/2449/911 6027/2458/911 6028/2459/18
f 6021/2451/910 6020/2450/18 6028/2459/18 6029/2460/910
f 6022/2452/1 6021/2451/910 6029/2460/910 6030/2461/1
f 6023/2453/909 6022/2452/1 6030/2461/1 6031/2462/909
f 6024/2454/50 6023/2453/909 6031/2462/909 6032/2463/50
f 6025/2448/912 6024/2455/50 6032/2464/50 6033/2457/912
f 6034/2465/34 6041/2468/912 6049/2467/912 6042/2466/34
f 6035/2469/911 6034/2465/34 6042/2466/34 6043/2470/911
f 6036/2471/18 6035/2469/911 6043/2470/911 6044/2472/18
f 6037/2473/910 6036/2471/18 6044/2472/18 6045/2474/910
f 6038/2475/1 6037/2473/910 6045/2474/910 6046/2476/1
f 6039/2477/909 6038/2475/1 6046/2476/1 6047/2478/909
f 6040/2479/50 6039/2477/909 6047/2478/909 6048/2480/50
f 6041/2468/912 6040/2482/50 6048/2481/50 6049/2467/912
f 6042/2466/34 6049/2467/912 6057/2484/912 6050/2483/34
f 6043/2470/911 6042/2466/34 6050/2483/34 6051/2485/911
f 6044/2472/18 6043/2470/911 6051/2485/911 6052/2486/18
f 6045/2474/910 6044/2472/18 6052/2486/18 6053/2487/910
f 6046/2476/1 6045/2474/910 6053/2487/910 6054/2488/1
f 6047/2478/909 6046/2476/1 6054/2488/1 6055/2489/909
f 6048/2480/50 6047/2478/909 6055/2489/909 6056/2490/50
f 6049/2467/912 6048/2481/50 6056/2491/50 6057/2484/912
f 6050/2483/34 6057/2484/912 6065/2493/912 6058/2492/34
f 6051/2485/911 6050/2483/34 6058/2492/34 6059/2494/911
f 6052/2486/18 6051/2485/911 6059/2494/911 6060/2495/18
f 6053/2487/910 6052/2486/18 6060/2495/18 6061/2496/910
f 6054/2488/1 6053/2487/910 6061/2496/910 6062/2497/1
f 6055/2489/909 6054/2488/1 6062/2497/1 6063/2498/909
f 6056/2490/50 6055/2489/909 6063/2498/909 6064/2499/50
f 6057/2484/912 6056/2491/50 6064/2500/50 6065/2493/912
f 6058/2492/34 6065/2493/912 6073/2502/912 6066/2501/34
f 6059/2494/911 6058/2492/34 6066/2501/34 6067/2503/911
f 6060/2495/18 6059/2494/911 6067/2503/911 6068/2504/18
f 6061/2496/910 6060/2495/18 6068/2504/18 6069/2505/910
f 6062/2497/1 6061/2496/910 6069/2505/910 6070/2506/1
f 6063/2498/909 6062/2497/1 6070/2506/1 6071/2507/909
f 6064/2499/50 6063/2498/909 6071/2507/909 6072/2508/50
f 6065/2493/912 6064/2500/50 6072/2509/50 6073/2502/912
f 6066/2501/34 6073/2502/912 6081/2511/912 6074/2510/34
f 6067/2503/911 6066/2501/34 6074/2510/34 6075/2512/911
f 6068/2504/18 6067/2503/911 6075/2512/911 6076/2513/18
f 6069/2505/910 6068/2504/18 6076/2513/18 6077/2514/910
f 6070/2506/1 6069/2505/910 6077/2514/910 6078/2515/1
f 6071/2507/909 6070/2506/1 6078/2515/1 6079/2516/909
f 6072/2508/50 6071/2507/909 6079/2516/909 6080/2517/50
f 6073/2502/912 6072/2509/50 6080/2518/50 6081/2511/912
f 6074/2510/34 6081/2511/912 6089/2520/912 6082/2519/34
f 6075/2512/911 6074/2510/34 6082/2519/34 6083/2521/911
f 6076/2513/18 6075/2512/911 6083/2521/911 6084/2522/18
f 6077/2514/910 6076/2513/18 6084/2522/18 6085/2523/910
f 6078/2515/1 6077/2514/910 6085/2523/910 6086/2524/1
f 6079/2516/909 6078/2515/1 6086/2524/1 6087/2525/909
f 6080/2517/50 6079/2516/909 6087/2525/909 6088/2526/50
f 6081/2511/912 6080/2518/50 6088/2527/50 6089/2520/912
f 6082/2519/34 6089/2520/912 6097/2529/912 6090/2528/34
f 6083/2521/911 6082/2519/34 6090/2528/34 6091/2530/911
f 6084/2522/18 6083/2521/911 6091/2530/911 6092/2531/18
f 6085/2523/910 6084/2522/18 6092/2531/18 6093/2532/910
f 6086/2524/1 6085/2523/910 6093/2532/910 6094/2533/1
f 6087/2525/909 6086/2524/1 6094/2533/1 6095/2534/909
f 6088/2526/50 6087/2525/909 6095/2534/909 6096/2535/50
f 6089/2520/912 6088/2527/50 6096/2536/50 6097/2529/912
f 6090/2528/34 6097/2529/912 6105/2538/912 6098/2537/34
f 6091/2530/911 6090/2528/34 6098/2537/34 6099/2539/911
f 6092/2531/18 6091/2530/911 6099/2539/911 6100/2540/18
f 6093/2532/910 6092/2531/18 6100/2540/18 6101/2541/910
f 6094/2533/1 6093/2532/910 6101/2541/910 6102/2542/1
f 6095/2534/909 6094/2533/1 6102/2542/1 6103/2543/909
f 6096/2535/50 6095/2534/909 6103/2543/909 6104/2544/50
f 6097/2529/912 6096/2536/50 6104/2545/50 6105/2538/912
f 6098/2537/34 6105/2538/912 6113/2547/912 6106/2546/34
f 6099/2539/911 6098/2537/34 6106/2546/34 6107/2548/911
f 6100/2540/18 6099/2539/911 6107/2548/911 6108/2549/18
f 6101/2541/910 6100/2540/18 6108/2549/18 6109/2550/910
f 6102/2542/1 6101/2541/910 6109/2550/910 6110/2551/1
f 6103/2543/909 6102/2542/1 6110/2551/1 6111/2552/909
f 6104/2544/50 6103/2543/909 6111/2552/909 6112/2553/50
f 6105/2538/912 6104/2545/50 6112/2554/50 6113/2547/912
f 6106/2546/34 6113/2547/912 6121/2556/912 6114/2555/34
f 6107/2548/911 6106/2546/34 6114/2555/34 6115/2557/911
f 6108/2549/18 6107/2548/911 6115/2557/911 6116/2558/18
f 6109/2550/910 6108/2549/18 6116/2558/18 6117/2559/910
f 6110/2551/1 6109/2550/910 6117/2559/910 6118/2560/1
f 6111/2552/909 6110/2551/1 6118/2560/1 6119/2561/909
f 6112/2553/50 6111/2552/909 6119/2561/909 6120/2562/50
f 6113/2547/912 6112/2554/50 6120/2563/50 6121/2556/912
f 6114/2555/34 6121/2556/912 6129/2565/912 6122/2564/34
f 6115/2557/911 6114/2555/34 6122/2564/34 6123/2566/911
f 6116/2558/18 6115/2557/911 6123/2566/911 6124/2567/18
f 6117/2559/910 6116/2558/18 6124/2567/18 6125/2568/910
f 6118/2560/1 6117/2559/910 6125/2568/910 6126/2569/1
f 6119/2561/909 6118/2560/1 6126/2569/1 6127/2570/909
f 6120/2562/50 6119/2561/909 6127/2570/909 6128/2571/50
f 6121/2556/912 6120/2563/50 6128/2572/50 6129/2565/912
f 6130/2573/2585 6729/2576/2586 7731/2575/2587 6750/2574/2588
f 6130/2577/2585 6696/2580/2589 7718/2579/2590 6729/2578/2586
f 6130/2577/2585 6694/2582/2591 7714/2581/2592 6696/2580/2589
f 6130/2573/2585 6750/2574/2588 7730/2584/2593 6694/2583/2591
f 6131/2585/2594 6735/2588/2595 7737/2587/2596 6748/2586/2597
f 6131/2585/2594 6691/2590/2598 7720/2589/2599 6735/2588/2595
f 6131/2585/2594 6727/2592/2600 7712/2591/2601 6691/2590/2598
f 6131/2585/2594 6748/2586/2597 7729/2593/2602 6727/2592/2600
f 6132/2594/932 6729/2578/2586 7718/2579/2590 6702/2595/933
f 6132/2596/932 6746/2597/934 7731/2575/2587 6729/2576/2586
f 6133/2598/2603 6692/2601/2604 7728/2600/2605 6744/2599/2606
f 6133/2598/2603 6700/2603/2607 7713/2602/2608 6692/2601/2604
f 6133/2598/2603 6731/2605/942 7717/2604/941 6700/2603/2607
f 6133/2598/2603 6744/2599/2606 7733/2606/943 6731/2605/942
f 6134/2607/944 6731/2605/942 7733/2606/943 6742/2608/943
f 6134/2607/944 6701/2609/941 7717/2604/941 6731/2605/942
f 6135/2610/2609 6695/2613/2610 7722/2612/2611 6722/2611/2612
f 6135/2610/2609 6696/2580/2589 7714/2581/2592 6695/2613/2610
f 6135/2610/2609 6711/2614/2613 7718/2579/2590 6696/2580/2589
f 6135/2610/2609 6722/2611/2612 7723/2615/2614 6711/2614/2613
f 6136/2616/951 6711/2614/2613 7723/2615/2614 6720/2617/952
f 6136/2616/951 6702/2595/933 7718/2579/2590 6711/2614/2613
f 6137/2618/2615 6718/2621/2616 7720/2620/2599 6691/2619/2598
f 6137/2618/2615 6706/2623/2617 7726/2622/2618 6718/2621/2616
f 6137/2618/2615 6693/2625/2619 7716/2624/2620 6706/2623/2617
f 6137/2618/2615 6691/2619/2598 7712/2626/2601 6693/2625/2619
f 6138/2627/959 6716/2628/960 7726/2622/2618 6706/2623/2617
f 6138/2627/959 6706/2623/2617 7716/2624/2620 6699/2629/961
f 6139/2630/962 6698/2633/963 7715/2632/963 6713/2631/962
f 6139/2630/962 6713/2631/962 7725/2635/964 6715/2634/964
f 6140/2636/965 6715/2634/964 7725/2635/964 6714/2637/2621
f 6140/2636/965 6714/2637/2621 7726/2639/2618 6716/2638/960
f 6141/2640/2622 6697/2643/2623 7711/2642/2624 6707/2641/2625
f 6141/2640/2622 6713/2631/962 7715/2632/963 6697/2643/2623
f 6141/2640/2622 6717/2644/2626 7725/2635/964 6713/2631/962
f 6141/2640/2622 6707/2641/2625 7719/2645/2627 6717/2644/2626
f 6142/2646/2628 6717/2644/2626 7719/2645/2627 6708/2647/2629
f 6142/2646/2628 6714/2637/2621 7725/2635/964 6717/2644/2626
f 6142/2646/2628 6718/2648/2616 7726/2639/2618 6714/2637/2621
f 6142/2646/2628 6708/2647/2629 7720/2649/2599 6718/2648/2616
f 6143/2650/975 6705/2653/975 7717/2652/941 6701/2651/941
f 6143/2650/975 6719/2655/977 7724/2654/2630 6705/2653/975
f 6144/2656/978 6712/2657/2631 7724/2654/2630 6719/2655/977
f 6144/2656/978 6720/2659/952 7723/2658/2614 6712/2657/2631
f 6145/2660/2632 6709/2663/2633 7713/2662/2608 6700/2661/2607
f 6145/2660/2632 6721/2665/2634 7721/2664/2635 6709/2663/2633
f 6145/2660/2632 6705/2653/975 7724/2654/2630 6721/2665/2634
f 6145/2660/2632 6700/2661/2607 7717/2652/941 6705/2653/975
f 6146/2666/2636 6710/2667/2637 7721/2664/2635 6721/2665/2634
f 6146/2666/2636 6722/2669/2612 7722/2668/2611 6710/2667/2637
f 6146/2666/2636 6712/2657/2631 7723/2658/2614 6722/2669/2612
f 6146/2666/2636 6721/2665/2634 7724/2654/2630 6712/2657/2631
f 6147/2670/2638 6725/2673/2639 7727/2672/2640 6740/2671/2641
f 6147/2670/2638 6707/2675/2625 7711/2674/2624 6725/2673/2639
f 6147/2670/2638 6733/2677/2642 7719/2676/2627 6707/2675/2625
f 6147/2670/2638 6740/2671/2641 7735/2678/34 6733/2677/2642
f 6148/2679/2643 6733/2677/2642 7735/2678/34 6738/2680/2596
f 6148/2679/2643 6708/2681/2629 7719/2676/2627 6733/2677/2642
f 6148/2679/2643 6735/2683/2595 7720/2682/2599 6708/2681/2629
f 6148/2679/2643 6738/2680/2596 7737/2684/2596 6735/2683/2595
f 6149/2685/2644 6723/2688/2645 7721/2687/2635 6710/2686/2637
f 6149/2685/2644 6737/2690/2646 7736/2689/34 6723/2688/2645
f 6149/2685/2644 6724/2692/2647 7738/2691/2648 6737/2690/2646
f 6149/2685/2644 6710/2686/2637 7722/2693/2611 6724/2692/2647
f 6150/2694/2649 6734/2695/34 7736/2689/34 6737/2690/2646
f 6150/2694/2649 6738/2680/2596 7735/2678/34 6734/2695/34
f 6150/2694/2649 6736/2696/2649 7737/2684/2596 6738/2680/2596
f 6150/2694/2649 6737/2690/2646 7738/2691/2648 6736/2696/2649
f 6151/2697/2650 6692/2700/2604 7713/2699/2608 6709/2698/2633
f 6151/2697/2650 6739/2702/2651 7728/2701/2605 6692/2700/2604
f 6151/2697/2650 6723/2688/2645 7736/2689/34 6739/2702/2651
f 6151/2697/2650 6709/2698/2633 7721/2687/2635 6723/2688/2645
f 6152/2703/2652 6726/2704/2653 7728/2701/2605 6739/2702/2651
f 6152/2703/2652 6740/2671/2641 7727/2672/2640 6726/2704/2653
f 6152/2703/2652 6734/2695/34 7735/2678/34 6740/2671/2641
f 6152/2703/2652 6739/2702/2651 7736/2689/34 6734/2695/34
f 6153/2705/1002 6704/2708/1002 7715/2707/963 6698/2706/963
f 6153/2705/1002 6741/2710/943 7734/2709/943 6704/2708/1002
f 6154/2711/943 6732/2712/943 7734/2709/943 6741/2710/943
f 6154/2711/943 6742/2608/943 7733/2606/943 6732/2712/943
f 6155/2713/2654 6725/2714/2639 7711/2642/2624 6697/2643/2623
f 6155/2715/2654 6743/2718/2655 7727/2717/2640 6725/2716/2639
f 6155/2715/2654 6704/2708/1002 7734/2709/943 6743/2718/2655
f 6155/2715/2654 6697/2719/2623 7715/2707/963 6704/2708/1002
f 6156/2720/2656 6726/2721/2653 7727/2717/2640 6743/2718/2655
f 6156/2720/2656 6744/2599/2606 7728/2600/2605 6726/2721/2653
f 6156/2720/2656 6732/2712/943 7733/2606/943 6744/2599/2606
f 6156/2720/2656 6743/2718/2655 7734/2709/943 6732/2712/943
f 6157/2722/1006 6703/2725/2657 7732/2724/2658 6745/2723/934
f 6157/2722/1006 6699/2727/961 7716/2726/2620 6703/2725/2657
f 6158/2728/934 6730/2729/2658 7731/2575/2587 6746/2597/934
f 6158/2728/934 6745/2723/934 7732/2724/2658 6730/2729/2658
f 6159/2730/2659 6724/2733/2647 7722/2732/2611 6695/2731/2610
f 6159/2730/2659 6747/2735/2660 7738/2734/2648 6724/2733/2647
f 6159/2730/2659 6694/2737/2591 7730/2736/2593 6747/2735/2660
f 6159/2730/2659 6695/2731/2610 7714/2738/2592 6694/2737/2591
f 6160/2739/2661 6736/2740/2649 7738/2734/2648 6747/2735/2660
f 6160/2739/2661 6748/2586/2597 7737/2587/2596 6736/2740/2649
f 6160/2739/2661 6728/2741/2662 7729/2593/2602 6748/2586/2597
f 6160/2739/2661 6747/2735/2660 7730/2736/2593 6728/2741/2662
f 6161/2742/2663 6703/2725/2657 7716/2726/2620 6693/2743/2619
f 6161/2742/2663 6749/2744/2664 7732/2724/2658 6703/2725/2657
f 6161/2742/2663 6727/2746/2600 7729/2745/2602 6749/2744/2664
f 6161/2742/2663 6693/2743/2619 7712/2747/2601 6727/2746/2600
f 6162/2748/2665 6730/2729/2658 7732/2724/2658 6749/2744/2664
f 6162/2748/2665 6750/2574/2588 7731/2575/2587 6730/2729/2658
f 6162/2748/2665 6728/2749/2662 7730/2584/2593 6750/2574/2588
f 6162/2748/2665 6749/2744/2664 7729/2745/2602 6728/2749/2662
f 6163/2750/2666 6789/2753/1019 7759/2752/1018 6810/2751/2667
f 6163/2750/2666 6756/2755/2668 7746/2754/1020 6789/2753/1019
f 6163/2756/2666 6754/2759/2669 7742/2758/2670 6756/2757/2668
f 6163/2750/2666 6810/2751/2667 7758/2761/2671 6754/2760/2669
f 6164/2762/2672 6795/2765/2673 7765/2764/34 6808/2763/2674
f 6164/2762/2672 6751/2767/2675 7748/2766/2676 6795/2765/2673
f 6164/2762/2672 6787/2769/2677 7740/2768/2678 6751/2767/2675
f 6164/2762/2672 6808/2763/2674 7757/2770/2679 6787/2769/2677
f 6165/2771/1019 6789/2753/1019 7746/2754/1020 6762/2772/1020
f 6165/2771/1019 6806/2773/1018 7759/2752/1018 6789/2753/1019
f 6166/2774/2680 6752/2777/2681 7756/2776/2682 6804/2775/2683
f 6166/2774/2680 6760/2779/2684 7741/2778/2685 6752/2777/2681
f 6166/2774/2680 6791/2781/2686 7745/2780/2687 6760/2779/2684
f 6166/2774/2680 6804/2775/2683 7761/2782/2688 6791/2781/2686
f 6167/2783/1042 6791/2781/2686 7761/2782/2688 6802/2784/1043
f 6167/2783/1042 6761/2785/1044 7745/2780/2687 6791/2781/2686
f 6168/2786/2689 6755/2789/2690 7750/2788/2691 6782/2787/2692
f 6168/2786/2689 6756/2757/2668 7742/2758/2670 6755/2789/2690
f 6168/2786/2689 6771/2791/1049 7746/2790/1020 6756/2757/2668
f 6168/2786/2689 6782/2787/2692 7751/2792/1050 6771/2791/1049
f 6169/2793/1049 6771/2791/1049 7751/2792/1050 6780/2794/1050
f 6169/2793/1049 6762/2795/1020 7746/2790/1020 6771/2791/1049
f 6170/2796/2693 6778/2799/2694 7748/2798/2676 6751/2797/2675
f 6170/2796/2693 6766/2801/1054 7754/2800/1053 6778/2799/2694
f 6170/2796/2693 6753/2803/2695 7744/2802/1055 6766/2801/1054
f 6170/2796/2693 6751/2797/2675 7740/2804/2678 6753/2803/2695
f 6171/2805/1054 6776/2806/1053 7754/2800/1053 6766/2801/1054
f 6171/2805/1054 6766/2801/1054 7744/2802/1055 6759/2807/1057
f 6172/2808/1058 6758/2811/1061 7743/2810/2696 6773/2809/2697
f 6172/2808/1058 6773/2809/2697 7753/2813/2698 6775/2812/1062
f 6173/2814/1064 6775/2812/1062 7753/2813/2698 6774/2815/2699
f 6173/2814/1064 6774/2815/2699 7754/2800/1053 6776/2806/1053
f 6174/2816/2700 6757/2819/2701 7739/2818/2702 6767/2817/2703
f 6174/2816/2700 6773/2809/2697 7743/2810/2696 6757/2819/2701
f 6174/2816/2700 6777/2820/2704 7753/2813/2698 6773/2809/2697
f 6174/2816/2700 6767/2817/2703 7747/2821/2705 6777/2820/2704
f 6175/2822/2706 6777/2820/2704 7747/2821/2705 6768/2823/2707
f 6175/2822/2706 6774/2815/2699 7753/2813/2698 6777/2820/2704
f 6175/2822/2706 6778/2799/2694 7754/2800/1053 6774/2815/2699
f 6175/2822/2706 6768/2823/2707 7748/2798/2676 6778/2799/2694
f 6176/2824/1074 6765/2827/2708 7745/2826/2687 6761/2825/1044
f 6176/2824/1074 6779/2829/1077 7752/2828/2709 6765/2827/2708
f 6177/2830/1078 6772/2831/2710 7752/2828/2709 6779/2829/1077
f 6177/2830/1078 6780/2794/1050 7751/2792/1050 6772/2831/2710
f 6178/2832/2711 6769/2835/2712 7741/2834/2685 6760/2833/2684
f 6178/2832/2711 6781/2837/2713 7749/2836/2714 6769/2835/2712
f 6178/2832/2711 6765/2827/2708 7752/2828/2709 6781/2837/2713
f 6178/2832/2711 6760/2833/2684 7745/2826/2687 6765/2827/2708
f 6179/2838/2715 6770/2839/2716 7749/2836/2714 6781/2837/2713
f 6179/2838/2715 6782/2787/2692 7750/2788/2691 6770/2839/2716
f 6179/2838/2715 6772/2831/2710 7751/2792/1050 6782/2787/2692
f 6179/2838/2715 6781/2837/2713 7752/2828/2709 6772/2831/2710
f 6180/2840/2717 6785/2843/2718 7755/2842/2719 6800/2841/2720
f 6180/2840/2717 6767/2845/2703 7739/2844/2702 6785/2843/2718
f 6180/2840/2717 6793/2847/2721 7747/2846/2705 6767/2845/2703
f 6180/2840/2717 6800/2841/2720 7763/2848/2722 6793/2847/2721
f 6181/2849/2723 6793/2847/2721 7763/2848/2722 6798/2850/2724
f 6181/2849/2723 6768/2851/2707 7747/2846/2705 6793/2847/2721
f 6181/2849/2723 6795/2765/2673 7748/2766/2676 6768/2851/2707
f 6181/2849/2723 6798/2850/2724 7765/2764/34 6795/2765/2673
f 6182/2852/2725 6783/2855/2726 7749/2854/2714 6770/2853/2716
f 6182/2852/2725 6797/2857/2727 7764/2856/2728 6783/2855/2726
f 6182/2852/2725 6784/2859/2729 7766/2858/34 6797/2857/2727
f 6182/2852/2725 6770/2853/2716 7750/2860/2691 6784/2859/2729
f 6183/2861/2730 6794/2862/2730 7764/2856/2728 6797/2857/2727
f 6183/2861/2730 6798/2850/2724 7763/2848/2722 6794/2862/2730
f 6183/2861/2730 6796/2863/34 7765/2764/34 6798/2850/2724
f 6183/2861/2730 6797/2857/2727 7766/2858/34 6796/2863/34
f 6184/2864/2731 6752/2867/2681 7741/2866/2685 6769/2865/2712
f 6184/2864/2731 6799/2869/2732 7756/2868/2682 6752/2867/2681
f 6184/2864/2731 6783/2855/2726 7764/2856/2728 6799/2869/2732
f 6184/2864/2731 6769/2865/2712 7749/2854/2714 6783/2855/2726
f 6185/2870/2733 6786/2871/2734 7756/2868/2682 6799/2869/2732
f 6185/2870/2733 6800/2841/2720 7755/2842/2719 6786/2871/2734
f 6185/2870/2733 6794/2862/2730 7763/2848/2722 6800/2841/2720
f 6185/2870/2733 6799/2869/2732 7764/2856/2728 6794/2862/2730
f 6186/2872/1104 6764/2875/2735 7743/2874/2696 6758/2873/1061
f 6186/2872/1104 6801/2877/1043 7762/2876/2688 6764/2875/2735
f 6187/2878/1043 6792/2879/2688 7762/2876/2688 6801/2877/1043
f 6187/2878/1043 6802/2784/1043 7761/2782/2688 6792/2879/2688
f 6188/2880/2736 6785/2881/2718 7739/2818/2702 6757/2819/2701
f 6188/2882/2736 6803/2885/2737 7755/2884/2719 6785/2883/2718
f 6188/2882/2736 6764/2875/2735 7762/2876/2688 6803/2885/2737
f 6188/2882/2736 6757/2886/2701 7743/2874/2696 6764/2875/2735
f 6189/2887/2738 6786/2888/2734 7755/2884/2719 6803/2885/2737
f 6189/2887/2738 6804/2775/2683 7756/2776/2682 6786/2888/2734
f 6189/2887/2738 6792/2879/2688 7761/2782/2688 6804/2775/2683
f 6189/2887/2738 6803/2885/2737 7762/2876/2688 6792/2879/2688
f 6190/2889/1109 6763/2892/1109 7760/2891/1018 6805/2890/1018
f 6190/2889/1109 6759/2894/1057 7744/2893/1055 6763/2892/1109
f 6191/2895/1018 6790/2896/1018 7759/2752/1018 6806/2773/1018
f 6191/2895/1018 6805/2890/1018 7760/2891/1018 6790/2896/1018
f 6192/2897/2739 6784/2859/2729 7750/2860/2691 6755/2898/2690
f 6192/2897/2739 6807/2899/2740 7766/2858/34 6784/2859/2729
f 6192/2897/2739 6754/2901/2669 7758/2900/2671 6807/2899/2740
f 6192/2897/2739 6755/2898/2690 7742/2902/2670 6754/2901/2669
f 6193/2903/2741 6796/2863/34 7766/2858/34 6807/2899/2740
f 6193/2903/2741 6808/2763/2674 7765/2764/34 6796/2863/34
f 6193/2903/2741 6788/2904/2742 7757/2770/2679 6808/2763/2674
f 6193/2903/2741 6807/2899/2740 7758/2900/2671 6788/2904/2742
f 6194/2905/2743 6763/2892/1109 7744/2893/1055 6753/2906/2695
f 6194/2905/2743 6809/2907/2744 7760/2891/1018 6763/2892/1109
f 6194/2905/2743 6787/2909/2677 7757/2908/2679 6809/2907/2744
f 6194/2905/2743 6753/2906/2695 7740/2910/2678 6787/2909/2677
f 6195/2911/2745 6790/2896/1018 7760/2891/1018 6809/2907/2744
f 6195/2911/2745 6810/2751/2667 7759/2752/1018 6790/2896/1018
f 6195/2911/2745 6788/2912/2742 7758/2761/2671 6810/2751/2667
f 6195/2911/2745 6809/2907/2744 7757/2908/2679 6788/2912/2742
f 6196/2913/2746 6849/2916/2747 7787/2915/2748 6870/2914/2749
f 6196/2913/2746 6816/2918/2750 7774/2917/2751 6849/2916/2747
f 6196/2919/2746 6814/2922/2752 7770/2921/2753 6816/2920/2750
f 6196/2913/2746 6870/2914/2749 7786/2924/2754 6814/2923/2752
f 6197/2925/2755 6855/2928/2756 7793/2927/2757 6868/2926/2758
f 6197/2925/2755 6811/2930/2759 7776/2929/2760 6855/2928/2756
f 6197/2925/2755 6847/2932/2761 7768/2931/2762 6811/2930/2759
f 6197/2925/2755 6868/2926/2758 7785/2933/2763 6847/2932/2761
f 6198/2934/1135 6849/2916/2747 7774/2917/2751 6822/2935/1136
f 6198/2934/1135 6866/2936/1137 7787/2915/2748 6849/2916/2747
f 6199/2937/2764 6812/2940/2765 7784/2939/2766 6864/2938/2767
f 6199/2937/2764 6820/2942/2768 7769/2941/2769 6812/2940/2765
f 6199/2937/2764 6851/2944/1145 7773/2943/1144 6820/2942/2768
f 6199/2937/2764 6864/2938/2767 7789/2945/1146 6851/2944/1145
f 6200/2946/1145 6851/2944/1145 7789/2945/1146 6862/2947/1146
f 6200/2946/1145 6821/2948/1144 7773/2943/1144 6851/2944/1145
f 6201/2949/2770 6815/2952/2771 7778/2951/2772 6842/2950/2773
f 6201/2949/2770 6816/2920/2750 7770/2921/2753 6815/2952/2771
f 6201/2949/2770 6831/2954/2774 7774/2953/2751 6816/2920/2750
f 6201/2949/2770 6842/2950/2773 7779/2955/2775 6831/2954/2774
f 6202/2956/1153 6831/2954/2774 7779/2955/2775 6840/2957/1154
f 6202/2956/1153 6822/2958/1136 7774/2953/2751 6831/2954/2774
f 6203/2959/2776 6838/2962/2777 7776/2961/2760 6811/2960/2759
f 6203/2959/2776 6826/2964/2778 7782/2963/2779 6838/2962/2777
f 6203/2959/2776 6813/2966/2780 7772/2965/2781 6826/2964/2778
f 6203/2959/2776 6811/2960/2759 7768/2967/2762 6813/2966/2780
f 6204/2968/1161 6836/2969/1162 7782/2963/2779 6826/2964/2778
f 6204/2968/1161 6826/2964/2778 7772/2965/2781 6819/2970/1163
f 6205/2971/1164 6818/2974/1165 7771/2973/1165 6833/2972/1164
f 6205/2971/1164 6833/2972/1164 7781/2976/1166 6835/2975/1166
f 6206/2977/1167 6835/2975/1166 7781/2976/1166 6834/2978/2782
f 6206/2977/1167 6834/2978/2782 7782/2963/2779 6836/2969/1162
f 6207/2979/2783 6817/2982/2784 7767/2981/2785 6827/2980/2786
f 6207/2979/2783 6833/2972/1164 7771/2973/1165 6817/2982/2784
f 6207/2979/2783 6837/2983/2787 7781/2976/1166 6833/2972/1164
f 6207/2979/2783 6827/2980/2786 7775/2984/2788 6837/2983/2787
f 6208/2985/2789 6837/2983/2787 7775/2984/2788 6828/2986/2790
f 6208/2985/2789 6834/2978/2782 7781/2976/1166 6837/2983/2787
f 6208/2985/2789 6838/2962/2777 7782/2963/2779 6834/2978/2782
f 6208/2985/2789 6828/2986/2790 7776/2961/2760 6838/2962/2777
f 6209/2987/1177 6825/2990/1177 7773/2989/1144 6821/2988/1144
f 6209/2987/1177 6839/2992/1178 7780/2991/1178 6825/2990/1177
f 6210/2993/1179 6832/2994/2791 7780/2991/1178 6839/2992/1178
f 6210/2993/1179 6840/2957/1154 7779/2955/2775 6832/2994/2791
f 6211/2995/2792 6829/2998/2793 7769/2997/2769 6820/2996/2768
f 6211/2995/2792 6841/3000/2794 7777/2999/2795 6829/2998/2793
f 6211/2995/2792 6825/2990/1177 7780/2991/1178 6841/3000/2794
f 6211/2995/2792 6820/2996/2768 7773/2989/1144 6825/2990/1177
f 6212/3001/2796 6830/3002/2797 7777/2999/2795 6841/3000/2794
f 6212/3001/2796 6842/2950/2773 7778/2951/2772 6830/3002/2797
f 6212/3001/2796 6832/2994/2791 7779/2955/2775 6842/2950/2773
f 6212/3001/2796 6841/3000/2794 7780/2991/1178 6832/2994/2791
f 6213/3003/2798 6845/3006/2799 7783/3005/2800 6860/3004/2801
f 6213/3003/2798 6827/3008/2786 7767/3007/2785 6845/3006/2799
f 6213/3003/2798 6853/3010/2802 7775/3009/2788 6827/3008/2786
f 6213/3003/2798 6860/3004/2801 7791/3011/34 6853/3010/2802
f 6214/3012/2803 6853/3010/2802 7791/3011/34 6858/3013/2757
f 6214/3012/2803 6828/3014/2790 7775/3009/2788 6853/3010/2802
f 6214/3012/2803 6855/2928/2756 7776/2929/2760 6828/3014/2790
f 6214/3012/2803 6858/3013/2757 7793/2927/2757 6855/2928/2756
f 6215/3015/2804 6843/3018/2805 7777/3017/2795 6830/3016/2797
f 6215/3015/2804 6857/3020/2806 7792/3019/34 6843/3018/2805
f 6215/3015/2804 6844/3022/2807 7794/3021/2808 6857/3020/2806
f 6215/3015/2804 6830/3016/2797 7778/3023/2772 6844/3022/2807
f 6216/3024/2809 6854/3025/34 7792/3019/34 6857/3020/2806
f 6216/3024/2809 6858/3013/2757 7791/3011/34 6854/3025/34
f 6216/3024/2809 6856/3026/2810 7793/2927/2757 6858/3013/2757
f 6216/3024/2809 6857/3020/2806 7794/3021/2808 6856/3026/2810
f 6217/3027/2811 6812/3030/2765 7769/3029/2769 6829/3028/2793
f 6217/3027/2811 6859/3032/2812 7784/3031/2766 6812/3030/2765
f 6217/3027/2811 6843/3018/2805 7792/3019/34 6859/3032/2812
f 6217/3027/2811 6829/3028/2793 7777/3017/2795 6843/3018/2805
f 6218/3033/2813 6846/3034/2814 7784/3031/2766 6859/3032/2812
f 6218/3033/2813 6860/3004/2801 7783/3005/2800 6846/3034/2814
f 6218/3033/2813 6854/3025/34 7791/3011/34 6860/3004/2801
f 6218/3033/2813 6859/3032/2812 7792/3019/34 6854/3025/34
f 6219/3035/1204 6824/3038/1204 7771/3037/1165 6818/3036/1165
f 6219/3035/1204 6861/3040/1146 7790/3039/1146 6824/3038/1204
f 6220/3041/1205 6852/3042/1205 7790/3039/1146 6861/3040/1146
f 6220/3041/1205 6862/2947/1146 7789/2945/1146 6852/3042/1205
f 6221/3043/2815 6845/3046/2799 7767/3045/2785 6817/3044/2784
f 6221/3043/2815 6863/3048/2816 7783/3047/2800 6845/3046/2799
f 6221/3043/2815 6824/3038/1204 7790/3039/1146 6863/3048/2816
f 6221/3043/2815 6817/3044/2784 7771/3037/1165 6824/3038/1204
f 6222/3049/2817 6846/3050/2814 7783/3047/2800 6863/3048/2816
f 6222/3049/2817 6864/2938/2767 7784/2939/2766 6846/3050/2814
f 6222/3049/2817 6852/3042/1205 7789/2945/1146 6864/2938/2767
f 6222/3049/2817 6863/3048/2816 7790/3039/1146 6852/3042/1205
f 6223/3051/1209 6823/3054/2818 7788/3053/2748 6865/3052/1137
f 6223/3051/1209 6819/3056/1163 7772/3055/2781 6823/3054/2818
f 6224/3057/1137 6850/3058/2748 7787/2915/2748 6866/2936/1137
f 6224/3057/1137 6865/3052/1137 7788/3053/2748 6850/3058/2748
f 6225/3059/2819 6844/3022/2807 7778/3023/2772 6815/3060/2771
f 6225/3059/2819 6867/3061/2820 7794/3021/2808 6844/3022/2807
f 6225/3059/2819 6814/3063/2752 7786/3062/2754 6867/3061/2820
f 6225/3059/2819 6815/3060/2771 7770/3064/2753 6814/3063/2752
f 6226/3065/2821 6856/3026/2810 7794/3021/2808 6867/3061/2820
f 6226/3065/2821 6868/2926/2758 7793/2927/2757 6856/3026/2810
f 6226/3065/2821 6848/3066/2822 7785/2933/2763 6868/2926/2758
f 6226/3065/2821 6867/3061/2820 7786/3062/2754 6848/3066/2822
f 6227/3067/2823 6823/3054/2818 7772/3055/2781 6813/3068/2780
f 6227/3067/2823 6869/3069/2824 7788/3053/2748 6823/3054/2818
f 6227/3067/2823 6847/3071/2761 7785/3070/2763 6869/3069/2824
f 6227/3067/2823 6813/3068/2780 7768/3072/2762 6847/3071/2761
f 6228/3073/2825 6850/3058/2748 7788/3053/2748 6869/3069/2824
f 6228/3073/2825 6870/2914/2749 7787/2915/2748 6850/3058/2748
f 6228/3073/2825 6848/3074/2822 7786/2924/2754 6870/2914/2749
f 6228/3073/2825 6869/3069/2824 7785/3070/2763 6848/3074/2822
f 6229/3075/2826 6909/3078/1221 7815/3077/1220 6930/3076/2827
f 6229/3075/2826 6876/3080/2828 7802/3079/1222 6909/3078/1221
f 6229/3075/2826 6874/3082/2829 7798/3081/2830 6876/3080/2828
f 6229/3075/2826 6930/3076/2827 7814/3083/2831 6874/3082/2829
f 6230/3084/2832 6915/3087/2833 7821/3086/2834 6928/3085/2835
f 6230/3084/2832 6871/3089/2836 7804/3088/2837 6915/3087/2833
f 6230/3084/2832 6907/3091/2838 7796/3090/2839 6871/3089/2836
f 6230/3084/2832 6928/3085/2835 7813/3092/2840 6907/3091/2838
f 6231/3093/1221 6909/3078/1221 7802/3079/1222 6882/3094/1222
f 6231/3093/1221 6926/3095/1220 7815/3077/1220 6909/3078/1221
f 6232/3096/2841 6872/3099/2842 7812/3098/2843 6924/3097/2844
f 6232/3096/2841 6880/3101/2845 7797/3100/2846 6872/3099/2842
f 6232/3096/2841 6911/3103/1243 7801/3102/1242 6880/3101/2845
f 6232/3096/2841 6924/3097/2844 7817/3104/1244 6911/3103/1243
f 6233/3105/1243 6911/3103/1243 7817/3104/1244 6922/3106/1244
f 6233/3105/1243 6881/3107/1245 7801/3102/1242 6911/3103/1243
f 6234/3108/2847 6875/3111/2848 7806/3110/2849 6902/3109/2850
f 6234/3108/2847 6876/3113/2828 7798/3112/2830 6875/3111/2848
f 6234/3108/2847 6891/3115/2851 7802/3114/1222 6876/3113/2828
f 6234/3108/2847 6902/3109/2850 7807/3116/2852 6891/3115/2851
f 6235/3117/1252 6891/3115/2851 7807/3116/2852 6900/3118/1253
f 6235/3117/1252 6882/3119/1222 7802/3114/1222 6891/3115/2851
f 6236/3120/2853 6898/3123/2854 7804/3122/2837 6871/3121/2836
f 6236/3120/2853 6886/3125/1257 7810/3124/1256 6898/3123/2854
f 6236/3120/2853 6873/3127/2855 7800/3126/1258 6886/3125/1257
f 6236/3120/2853 6871/3121/2836 7796/3128/2839 6873/3127/2855
f 6237/3129/1257 6896/3130/1256 7810/3124/1256 6886/3125/1257
f 6237/3129/1257 6886/3125/1257 7800/3126/1258 6879/3131/1260
f 6238/3132/1261 6878/3135/1262 7799/3134/1262 6893/3133/1261
f 6238/3132/1261 6893/3133/1261 7809/3137/1263 6895/3136/1263
f 6239/3138/1264 6895/3141/1263 7809/3140/1263 6894/3139/1264
f 6239/3138/1264 6894/3139/1264 7810/3124/1256 6896/3130/1256
f 6240/3142/2856 6877/3145/2857 7795/3144/2858 6887/3143/2859
f 6240/3142/2856 6893/3133/1261 7799/3134/1262 6877/3145/2857
f 6240/3142/2856 6897/3146/2860 7809/3137/1263 6893/3133/1261
f 6240/3142/2856 6887/3143/2859 7803/3147/2861 6897/3146/2860
f 6241/3148/2862 6897/3151/2860 7803/3150/2861 6888/3149/2863
f 6241/3148/2862 6894/3139/1264 7809/3140/1263 6897/3151/2860
f 6241/3148/2862 6898/3123/2854 7810/3124/1256 6894/3139/1264
f 6241/3148/2862 6888/3149/2863 7804/3122/2837 6898/3123/2854
f 6242/3152/1273 6885/3155/1274 7801/3154/1242 6881/3153/1245
f 6242/3152/1273 6899/3157/1276 7808/3156/2864 6885/3155/1274
f 6243/3158/1277 6892/3161/2865 7808/3160/2864 6899/3159/1276
f 6243/3158/1277 6900/3118/1253 7807/3116/2852 6892/3161/2865
f 6244/3162/2866 6889/3165/2867 7797/3164/2846 6880/3163/2845
f 6244/3162/2866 6901/3167/2868 7805/3166/2869 6889/3165/2867
f 6244/3162/2866 6885/3155/1274 7808/3156/2864 6901/3167/2868
f 6244/3162/2866 6880/3163/2845 7801/3154/1242 6885/3155/1274
f 6245/3168/2870 6890/3171/2871 7805/3170/2869 6901/3169/2868
f 6245/3168/2870 6902/3109/2850 7806/3110/2849 6890/3171/2871
f 6245/3168/2870 6892/3161/2865 7807/3116/2852 6902/3109/2850
f 6245/3168/2870 6901/3169/2868 7808/3160/2864 6892/3161/2865
f 6246/3172/2872 6905/3175/2873 7811/3174/2874 6920/3173/2875
f 6246/3172/2872 6887/3177/2859 7795/3176/2858 6905/3175/2873
f 6246/3172/2872 6913/3179/2876 7803/3178/2861 6887/3177/2859
f 6246/3172/2872 6920/3173/2875 7819/3180/2877 6913/3179/2876
f 6247/3181/2878 6913/3184/2876 7819/3183/2877 6918/3182/2879
f 6247/3181/2878 6888/3186/2863 7803/3185/2861 6913/3184/2876
f 6247/3181/2878 6915/3087/2833 7804/3088/2837 6888/3186/2863
f 6247/3181/2878 6918/3182/2879 7821/3086/2834 6915/3087/2833
f 6248/3187/2880 6903/3190/2881 7805/3189/2869 6890/3188/2871
f 6248/3187/2880 6917/3192/2879 7820/3191/2882 6903/3190/2881
f 6248/3187/2880 6904/3194/2883 7822/3193/2884 6917/3192/2879
f 6248/3187/2880 6890/3188/2871 7806/3195/2849 6904/3194/2883
f 6249/3196/2879 6914/3197/2885 7820/3191/2882 6917/3192/2879
f 6249/3196/2879 6918/3182/2879 7819/3183/2877 6914/3197/2885
f 6249/3196/2879 6916/3198/2886 7821/3086/2834 6918/3182/2879
f 6249/3196/2879 6917/3192/2879 7822/3193/2884 6916/3198/2886
f 6250/3199/2887 6872/3202/2842 7797/3201/2846 6889/3200/2867
f 6250/3199/2887 6919/3204/2888 7812/3203/2843 6872/3202/2842
f 6250/3199/2887 6903/3206/2881 7820/3205/2882 6919/3204/2888
f 6250/3199/2887 6889/3200/2867 7805/3207/2869 6903/3206/2881
f 6251/3208/2889 6906/3209/2890 7812/3203/2843 6919/3204/2888
f 6251/3208/2889 6920/3173/2875 7811/3174/2874 6906/3209/2890
f 6251/3208/2889 6914/3210/2885 7819/3180/2877 6920/3173/2875
f 6251/3208/2889 6919/3204/2888 7820/3205/2882 6914/3210/2885
f 6252/3211/1304 6884/3214/1304 7799/3213/1262 6878/3212/1262
f 6252/3211/1304 6921/3216/1244 7818/3215/1244 6884/3214/1304
f 6253/3217/1244 6912/3218/1244 7818/3215/1244 6921/3216/1244
f 6253/3217/1244 6922/3106/1244 7817/3104/1244 6912/3218/1244
f 6254/3219/2891 6905/3222/2873 7795/3221/2858 6877/3220/2857
f 6254/3219/2891 6923/3224/2892 7811/3223/2874 6905/3222/2873
f 6254/3219/2891 6884/3214/1304 7818/3215/1244 6923/3224/2892
f 6254/3219/2891 6877/3220/2857 7799/3213/1262 6884/3214/1304
f 6255/3225/2893 6906/3226/2890 7811/3223/2874 6923/3224/2892
f 6255/3225/2893 6924/3097/2844 7812/3098/2843 6906/3226/2890
f 6255/3225/2893 6912/3218/1244 7817/3104/1244 6924/3097/2844
f 6255/3225/2893 6923/3224/2892 7818/3215/1244 6912/3218/1244
f 6256/3227/1308 6883/3230/1308 7816/3229/1220 6925/3228/1220
f 6256/3227/1308 6879/3232/1260 7800/3231/1258 6883/3230/1308
f 6257/3233/1220 6910/3234/1220 7815/3077/1220 6926/3095/1220
f 6257/3233/1220 6925/3228/1220 7816/3229/1220 6910/3234/1220
f 6258/3235/2894 6904/3194/2883 7806/3195/2849 6875/3236/2848
f 6258/3235/2894 6927/3237/2895 7822/3193/2884 6904/3194/2883
f 6258/3235/2894 6874/3239/2829 7814/3238/2831 6927/3237/2895
f 6258/3235/2894 6875/3236/2848 7798/3240/2830 6874/3239/2829
f 6259/3241/2896 6916/3198/2886 7822/3193/2884 6927/3237/2895
f 6259/3241/2896 6928/3085/2835 7821/3086/2834 6916/3198/2886
f 6259/3241/2896 6908/3242/2897 7813/3092/2840 6928/3085/2835
f 6259/3241/2896 6927/3237/2895 7814/3238/2831 6908/3242/2897
f 6260/3243/2898 6883/3230/1308 7800/3231/1258 6873/3244/2855
f 6260/3243/2898 6929/3245/2899 7816/3229/1220 6883/3230/1308
f 6260/3243/2898 6907/3247/2838 7813/3246/2840 6929/3245/2899
f 6260/3243/2898 6873/3244/2855 7796/3248/2839 6907/3247/2838
f 6261/3249/2900 6910/3234/1220 7816/3229/1220 6929/3245/2899
f 6261/3249/2900 6930/3076/2827 7815/3077/1220 6910/3234/1220
f 6261/3249/2900 6908/3250/2897 7814/3083/2831 6930/3076/2827
f 6261/3249/2900 6929/3245/2899 7813/3246/2840 6908/3250/2897
f 6262/3251/2901 6969/3254/1319 7843/3253/1318 6990/3252/2902
f 6262/3251/2901 6936/3256/2903 7830/3255/1320 6969/3254/1319
f 6262/3251/2901 6934/3258/2904 7826/3257/2905 6936/3256/2903
f 6262/3251/2901 6990/3252/2902 7842/3259/2906 6934/3258/2904
f 6263/3260/2907 6975/3263/2908 7849/3262/34 6988/3261/2909
f 6263/3260/2907 6931/3265/2910 7832/3264/2911 6975/3263/2908
f 6263/3260/2907 6967/3267/2912 7824/3266/2913 6931/3265/2910
f 6263/3260/2907 6988/3261/2909 7841/3268/2914 6967/3267/2912
f 6264/3269/1319 6969/3254/1319 7830/3255/1320 6942/3270/1320
f 6264/3269/1319 6986/3271/1318 7843/3253/1318 6969/3254/1319
f 6265/3272/2915 6932/3275/2916 7840/3274/2917 6984/3273/2918
f 6265/3272/2915 6940/3277/2919 7825/3276/2920 6932/3275/2916
f 6265/3272/2915 6971/3279/1340 7829/3278/1339 6940/3277/2919
f 6265/3272/2915 6984/3273/2918 7845/3280/1341 6971/3279/1340
f 6266/3281/1340 6971/3279/1340 7845/3280/1341 6982/3282/1342
f 6266/3281/1340 6941/3283/1343 7829/3278/1339 6971/3279/1340
f 6267/3284/2921 6935/3287/2922 7834/3286/2923 6962/3285/2924
f 6267/3284/2921 6936/3289/2903 7826/3288/2905 6935/3287/2922
f 6267/3284/2921 6951/3291/1348 7830/3290/1320 6936/3289/2903
f 6267/3284/2921 6962/3285/2924 7835/3292/2925 6951/3291/1348
f 6268/3293/1348 6951/3291/1348 7835/3292/2925 6960/3294/1350
f 6268/3293/1348 6942/3295/1320 7830/3290/1320 6951/3291/1348
f 6269/3296/2926 6958/3299/2927 7832/3298/2911 6931/3297/2910
f 6269/3296/2926 6946/3301/1354 7838/3300/1353 6958/3299/2927
f 6269/3296/2926 6933/3303/2928 7828/3302/1355 6946/3301/1354
f 6269/3296/2926 6931/3297/2910 7824/3304/2913 6933/3303/2928
f 6270/3305/1354 6956/3306/1353 7838/3300/1353 6946/3301/1354
f 6270/3305/1354 6946/3301/1354 7828/3302/1355 6939/3307/1355
f 6271/3308/1357 6938/3311/1358 7827/3310/1358 6953/3309/1357
f 6271/3308/1357 6953/3309/1357 7837/3313/1359 6955/3312/1359
f 6272/3314/1360 6955/3312/1359 7837/3313/1359 6954/3315/1360
f 6272/3314/1360 6954/3315/1360 7838/3300/1353 6956/3306/1353
f 6273/3316/2929 6937/3319/2930 7823/3318/2931 6947/3317/2932
f 6273/3316/2929 6953/3309/1357 7827/3310/1358 6937/3319/2930
f 6273/3316/2929 6957/3320/2933 7837/3313/1359 6953/3309/1357
f 6273/3316/2929 6947/3317/2932 7831/3321/2934 6957/3320/2933
f 6274/3322/2935 6957/3320/2933 7831/3321/2934 6948/3323/2936
f 6274/3322/2935 6954/3315/1360 7837/3313/1359 6957/3320/2933
f 6274/3322/2935 6958/3299/2927 7838/3300/1353 6954/3315/1360
f 6274/3322/2935 6948/3323/2936 7832/3298/2911 6958/3299/2927
f 6275/3324/1369 6945/3327/1369 7829/3326/1339 6941/3325/1343
f 6275/3324/1369 6959/3329/1371 7836/3328/2937 6945/3327/1369
f 6276/3330/1372 6952/3331/2938 7836/3328/2937 6959/3329/1371
f 6276/3330/1372 6960/3294/1350 7835/3292/2925 6952/3331/2938
f 6277/3332/2939 6949/3335/2940 7825/3334/2920 6940/3333/2919
f 6277/3332/2939 6961/3337/2941 7833/3336/2942 6949/3335/2940
f 6277/3332/2939 6945/3327/1369 7836/3328/2937 6961/3337/2941
f 6277/3332/2939 6940/3333/2919 7829/3326/1339 6945/3327/1369
f 6278/3338/2943 6950/3339/2944 7833/3336/2942 6961/3337/2941
f 6278/3338/2943 6962/3285/2924 7834/3286/2923 6950/3339/2944
f 6278/3338/2943 6952/3331/2938 7835/3292/2925 6962/3285/2924
f 6278/3338/2943 6961/3337/2941 7836/3328/2937 6952/3331/2938
f 6279/3340/2945 6965/3343/2946 7839/3342/2947 6980/3341/2948
f 6279/3340/2945 6947/3345/2932 7823/3344/2931 6965/3343/2946
f 6279/3340/2945 6973/3347/2949 7831/3346/2934 6947/3345/2932
f 6279/3340/2945 6980/3341/2948 7847/3348/2950 6973/3347/2949
f 6280/3349/2951 6973/3347/2949 7847/3348/2950 6978/3350/2950
f 6280/3349/2951 6948/3351/2936 7831/3346/2934 6973/3347/2949
f 6280/3349/2951 6975/3263/2908 7832/3264/2911 6948/3351/2936
f 6280/3349/2951 6978/3350/2950 7849/3262/34 6975/3263/2908
f 6281/3352/2952 6963/3355/2953 7833/3354/2942 6950/3353/2944
f 6281/3352/2952 6977/3357/2954 7848/3356/2954 6963/3355/2953
f 6281/3352/2952 6964/3359/2955 7850/3358/34 6977/3357/2954
f 6281/3352/2952 6950/3353/2944 7834/3360/2923 6964/3359/2955
f 6282/3361/2956 6974/3362/2956 7848/3356/2954 6977/3357/2954
f 6282/3361/2956 6978/3350/2950 7847/3348/2950 6974/3362/2956
f 6282/3361/2956 6976/3363/34 7849/3262/34 6978/3350/2950
f 6282/3361/2956 6977/3357/2954 7850/3358/34 6976/3363/34
f 6283/3364/2957 6932/3367/2916 7825/3366/2920 6949/3365/2940
f 6283/3364/2957 6979/3369/2958 7840/3368/2917 6932/3367/2916
f 6283/3364/2957 6963/3355/2953 7848/3356/2954 6979/3369/2958
f 6283/3364/2957 6949/3365/2940 7833/3354/2942 6963/3355/2953
f 6284/3370/2959 6966/3371/2960 7840/3368/2917 6979/3369/2958
f 6284/3370/2959 6980/3341/2948 7839/3342/2947 6966/3371/2960
f 6284/3370/2959 6974/3362/2956 7847/3348/2950 6980/3341/2948
f 6284/3370/2959 6979/3369/2958 7848/3356/2954 6974/3362/2956
f 6285/3372/1396 6944/3375/1396 7827/3374/1358 6938/3373/1358
f 6285/3372/1396 6981/3377/1397 7846/3376/1397 6944/3375/1396
f 6286/3378/1341 6972/3379/1341 7846/3376/1397 6981/3377/1397
f 6286/3378/1341 6982/3282/1342 7845/3280/1341 6972/3379/1341
f 6287/3380/2961 6965/3383/2946 7823/3382/2931 6937/3381/2930
f 6287/3380/2961 6983/3385/2962 7839/3384/2947 6965/3383/2946
f 6287/3380/2961 6944/3375/1396 7846/3376/1397 6983/3385/2962
f 6287/3380/2961 6937/3381/2930 7827/3374/1358 6944/3375/1396
f 6288/3386/2963 6966/3387/2960 7839/3384/2947 6983/3385/2962
f 6288/3386/2963 6984/3273/2918 7840/3274/2917 6966/3387/2960
f 6288/3386/2963 6972/3379/1341 7845/3280/1341 6984/3273/2918
f 6288/3386/2963 6983/3385/2962 7846/3376/1397 6972/3379/1341
f 6289/3388/1401 6943/3391/1401 7844/3390/1318 6985/3389/1318
f 6289/3388/1401 6939/3393/1355 7828/3392/1355 6943/3391/1401
f 6290/3394/1318 6970/3395/1318 7843/3253/1318 6986/3271/1318
f 6290/3394/1318 6985/3389/1318 7844/3390/1318 6970/3395/1318
f 6291/3396/2964 6964/3359/2955 7834/3360/2923 6935/3397/2922
f 6291/3396/2964 6987/3398/2965 7850/3358/34 6964/3359/2955
f 6291/3396/2964 6934/3400/2904 7842/3399/2906 6987/3398/2965
f 6291/3396/2964 6935/3397/2922 7826/3401/2905 6934/3400/2904
f 6292/3402/2966 6976/3363/34 7850/3358/34 6987/3398/2965
f 6292/3402/2966 6988/3261/2909 7849/3262/34 6976/3363/34
f 6292/3402/2966 6968/3403/2967 7841/3268/2914 6988/3261/2909
f 6292/3402/2966 6987/3398/2965 7842/3399/2906 6968/3403/2967
f 6293/3404/2968 6943/3391/1401 7828/3392/1355 6933/3405/2928
f 6293/3404/2968 6989/3406/2969 7844/3390/1318 6943/3391/1401
f 6293/3404/2968 6967/3408/2912 7841/3407/2914 6989/3406/2969
f 6293/3404/2968 6933/3405/2928 7824/3409/2913 6967/3408/2912
f 6294/3410/2970 6970/3395/1318 7844/3390/1318 6989/3406/2969
f 6294/3410/2970 6990/3252/2902 7843/3253/1318 6970/3395/1318
f 6294/3410/2970 6968/3411/2967 7842/3259/2906 6990/3252/2902
f 6294/3410/2970 6989/3406/2969 7841/3407/2914 6968/3411/2967
f 6295/3412/2971 7029/3415/1412 7871/3414/1411 7050/3413/2972
f 6295/3412/2971 6996/3417/2973 7858/3416/1413 7029/3415/1412
f 6295/3412/2971 6994/3419/2974 7854/3418/2975 6996/3417/2973
f 6295/3412/2971 7050/3413/2972 7870/3420/2976 6994/3419/2974
f 6296/3421/2977 7035/3424/2978 7877/3423/2979 7048/3422/2980
f 6296/3421/2977 6991/3426/2981 7860/3425/2982 7035/3424/2978
f 6296/3421/2977 7027/3428/2983 7852/3427/2984 6991/3426/2981
f 6296/3421/2977 7048/3422/2980 7869/3429/2985 7027/3428/2983
f 6297/3430/1412 7029/3415/1412 7858/3416/1413 7002/3431/1413
f 6297/3430/1412 7046/3432/1411 7871/3414/1411 7029/3415/1412
f 6298/3433/2986 6992/3436/2987 7868/3435/2988 7044/3434/2989
f 6298/3433/2986 7000/3438/2990 7853/3437/2991 6992/3436/2987
f 6298/3433/2986 7031/3440/1434 7857/3439/1433 7000/3438/2990
f 6298/3433/2986 7044/3434/2989 7873/3441/1435 7031/3440/1434
f 6299/3442/1434 7031/3440/1434 7873/3441/1435 7042/3443/1435
f 6299/3442/1434 7001/3444/1433 7857/3439/1433 7031/3440/1434
f 6300/3445/2992 6995/3448/2993 7862/3447/2994 7022/3446/2995
f 6300/3445/2992 6996/3450/2973 7854/3449/2975 6995/3448/2993
f 6300/3445/2992 7011/3452/1440 7858/3451/1413 6996/3450/2973
f 6300/3445/2992 7022/3446/2995 7863/3453/1441 7011/3452/1440
f 6301/3454/1440 7011/3452/1440 7863/3453/1441 7020/3455/1441
f 6301/3454/1440 7002/3456/1413 7858/3451/1413 7011/3452/1440
f 6302/3457/2996 7018/3460/2997 7860/3459/2982 6991/3458/2981
f 6302/3457/2996 7006/3462/1445 7866/3461/1444 7018/3460/2997
f 6302/3457/2996 6993/3464/2998 7856/3463/1449 7006/3462/1445
f 6302/3457/2996 6991/3458/2981 7852/3465/2984 6993/3464/2998
f 6303/3466/1445 7016/3467/1448 7866/3461/1444 7006/3462/1445
f 6303/3466/1445 7006/3462/1445 7856/3463/1449 6999/3468/1449
f 6304/3469/1450 6998/3472/1451 7855/3471/1451 7013/3470/1450
f 6304/3469/1450 7013/3470/1450 7865/3474/1452 7015/3473/1452
f 6305/3475/1453 7015/3473/1452 7865/3474/1452 7014/3476/1453
f 6305/3475/1453 7014/3476/1453 7866/3461/1444 7016/3467/1448
f 6306/3477/2999 6997/3480/3000 7851/3479/3001 7007/3478/3002
f 6306/3477/2999 7013/3470/1450 7855/3471/1451 6997/3480/3000
f 6306/3477/2999 7017/3481/3003 7865/3474/1452 7013/3470/1450
f 6306/3477/2999 7007/3478/3002 7859/3482/3004 7017/3481/3003
f 6307/3483/3005 7017/3481/3003 7859/3482/3004 7008/3484/3006
f 6307/3483/3005 7014/3476/1453 7865/3474/1452 7017/3481/3003
f 6307/3483/3005 7018/3460/2997 7866/3461/1444 7014/3476/1453
f 6307/3483/3005 7008/3484/3006 7860/3459/2982 7018/3460/2997
f 6308/3485/1462 7005/3488/1462 7857/3487/1433 7001/3486/1433
f 6308/3485/1462 7019/3490/1463 7864/3489/1463 7005/3488/1462
f 6309/3491/1464 7012/3492/1464 7864/3489/1463 7019/3490/1463
f 6309/3491/1464 7020/3455/1441 7863/3453/1441 7012/3492/1464
f 6310/3493/3007 7009/3496/3008 7853/3495/2991 7000/3494/2990
f 6310/3493/3007 7021/3498/3009 7861/3497/3010 7009/3496/3008
f 6310/3493/3007 7005/3488/1462 7864/3489/1463 7021/3498/3009
f 6310/3493/3007 7000/3494/2990 7857/3487/1433 7005/3488/1462
f 6311/3499/3011 7010/3500/3012 7861/3497/3010 7021/3498/3009
f 6311/3499/3011 7022/3446/2995 7862/3447/2994 7010/3500/3012
f 6311/3499/3011 7012/3492/1464 7863/3453/1441 7022/3446/2995
f 6311/3499/3011 7021/3498/3009 7864/3489/1463 7012/3492/1464
f 6312/3501/3013 7025/3504/3014 7867/3503/3015 7040/3502/3016
f 6312/3501/3013 7007/3506/3002 7851/3505/3001 7025/3504/3014
f 6312/3501/3013 7033/3508/3017 7859/3507/3004 7007/3506/3002
f 6312/3501/3013 7040/3502/3016 7875/3509/3018 7033/3508/3017
f 6313/3510/3019 7033/3508/3017 7875/3509/3018 7038/3511/3020
f 6313/3510/3019 7008/3512/3006 7859/3507/3004 7033/3508/3017
f 6313/3510/3019 7035/3424/2978 7860/3425/2982 7008/3512/3006
f 6313/3510/3019 7038/3511/3020 7877/3423/2979 7035/3424/2978
f 6314/3513/3021 7023/3516/3022 7861/3515/3010 7010/3514/3012
f 6314/3513/3021 7037/3518/3023 7876/3517/3024 7023/3516/3022
f 6314/3513/3021 7024/3520/3025 7878/3519/3026 7037/3518/3023
f 6314/3513/3021 7010/3514/3012 7862/3521/2994 7024/3520/3025
f 6315/3522/3020 7034/3523/3018 7876/3517/3024 7037/3518/3023
f 6315/3522/3020 7038/3511/3020 7875/3509/3018 7034/3523/3018
f 6315/3522/3020 7036/3524/3027 7877/3423/2979 7038/3511/3020
f 6315/3522/3020 7037/3518/3023 7878/3519/3026 7036/3524/3027
f 6316/3525/3028 6992/3528/2987 7853/3527/2991 7009/3526/3008
f 6316/3525/3028 7039/3530/3016 7868/3529/2988 6992/3528/2987
f 6316/3525/3028 7023/3516/3022 7876/3517/3024 7039/3530/3016
f 6316/3525/3028 7009/3526/3008 7861/3515/3010 7023/3516/3022
f 6317/3531/3016 7026/3532/3029 7868/3529/2988 7039/3530/3016
f 6317/3531/3016 7040/3502/3016 7867/3503/3015 7026/3532/3029
f 6317/3531/3016 7034/3523/3018 7875/3509/3018 7040/3502/3016
f 6317/3531/3016 7039/3530/3016 7876/3517/3024 7034/3523/3018
f 6318/3533/1488 7004/3536/1488 7855/3535/1451 6998/3534/1451
f 6318/3533/1488 7041/3538/1435 7874/3537/1435 7004/3536/1488
f 6319/3539/1435 7032/3540/1435 7874/3537/1435 7041/3538/1435
f 6319/3539/1435 7042/3443/1435 7873/3441/1435 7032/3540/1435
f 6320/3541/3030 7025/3544/3014 7851/3543/3001 6997/3542/3000
f 6320/3541/3030 7043/3546/3031 7867/3545/3015 7025/3544/3014
f 6320/3541/3030 7004/3536/1488 7874/3537/1435 7043/3546/3031
f 6320/3541/3030 6997/3542/3000 7855/3535/1451 7004/3536/1488
f 6321/3547/3032 7026/3548/3029 7867/3545/3015 7043/3546/3031
f 6321/3547/3032 7044/3434/2989 7868/3435/2988 7026/3548/3029
f 6321/3547/3032 7032/3540/1435 7873/3441/1435 7044/3434/2989
f 6321/3547/3032 7043/3546/3031 7874/3537/1435 7032/3540/1435
f 6322/3549/1492 7003/3552/1492 7872/3551/1411 7045/3550/1411
f 6322/3549/1492 6999/3554/1449 7856/3553/1449 7003/3552/1492
f 6323/3555/1493 7030/3556/1493 7871/3414/1411 7046/3432/1411
f 6323/3555/1493 7045/3550/1411 7872/3551/1411 7030/3556/1493
f 6324/3557/3033 7024/3520/3025 7862/3521/2994 6995/3558/2993
f 6324/3557/3033 7047/3559/3034 7878/3519/3026 7024/3520/3025
f 6324/3557/3033 6994/3561/2974 7870/3560/2976 7047/3559/3034
f 6324/3557/3033 6995/3558/2993 7854/3562/2975 6994/3561/2974
f 6325/3563/3035 7036/3524/3027 7878/3519/3026 7047/3559/3034
f 6325/3563/3035 7048/3422/2980 7877/3423/2979 7036/3524/3027
f 6325/3563/3035 7028/3564/3036 7869/3429/2985 7048/3422/2980
f 6325/3563/3035 7047/3559/3034 7870/3560/2976 7028/3564/3036
f 6326/3565/3037 7003/3552/1492 7856/3553/1449 6993/3566/2998
f 6326/3565/3037 7049/3567/3038 7872/3551/1411 7003/3552/1492
f 6326/3565/3037 7027/3569/2983 7869/3568/2985 7049/3567/3038
f 6326/3565/3037 6993/3566/2998 7852/3570/2984 7027/3569/2983
f 6327/3571/3039 7030/3556/1493 7872/3551/1411 7049/3567/3038
f 6327/3571/3039 7050/3413/2972 7871/3414/1411 7030/3556/1493
f 6327/3571/3039 7028/3572/3036 7870/3420/2976 7050/3413/2972
f 6327/3571/3039 7049/3567/3038 7869/3568/2985 7028/3572/3036
f 6328/3573/3040 7089/3576/1504 7899/3575/1503 7110/3574/3041
f 6328/3573/3040 7056/3578/3042 7886/3577/1505 7089/3576/1504
f 6328/3573/3040 7054/3580/3043 7882/3579/3044 7056/3578/3042
f 6328/3573/3040 7110/3574/3041 7898/3581/3045 7054/3580/3043
f 6329/3582/3046 7095/3585/3047 7905/3584/3048 7108/3583/3049
f 6329/3582/3046 7051/3587/3050 7888/3586/3051 7095/3585/3047
f 6329/3582/3046 7087/3589/3052 7880/3588/3053 7051/3587/3050
f 6329/3582/3046 7108/3583/3049 7897/3590/3054 7087/3589/3052
f 6330/3591/1504 7089/3576/1504 7886/3577/1505 7062/3592/1519
f 6330/3591/1504 7106/3593/1503 7899/3575/1503 7089/3576/1504
f 6331/3594/3055 7052/3597/3056 7896/3596/3057 7104/3595/3058
f 6331/3594/3055 7060/3599/3059 7881/3598/3060 7052/3597/3056
f 6331/3594/3055 7091/3601/1527 7885/3600/1526 7060/3599/3059
f 6331/3594/3055 7104/3595/3058 7901/3602/1528 7091/3601/1527
f 6332/3603/1527 7091/3601/1527 7901/3602/1528 7102/3604/1528
f 6332/3603/1527 7061/3605/1526 7885/3600/1526 7091/3601/1527
f 6333/3606/3061 7055/3609/3062 7890/3608/3063 7082/3607/3064
f 6333/3606/3061 7056/3611/3042 7882/3610/3044 7055/3609/3062
f 6333/3606/3061 7071/3613/1533 7886/3612/1505 7056/3611/3042
f 6333/3606/3061 7082/3607/3064 7891/3614/1534 7071/3613/1533
f 6334/3615/1533 7071/3613/1533 7891/3614/1534 7080/3616/1534
f 6334/3615/1533 7062/3617/1519 7886/3612/1505 7071/3613/1533
f 6335/3618/3065 7078/3621/3066 7888/3620/3051 7051/3619/3050
f 6335/3618/3065 7066/3623/1538 7894/3622/1537 7078/3621/3066
f 6335/3618/3065 7053/3625/3067 7884/3624/1539 7066/3623/1538
f 6335/3618/3065 7051/3619/3050 7880/3626/3053 7053/3625/3067
f 6336/3627/1538 7076/3628/1537 7894/3622/1537 7066/3623/1538
f 6336/3627/1538 7066/3623/1538 7884/3624/1539 7059/3629/1539
f 6337/3630/1541 7058/3633/1543 7883/3632/1542 7073/3631/1541
f 6337/3630/1541 7073/3631/1541 7893/3635/1544 7075/3634/1544
f 6338/3636/1545 7075/3639/1544 7893/3638/1544 7074/3637/1545
f 6338/3636/1545 7074/3637/1545 7894/3622/1537 7076/3628/1537
f 6339/3640/3068 7057/3643/3069 7879/3642/3070 7067/3641/3071
f 6339/3640/3068 7073/3631/1541 7883/3632/1542 7057/3643/3069
f 6339/3640/3068 7077/3644/3072 7893/3635/1544 7073/3631/1541
f 6339/3640/3068 7067/3641/3071 7887/3645/3073 7077/3644/3072
f 6340/3646/3074 7077/3649/3072 7887/3648/3073 7068/3647/3075
f 6340/3646/3074 7074/3637/1545 7893/3638/1544 7077/3649/3072
f 6340/3646/3074 7078/3621/3066 7894/3622/1537 7074/3637/1545
f 6340/3646/3074 7068/3647/3075 7888/3620/3051 7078/3621/3066
f 6341/3650/1554 7065/3653/1554 7885/3652/1526 7061/3651/1526
f 6341/3650/1554 7079/3655/1555 7892/3654/1555 7065/3653/1554
f 6342/3656/1556 7072/3659/1556 7892/3658/1555 7079/3657/1555
f 6342/3656/1556 7080/3616/1534 7891/3614/1534 7072/3659/1556
f 6343/3660/3076 7069/3663/3077 7881/3662/3060 7060/3661/3059
f 6343/3660/3076 7081/3665/3078 7889/3664/3079 7069/3663/3077
f 6343/3660/3076 7065/3653/1554 7892/3654/1555 7081/3665/3078
f 6343/3660/3076 7060/3661/3059 7885/3652/1526 7065/3653/1554
f 6344/3666/3080 7070/3669/3081 7889/3668/3079 7081/3667/3078
f 6344/3666/3080 7082/3607/3064 7890/3608/3063 7070/3669/3081
f 6344/3666/3080 7072/3659/1556 7891/3614/1534 7082/3607/3064
f 6344/3666/3080 7081/3667/3078 7892/3658/1555 7072/3659/1556
f 6345/3670/3082 7085/3673/3083 7895/3672/3084 7100/3671/3085
f 6345/3670/3082 7067/3675/3071 7879/3674/3070 7085/3673/3083
f 6345/3670/3082 7093/3677/3086 7887/3676/3073 7067/3675/3071
f 6345/3670/3082 7100/3671/3085 7903/3678/34 7093/3677/3086
f 6346/3679/3087 7093/3682/3086 7903/3681/34 7098/3680/3048
f 6346/3679/3087 7068/3684/3075 7887/3683/3073 7093/3682/3086
f 6346/3679/3087 7095/3585/3047 7888/3586/3051 7068/3684/3075
f 6346/3679/3087 7098/3680/3048 7905/3584/3048 7095/3585/3047
f 6347/3685/3088 7083/3688/3089 7889/3687/3079 7070/3686/3081
f 6347/3685/3088 7097/3690/3090 7904/3689/34 7083/3688/3089
f 6347/3685/3088 7084/3692/3091 7906/3691/3092 7097/3690/3090
f 6347/3685/3088 7070/3686/3081 7890/3693/3063 7084/3692/3091
f 6348/3694/3093 7094/3695/34 7904/3689/34 7097/3690/3090
f 6348/3694/3093 7098/3680/3048 7903/3681/34 7094/3695/34
f 6348/3694/3093 7096/3696/3093 7905/3584/3048 7098/3680/3048
f 6348/3694/3093 7097/3690/3090 7906/3691/3092 7096/3696/3093
f 6349/3697/3094 7052/3700/3056 7881/3699/3060 7069/3698/3077
f 6349/3697/3094 7099/3702/3095 7896/3701/3057 7052/3700/3056
f 6349/3697/3094 7083/3704/3089 7904/3703/34 7099/3702/3095
f 6349/3697/3094 7069/3698/3077 7889/3705/3079 7083/3704/3089
f 6350/3706/3085 7086/3707/3096 7896/3701/3057 7099/3702/3095
f 6350/3706/3085 7100/3671/3085 7895/3672/3084 7086/3707/3096
f 6350/3706/3085 7094/3708/34 7903/3678/34 7100/3671/3085
f 6350/3706/3085 7099/3702/3095 7904/3703/34 7094/3708/34
f 6351/3709/1577 7064/3712/1577 7883/3711/1542 7058/3710/1543
f 6351/3709/1577 7101/3714/1528 7902/3713/1528 7064/3712/1577
f 6352/3715/1528 7092/3716/1528 7902/3713/1528 7101/3714/1528
f 6352/3715/1528 7102/3604/1528 7901/3602/1528 7092/3716/1528
f 6353/3717/3097 7085/3720/3083 7879/3719/3070 7057/3718/3069
f 6353/3717/3097 7103/3722/3098 7895/3721/3084 7085/3720/3083
f 6353/3717/3097 7064/3712/1577 7902/3713/1528 7103/3722/3098
f 6353/3717/3097 7057/3718/3069 7883/3711/1542 7064/3712/1577
f 6354/3723/3099 7086/3724/3096 7895/3721/3084 7103/3722/3098
f 6354/3723/3099 7104/3595/3058 7896/3596/3057 7086/3724/3096
f 6354/3723/3099 7092/3716/1528 7901/3602/1528 7104/3595/3058
f 6354/3723/3099 7103/3722/3098 7902/3713/1528 7092/3716/1528
f 6355/3725/1581 7063/3728/1581 7900/3727/1503 7105/3726/1503
f 6355/3725/1581 7059/3730/1539 7884/3729/1539 7063/3728/1581
f 6356/3731/1503 7090/3732/1503 7899/3575/1503 7106/3593/1503
f 6356/3731/1503 7105/3726/1503 7900/3727/1503 7090/3732/1503
f 6357/3733/3100 7084/3692/3091 7890/3693/3063 7055/3734/3062
f 6357/3733/3100 7107/3735/3101 7906/3691/3092 7084/3692/3091
f 6357/3733/3100 7054/3737/3043 7898/3736/3045 7107/3735/3101
f 6357/3733/3100 7055/3734/3062 7882/3738/3044 7054/3737/3043
f 6358/3739/3102 7096/3696/3093 7906/3691/3092 7107/3735/3101
f 6358/3739/3102 7108/3583/3049 7905/3584/3048 7096/3696/3093
f 6358/3739/3102 7088/3740/3103 7897/3590/3054 7108/3583/3049
f 6358/3739/3102 7107/3735/3101 7898/3736/3045 7088/3740/3103
f 6359/3741/3104 7063/3728/1581 7884/3729/1539 7053/3742/3067
f 6359/3741/3104 7109/3743/3105 7900/3727/1503 7063/3728/1581
f 6359/3741/3104 7087/3745/3052 7897/3744/3054 7109/3743/3105
f 6359/3741/3104 7053/3742/3067 7880/3746/3053 7087/3745/3052
f 6360/3747/3106 7090/3732/1503 7900/3727/1503 7109/3743/3105
f 6360/3747/3106 7110/3574/3041 7899/3575/1503 7090/3732/1503
f 6360/3747/3106 7088/3748/3103 7898/3581/3045 7110/3574/3041
f 6360/3747/3106 7109/3743/3105 7897/3744/3054 7088/3748/3103
f 6361/3749/3107 7149/3752/1592 7927/3751/1591 7170/3750/3108
f 6361/3749/3107 7116/3754/3109 7914/3753/1593 7149/3752/1592
f 6361/3749/3107 7114/3756/3110 7910/3755/3111 7116/3754/3109
f 6361/3749/3107 7170/3750/3108 7926/3757/3112 7114/3756/3110
f 6362/3758/3113 7155/3761/3114 7933/3760/34 7168/3759/3115
f 6362/3758/3113 7111/3763/3116 7916/3762/3117 7155/3761/3114
f 6362/3758/3113 7147/3765/3118 7908/3764/3119 7111/3763/3116
f 6362/3758/3113 7168/3759/3115 7925/3766/3120 7147/3765/3118
f 6363/3767/1592 7149/3752/1592 7914/3753/1593 7122/3768/1593
f 6363/3767/1592 7166/3769/1591 7927/3751/1591 7149/3752/1592
f 6364/3770/3121 7112/3773/3122 7924/3772/3123 7164/3771/3124
f 6364/3770/3121 7120/3775/3125 7909/3774/3126 7112/3773/3122
f 6364/3770/3121 7151/3777/1613 7913/3776/1612 7120/3775/3125
f 6364/3770/3121 7164/3771/3124 7929/3778/1614 7151/3777/1613
f 6365/3779/1613 7151/3777/1613 7929/3778/1614 7162/3780/1614
f 6365/3779/1613 7121/3781/1612 7913/3776/1612 7151/3777/1613
f 6366/3782/3127 7115/3785/3128 7918/3784/3129 7142/3783/3130
f 6366/3782/3127 7116/3787/3109 7910/3786/3111 7115/3785/3128
f 6366/3782/3127 7131/3789/1619 7914/3788/1593 7116/3787/3109
f 6366/3782/3127 7142/3783/3130 7919/3790/1620 7131/3789/1619
f 6367/3791/1621 7131/3789/1619 7919/3790/1620 7140/3792/1620
f 6367/3791/1621 7122/3793/1593 7914/3788/1593 7131/3789/1619
f 6368/3794/3131 7138/3797/3132 7916/3796/3117 7111/3795/3116
f 6368/3794/3131 7126/3799/1625 7922/3798/1624 7138/3797/3132
f 6368/3794/3131 7113/3801/3133 7912/3800/1626 7126/3799/1625
f 6368/3794/3131 7111/3795/3116 7908/3802/3119 7113/3801/3133
f 6369/3803/1625 7136/3804/1624 7922/3798/1624 7126/3799/1625
f 6369/3803/1625 7126/3799/1625 7912/3800/1626 7119/3805/1628
f 6370/3806/1629 7118/3809/1630 7911/3808/1630 7133/3807/1629
f 6370/3806/1629 7133/3807/1629 7921/3811/1631 7135/3810/1631
f 6371/3812/1632 7135/3810/1631 7921/3811/1631 7134/3813/1632
f 6371/3812/1632 7134/3813/1632 7922/3798/1624 7136/3804/1624
f 6372/3814/3134 7117/3817/3135 7907/3816/3136 7127/3815/3137
f 6372/3814/3134 7133/3807/1629 7911/3808/1630 7117/3817/3135
f 6372/3814/3134 7137/3818/3138 7921/3811/1631 7133/3807/1629
f 6372/3814/3134 7127/3815/3137 7915/3819/3139 7137/3818/3138
f 6373/3820/3140 7137/3818/3138 7915/3819/3139 7128/3821/3141
f 6373/3820/3140 7134/3813/1632 7921/3811/1631 7137/3818/3138
f 6373/3820/3140 7138/3797/3132 7922/3798/1624 7134/3813/1632
f 6373/3820/3140 7128/3821/3141 7916/3796/3117 7138/3797/3132
f 6374/3822/1641 7125/3825/1641 7913/3824/1612 7121/3823/1612
f 6374/3822/1641 7139/3827/1642 7920/3826/1642 7125/3825/1641
f 6375/3828/1643 7132/3829/1643 7920/3826/1642 7139/3827/1642
f 6375/3828/1643 7140/3792/1620 7919/3790/1620 7132/3829/1643
f 6376/3830/3142 7129/3833/3143 7909/3832/3126 7120/3831/3125
f 6376/3830/3142 7141/3835/3144 7917/3834/3145 7129/3833/3143
f 6376/3830/3142 7125/3825/1641 7920/3826/1642 7141/3835/3144
f 6376/3830/3142 7120/3831/3125 7913/3824/1612 7125/3825/1641
f 6377/3836/3146 7130/3837/3147 7917/3834/3145 7141/3835/3144
f 6377/3836/3146 7142/3783/3130 7918/3784/3129 7130/3837/3147
f 6377/3836/3146 7132/3829/1643 7919/3790/1620 7142/3783/3130
f 6377/3836/3146 7141/3835/3144 7920/3826/1642 7132/3829/1643
f 6378/3838/3148 7145/3841/3149 7923/3840/3150 7160/3839/3151
f 6378/3838/3148 7127/3843/3137 7907/3842/3136 7145/3841/3149
f 6378/3838/3148 7153/3845/3152 7915/3844/3139 7127/3843/3137
f 6378/3838/3148 7160/3839/3151 7931/3846/3153 7153/3845/3152
f 6379/3847/3154 7153/3845/3152 7931/3846/3153 7158/3848/3153
f 6379/3847/3154 7128/3849/3141 7915/3844/3139 7153/3845/3152
f 6379/3847/3154 7155/3761/3114 7916/3762/3117 7128/3849/3141
f 6379/3847/3154 7158/3848/3153 7933/3760/34 7155/3761/3114
f 6380/3850/3155 7143/3853/3156 7917/3852/3145 7130/3851/3147
f 6380/3850/3155 7157/3855/3157 7932/3854/3157 7143/3853/3156
f 6380/3850/3155 7144/3857/3158 7934/3856/34 7157/3855/3157
f 6380/3850/3155 7130/3851/3147 7918/3858/3129 7144/3857/3158
f 6381/3859/3159 7154/3860/3159 7932/3854/3157 7157/3855/3157
f 6381/3859/3159 7158/3848/3153 7931/3846/3153 7154/3860/3159
f 6381/3859/3159 7156/3861/34 7933/3760/34 7158/3848/3153
f 6381/3859/3159 7157/3855/3157 7934/3856/34 7156/3861/34
f 6382/3862/3160 7112/3865/3122 7909/3864/3126 7129/3863/3143
f 6382/3862/3160 7159/3867/3161 7924/3866/3123 7112/3865/3122
f 6382/3862/3160 7143/3853/3156 7932/3854/3157 7159/3867/3161
f 6382/3862/3160 7129/3863/3143 7917/3852/3145 7143/3853/3156
f 6383/3868/3161 7146/3869/3162 7924/3866/3123 7159/3867/3161
f 6383/3868/3161 7160/3839/3151 7923/3840/3150 7146/3869/3162
f 6383/3868/3161 7154/3860/3159 7931/3846/3153 7160/3839/3151
f 6383/3868/3161 7159/3867/3161 7932/3854/3157 7154/3860/3159
f 6384/3870/1665 7124/3873/1665 7911/3872/1630 7118/3871/1630
f 6384/3870/1665 7161/3875/1614 7930/3874/1614 7124/3873/1665
f 6385/3876/1614 7152/3877/1614 7930/3874/1614 7161/3875/1614
f 6385/3876/1614 7162/3780/1614 7929/3778/1614 7152/3877/1614
f 6386/3878/3163 7145/3881/3149 7907/3880/3136 7117/3879/3135
f 6386/3878/3163 7163/3883/3164 7923/3882/3150 7145/3881/3149
f 6386/3878/3163 7124/3873/1665 7930/3874/1614 7163/3883/3164
f 6386/3878/3163 7117/3879/3135 7911/3872/1630 7124/3873/1665
f 6387/3884/3124 7146/3885/3162 7923/3882/3150 7163/3883/3164
f 6387/3884/3124 7164/3771/3124 7924/3772/3123 7146/3885/3162
f 6387/3884/3124 7152/3877/1614 7929/3778/1614 7164/3771/3124
f 6387/3884/3124 7163/3883/3164 7930/3874/1614 7152/3877/1614
f 6388/3886/1668 7123/3889/1668 7928/3888/1591 7165/3887/1591
f 6388/3886/1668 7119/3891/1628 7912/3890/1626 7123/3889/1668
f 6389/3892/1591 7150/3893/1591 7927/3751/1591 7166/3769/1591
f 6389/3892/1591 7165/3887/1591 7928/3888/1591 7150/3893/1591
f 6390/3894/3165 7144/3857/3158 7918/3858/3129 7115/3895/3128
f 6390/3894/3165 7167/3896/3166 7934/3856/34 7144/3857/3158
f 6390/3894/3165 7114/3898/3110 7926/3897/3112 7167/3896/3166
f 6390/3894/3165 7115/3895/3128 7910/3899/3111 7114/3898/3110
f 6391/3900/3115 7156/3861/34 7934/3856/34 7167/3896/3166
f 6391/3900/3115 7168/3759/3115 7933/3760/34 7156/3861/34
f 6391/3900/3115 7148/3901/3167 7925/3766/3120 7168/3759/3115
f 6391/3900/3115 7167/3896/3166 7926/3897/3112 7148/3901/3167
f 6392/3902/3168 7123/3889/1668 7912/3890/1626 7113/3903/3133
f 6392/3902/3168 7169/3904/3169 7928/3888/1591 7123/3889/1668
f 6392/3902/3168 7147/3906/3118 7925/3905/3120 7169/3904/3169
f 6392/3902/3168 7113/3903/3133 7908/3907/3119 7147/3906/3118
f 6393/3908/3169 7150/3893/1591 7928/3888/1591 7169/3904/3169
f 6393/3908/3169 7170/3750/3108 7927/3751/1591 7150/3893/1591
f 6393/3908/3169 7148/3909/3167 7926/3757/3112 7170/3750/3108
f 6393/3908/3169 7169/3904/3169 7925/3905/3120 7148/3909/3167
f 6394/3910/3170 7209/3913/1677 7955/3912/1676 7230/3911/3171
f 6394/3910/3170 7176/3915/3172 7942/3914/1678 7209/3913/1677
f 6394/3910/3170 7174/3917/3173 7938/3916/3174 7176/3915/3172
f 6394/3910/3170 7230/3911/3171 7954/3918/3175 7174/3917/3173
f 6395/3919/3176 7215/3922/3177 7961/3921/3178 7228/3920/3179
f 6395/3919/3176 7171/3924/3180 7944/3923/3181 7215/3922/3177
f 6395/3919/3176 7207/3926/3182 7936/3925/3183 7171/3924/3180
f 6395/3919/3176 7228/3920/3179 7953/3927/3184 7207/3926/3182
f 6396/3928/1677 7209/3913/1677 7942/3914/1678 7182/3929/1678
f 6396/3928/1677 7226/3930/1676 7955/3912/1676 7209/3913/1677
f 6397/3931/3185 7172/3934/3186 7952/3933/3187 7224/3932/3188
f 6397/3931/3185 7180/3936/3189 7937/3935/3190 7172/3934/3186
f 6397/3931/3185 7211/3938/1699 7941/3937/1698 7180/3936/3189
f 6397/3931/3185 7224/3932/3188 7957/3939/1700 7211/3938/1699
f 6398/3940/1699 7211/3938/1699 7957/3939/1700 7222/3941/1700
f 6398/3940/1699 7181/3942/1701 7941/3937/1698 7211/3938/1699
f 6399/3943/3191 7175/3946/3192 7946/3945/3193 7202/3944/3194
f 6399/3943/3191 7176/3948/3172 7938/3947/3174 7175/3946/3192
f 6399/3943/3191 7191/3950/1706 7942/3949/1678 7176/3948/3172
f 6399/3943/3191 7202/3944/3194 7947/3951/1707 7191/3950/1706
f 6400/3952/1706 7191/3950/1706 7947/3951/1707 7200/3953/1707
f 6400/3952/1706 7182/3954/1678 7942/3949/1678 7191/3950/1706
f 6401/3955/3195 7198/3958/3196 7944/3957/3181 7171/3956/3180
f 6401/3955/3195 7186/3960/1711 7950/3959/1710 7198/3958/3196
f 6401/3955/3195 7173/3962/3197 7940/3961/1712 7186/3960/1711
f 6401/3955/3195 7171/3956/3180 7936/3963/3183 7173/3962/3197
f 6402/3964/1711 7196/3965/1710 7950/3959/1710 7186/3960/1711
f 6402/3964/1711 7186/3960/1711 7940/3961/1712 7179/3966/1712
f 6403/3967/1714 7178/3970/1716 7939/3969/1716 7193/3968/1714
f 6403/3967/1714 7193/3968/1714 7949/3972/1717 7195/3971/1717
f 6404/3973/1718 7195/3971/1717 7949/3972/1717 7194/3974/1718
f 6404/3973/1718 7194/3974/1718 7950/3959/1710 7196/3965/1710
f 6405/3975/3198 7177/3978/3199 7935/3977/3200 7187/3976/3201
f 6405/3975/3198 7193/3968/1714 7939/3969/1716 7177/3978/3199
f 6405/3975/3198 7197/3979/3202 7949/3972/1717 7193/3968/1714
f 6405/3975/3198 7187/3976/3201 7943/3980/3203 7197/3979/3202
f 6406/3981/3204 7197/3979/3202 7943/3980/3203 7188/3982/3205
f 6406/3981/3204 7194/3974/1718 7949/3972/1717 7197/3979/3202
f 6406/3981/3204 7198/3958/3196 7950/3959/1710 7194/3974/1718
f 6406/3981/3204 7188/3982/3205 7944/3957/3181 7198/3958/3196
f 6407/3983/1727 7185/3986/1727 7941/3985/1698 7181/3984/1701
f 6407/3983/1727 7199/3988/1728 7948/3987/1728 7185/3986/1727
f 6408/3989/1729 7192/3990/1729 7948/3987/1728 7199/3988/1728
f 6408/3989/1729 7200/3953/1707 7947/3951/1707 7192/3990/1729
f 6409/3991/3206 7189/3994/3207 7937/3993/3190 7180/3992/3189
f 6409/3991/3206 7201/3996/3208 7945/3995/3209 7189/3994/3207
f 6409/3991/3206 7185/3986/1727 7948/3987/1728 7201/3996/3208
f 6409/3991/3206 7180/3992/3189 7941/3985/1698 7185/3986/1727
f 6410/3997/3210 7190/3998/3211 7945/3995/3209 7201/3996/3208
f 6410/3997/3210 7202/3944/3194 7946/3945/3193 7190/3998/3211
f 6410/3997/3210 7192/3990/1729 7947/3951/1707 7202/3944/3194
f 6410/3997/3210 7201/3996/3208 7948/3987/1728 7192/3990/1729
f 6411/3999/3212 7205/4002/3213 7951/4001/3214 7220/4000/3215
f 6411/3999/3212 7187/4004/3201 7935/4003/3200 7205/4002/3213
f 6411/3999/3212 7213/4006/3216 7943/4005/3203 7187/4004/3201
f 6411/3999/3212 7220/4000/3215 7959/4007/3217 7213/4006/3216
f 6412/4008/3218 7213/4006/3216 7959/4007/3217 7218/4009/3178
f 6412/4008/3218 7188/4010/3205 7943/4005/3203 7213/4006/3216
f 6412/4008/3218 7215/3922/3177 7944/3923/3181 7188/4010/3205
f 6412/4008/3218 7218/4009/3178 7961/3921/3178 7215/3922/3177
f 6413/4011/3219 7203/4014/3220 7945/4013/3209 7190/4012/3211
f 6413/4011/3219 7217/4016/3221 7960/4015/3222 7203/4014/3220
f 6413/4011/3219 7204/4018/3223 7962/4017/3221 7217/4016/3221
f 6413/4011/3219 7190/4012/3211 7946/4019/3193 7204/4018/3223
f 6414/4020/3221 7214/4021/3224 7960/4015/3222 7217/4016/3221
f 6414/4020/3221 7218/4009/3178 7959/4007/3217 7214/4021/3224
f 6414/4020/3221 7216/4022/3221 7961/3921/3178 7218/4009/3178
f 6414/4020/3221 7217/4016/3221 7962/4017/3221 7216/4022/3221
f 6415/4023/3225 7172/4026/3186 7937/4025/3190 7189/4024/3207
f 6415/4023/3225 7219/4028/3226 7952/4027/3187 7172/4026/3186
f 6415/4023/3225 7203/4014/3220 7960/4015/3222 7219/4028/3226
f 6415/4023/3225 7189/4024/3207 7945/4013/3209 7203/4014/3220
f 6416/4029/3227 7206/4030/3228 7952/4027/3187 7219/4028/3226
f 6416/4029/3227 7220/4000/3215 7951/4001/3214 7206/4030/3228
f 6416/4029/3227 7214/4021/3224 7959/4007/3217 7220/4000/3215
f 6416/4029/3227 7219/4028/3226 7960/4015/3222 7214/4021/3224
f 6417/4031/1753 7184/4034/1753 7939/4033/1716 7178/4032/1716
f 6417/4031/1753 7221/4036/1700 7958/4035/1700 7184/4034/1753
f 6418/4037/1700 7212/4038/1700 7958/4035/1700 7221/4036/1700
f 6418/4037/1700 7222/3941/1700 7957/3939/1700 7212/4038/1700
f 6419/4039/3229 7205/4042/3213 7935/4041/3200 7177/4040/3199
f 6419/4039/3229 7223/4044/3230 7951/4043/3214 7205/4042/3213
f 6419/4039/3229 7184/4034/1753 7958/4035/1700 7223/4044/3230
f 6419/4039/3229 7177/4040/3199 7939/4033/1716 7184/4034/1753
f 6420/4045/3188 7206/4046/3228 7951/4043/3214 7223/4044/3230
f 6420/4045/3188 7224/3932/3188 7952/3933/3187 7206/4046/3228
f 6420/4045/3188 7212/4038/1700 7957/3939/1700 7224/3932/3188
f 6420/4045/3188 7223/4044/3230 7958/4035/1700 7212/4038/1700
f 6421/4047/1756 7183/4050/1756 7956/4049/1676 7225/4048/1676
f 6421/4047/1756 7179/4052/1712 7940/4051/1712 7183/4050/1756
f 6422/4053/1676 7210/4054/1676 7955/3912/1676 7226/3930/1676
f 6422/4053/1676 7225/4048/1676 7956/4049/1676 7210/4054/1676
f 6423/4055/3231 7204/4018/3223 7946/4019/3193 7175/4056/3192
f 6423/4055/3231 7227/4057/3232 7962/4017/3221 7204/4018/3223
f 6423/4055/3231 7174/4059/3173 7954/4058/3175 7227/4057/3232
f 6423/4055/3231 7175/4056/3192 7938/4060/3174 7174/4059/3173
f 6424/4061/3179 7216/4022/3221 7962/4017/3221 7227/4057/3232
f 6424/4061/3179 7228/3920/3179 7961/3921/3178 7216/4022/3221
f 6424/4061/3179 7208/4062/3184 7953/3927/3184 7228/3920/3179
f 6424/4061/3179 7227/4057/3232 7954/4058/3175 7208/4062/3184
f 6425/4063/3233 7183/4050/1756 7940/4051/1712 7173/4064/3197
f 6425/4063/3233 7229/4065/3171 7956/4049/1676 7183/4050/1756
f 6425/4063/3233 7207/4067/3182 7953/4066/3184 7229/4065/3171
f 6425/4063/3233 7173/4064/3197 7936/4068/3183 7207/4067/3182
f 6426/4069/3171 7210/4054/1676 7956/4049/1676 7229/4065/3171
f 6426/4069/3171 7230/3911/3171 7955/3912/1676 7210/4054/1676
f 6426/4069/3171 7208/4070/3184 7954/3918/3175 7230/3911/3171
f 6426/4069/3171 7229/4065/3171 7953/4066/3184 7208/4070/3184
f 6427/4071/3234 7269/4074/1764 7983/4073/1763 7290/4072/3235
f 6427/4071/3234 7236/4076/3236 7970/4075/1765 7269/4074/1764
f 6427/4071/3234 7234/4078/3237 7966/4077/3238 7236/4076/3236
f 6427/4071/3234 7290/4072/3235 7982/4079/3239 7234/4078/3237
f 6428/4080/3240 7275/4083/3241 7989/4082/3242 7288/4081/3243
f 6428/4080/3240 7231/4085/3244 7972/4084/3245 7275/4083/3241
f 6428/4080/3240 7267/4087/3246 7964/4086/3247 7231/4085/3244
f 6428/4080/3240 7288/4081/3243 7981/4088/3248 7267/4087/3246
f 6429/4089/1764 7269/4074/1764 7970/4075/1765 7242/4090/1765
f 6429/4089/1764 7286/4091/1763 7983/4073/1763 7269/4074/1764
f 6430/4092/3249 7232/4095/3250 7980/4094/3251 7284/4093/3252
f 6430/4092/3249 7240/4097/3253 7965/4096/3254 7232/4095/3250
f 6430/4092/3249 7271/4099/1786 7969/4098/1785 7240/4097/3253
f 6430/4092/3249 7284/4093/3252 7985/4100/1787 7271/4099/1786
f 6431/4101/1786 7271/4099/1786 7985/4100/1787 7282/4102/1787
f 6431/4101/1786 7241/4103/1785 7969/4098/1785 7271/4099/1786
f 6432/4104/3255 7235/4107/3256 7974/4106/3257 7262/4105/3258
f 6432/4104/3255 7236/4109/3236 7966/4108/3238 7235/4107/3256
f 6432/4104/3255 7251/4111/3259 7970/4110/1765 7236/4109/3236
f 6432/4104/3255 7262/4105/3258 7975/4112/3260 7251/4111/3259
f 6433/4113/1794 7251/4111/3259 7975/4112/3260 7260/4114/1795
f 6433/4113/1794 7242/4115/1765 7970/4110/1765 7251/4111/3259
f 6434/4116/3261 7258/4119/3262 7972/4118/3245 7231/4117/3244
f 6434/4116/3261 7246/4121/3263 7978/4120/3264 7258/4119/3262
f 6434/4116/3261 7233/4123/3265 7968/4122/1800 7246/4121/3263
f 6434/4116/3261 7231/4117/3244 7964/4124/3247 7233/4123/3265
f 6435/4125/1802 7256/4126/1803 7978/4120/3264 7246/4121/3263
f 6435/4125/1802 7246/4121/3263 7968/4122/1800 7239/4127/1800
f 6436/4128/1804 7238/4131/1805 7967/4130/1805 7253/4129/1804
f 6436/4128/1804 7253/4129/1804 7977/4133/3266 7255/4132/1806
f 6437/4134/1808 7255/4137/1806 7977/4136/3266 7254/4135/3267
f 6437/4134/1808 7254/4135/3267 7978/4120/3264 7256/4126/1803
f 6438/4138/3268 7237/4141/3269 7963/4140/3270 7247/4139/3271
f 6438/4138/3268 7253/4129/1804 7967/4130/1805 7237/4141/3269
f 6438/4138/3268 7257/4142/3272 7977/4133/3266 7253/4129/1804
f 6438/4138/3268 7247/4139/3271 7971/4143/3273 7257/4142/3272
f 6439/4144/3274 7257/4147/3272 7971/4146/3273 7248/4145/3275
f 6439/4144/3274 7254/4135/3267 7977/4136/3266 7257/4147/3272
f 6439/4144/3274 7258/4119/3262 7978/4120/3264 7254/4135/3267
f 6439/4144/3274 7248/4145/3275 7972/4118/3245 7258/4119/3262
f 6440/4148/1818 7245/4151/1818 7969/4150/1785 7241/4149/1785
f 6440/4148/1818 7259/4153/1820 7976/4152/3276 7245/4151/1818
f 6441/4154/1821 7252/4157/3277 7976/4156/3276 7259/4155/1820
f 6441/4154/1821 7260/4114/1795 7975/4112/3260 7252/4157/3277
f 6442/4158/3278 7249/4161/3279 7965/4160/3254 7240/4159/3253
f 6442/4158/3278 7261/4163/3280 7973/4162/3281 7249/4161/3279
f 6442/4158/3278 7245/4151/1818 7976/4152/3276 7261/4163/3280
f 6442/4158/3278 7240/4159/3253 7969/4150/1785 7245/4151/1818
f 6443/4164/3282 7250/4167/3283 7973/4166/3281 7261/4165/3280
f 6443/4164/3282 7262/4105/3258 7974/4106/3257 7250/4167/3283
f 6443/4164/3282 7252/4157/3277 7975/4112/3260 7262/4105/3258
f 6443/4164/3282 7261/4165/3280 7976/4156/3276 7252/4157/3277
f 6444/4168/3284 7265/4171/3285 7979/4170/3286 7280/4169/3287
f 6444/4168/3284 7247/4173/3271 7963/4172/3270 7265/4171/3285
f 6444/4168/3284 7273/4175/3288 7971/4174/3273 7247/4173/3271
f 6444/4168/3284 7280/4169/3287 7987/4176/34 7273/4175/3288
f 6445/4177/3289 7273/4180/3288 7987/4179/34 7278/4178/3242
f 6445/4177/3289 7248/4182/3275 7971/4181/3273 7273/4180/3288
f 6445/4177/3289 7275/4083/3241 7972/4084/3245 7248/4182/3275
f 6445/4177/3289 7278/4178/3242 7989/4082/3242 7275/4083/3241
f 6446/4183/3290 7263/4186/3291 7973/4185/3281 7250/4184/3283
f 6446/4183/3290 7277/4188/3292 7988/4187/34 7263/4186/3291
f 6446/4183/3290 7264/4190/3293 7990/4189/3292 7277/4188/3292
f 6446/4183/3290 7250/4184/3283 7974/4191/3257 7264/4190/3293
f 6447/4192/3242 7274/4193/34 7988/4187/34 7277/4188/3292
f 6447/4192/3242 7278/4178/3242 7987/4179/34 7274/4193/34
f 6447/4192/3242 7276/4194/3242 7989/4082/3242 7278/4178/3242
f 6447/4192/3242 7277/4188/3292 7990/4189/3292 7276/4194/3242
f 6448/4195/3294 7232/4198/3250 7965/4197/3254 7249/4196/3279
f 6448/4195/3294 7279/4200/3295 7980/4199/3251 7232/4198/3250
f 6448/4195/3294 7263/4202/3291 7988/4201/34 7279/4200/3295
f 6448/4195/3294 7249/4196/3279 7973/4203/3281 7263/4202/3291
f 6449/4204/3295 7266/4205/3296 7980/4199/3251 7279/4200/3295
f 6449/4204/3295 7280/4169/3287 7979/4170/3286 7266/4205/3296
f 6449/4204/3295 7274/4206/34 7987/4176/34 7280/4169/3287
f 6449/4204/3295 7279/4200/3295 7988/4201/34 7274/4206/34
f 6450/4207/1842 7244/4210/1842 7967/4209/1805 7238/4208/1805
f 6450/4207/1842 7281/4212/1787 7986/4211/1787 7244/4210/1842
f 6451/4213/1787 7272/4214/1787 7986/4211/1787 7281/4212/1787
f 6451/4213/1787 7282/4102/1787 7985/4100/1787 7272/4214/1787
f 6452/4215/3297 7265/4218/3285 7963/4217/3270 7237/4216/3269
f 6452/4215/3297 7283/4220/3298 7979/4219/3286 7265/4218/3285
f 6452/4215/3297 7244/4210/1842 7986/4211/1787 7283/4220/3298
f 6452/4215/3297 7237/4216/3269 7967/4209/1805 7244/4210/1842
f 6453/4221/3298 7266/4222/3296 7979/4219/3286 7283/4220/3298
f 6453/4221/3298 7284/4093/3252 7980/4094/3251 7266/4222/3296
f 6453/4221/3298 7272/4214/1787 7985/4100/1787 7284/4093/3252
f 6453/4221/3298 7283/4220/3298 7986/4211/1787 7272/4214/1787
f 6454/4223/1845 7243/4226/1846 7984/4225/1763 7285/4224/1763
f 6454/4223/1845 7239/4228/1800 7968/4227/1800 7243/4226/1846
f 6455/4229/1763 7270/4230/1763 7983/4073/1763 7286/4091/1763
f 6455/4229/1763 7285/4224/1763 7984/4225/1763 7270/4230/1763
f 6456/4231/3299 7264/4190/3293 7974/4191/3257 7235/4232/3256
f 6456/4231/3299 7287/4233/3300 7990/4189/3292 7264/4190/3293
f 6456/4231/3299 7234/4235/3237 7982/4234/3239 7287/4233/3300
f 6456/4231/3299 7235/4232/3256 7966/4236/3238 7234/4235/3237
f 6457/4237/3243 7276/4194/3242 7990/4189/3292 7287/4233/3300
f 6457/4237/3243 7288/4081/3243 7989/4082/3242 7276/4194/3242
f 6457/4237/3243 7268/4238/3301 7981/4088/3248 7288/4081/3243
f 6457/4237/3243 7287/4233/3300 7982/4234/3239 7268/4238/3301
f 6458/4239/3302 7243/4226/1846 7968/4227/1800 7233/4240/3265
f 6458/4239/3302 7289/4241/3235 7984/4225/1763 7243/4226/1846
f 6458/4239/3302 7267/4243/3246 7981/4242/3248 7289/4241/3235
f 6458/4239/3302 7233/4240/3265 7964/4244/3247 7267/4243/3246
f 6459/4245/3235 7270/4230/1763 7984/4225/1763 7289/4241/3235
f 6459/4245/3235 7290/4072/3235 7983/4073/1763 7270/4230/1763
f 6459/4245/3235 7268/4246/3301 7982/4079/3239 7290/4072/3235
f 6459/4245/3235 7289/4241/3235 7981/4242/3248 7268/4246/3301
f 6460/4247/3303 7329/4250/1854 8011/4249/1853 7350/4248/3304
f 6460/4247/3303 7296/4252/3305 7998/4251/1855 7329/4250/1854
f 6460/4247/3303 7294/4254/3306 7994/4253/3307 7296/4252/3305
f 6460/4247/3303 7350/4248/3304 8010/4255/3308 7294/4254/3306
f 6461/4256/3309 7335/4259/3310 8017/4258/34 7348/4257/3311
f 6461/4256/3309 7291/4261/3312 8000/4260/3313 7335/4259/3310
f 6461/4256/3309 7327/4263/3314 7992/4262/3315 7291/4261/3312
f 6461/4256/3309 7348/4257/3311 8009/4264/3316 7327/4263/3314
f 6462/4265/1854 7329/4250/1854 7998/4251/1855 7302/4266/1855
f 6462/4265/1854 7346/4267/1853 8011/4249/1853 7329/4250/1854
f 6463/4268/3317 7292/4271/3318 8008/4270/3319 7344/4269/3320
f 6463/4268/3317 7300/4273/3321 7993/4272/3322 7292/4271/3318
f 6463/4268/3317 7331/4275/3323 7997/4274/3324 7300/4273/3321
f 6463/4268/3317 7344/4269/3320 8013/4276/3325 7331/4275/3323
f 6464/4277/1877 7331/4275/3323 8013/4276/3325 7342/4278/1878
f 6464/4277/1877 7301/4279/1879 7997/4274/3324 7331/4275/3323
f 6465/4280/3326 7295/4283/3327 8002/4282/3328 7322/4281/3329
f 6465/4280/3326 7296/4285/3305 7994/4284/3307 7295/4283/3327
f 6465/4280/3326 7311/4287/1884 7998/4286/1855 7296/4285/3305
f 6465/4280/3326 7322/4281/3329 8003/4288/3330 7311/4287/1884
f 6466/4289/1884 7311/4287/1884 8003/4288/3330 7320/4290/1886
f 6466/4289/1884 7302/4291/1855 7998/4286/1855 7311/4287/1884
f 6467/4292/3331 7318/4295/3332 8000/4294/3313 7291/4293/3312
f 6467/4292/3331 7306/4297/1890 8006/4296/1889 7318/4295/3332
f 6467/4292/3331 7293/4299/3333 7996/4298/1891 7306/4297/1890
f 6467/4292/3331 7291/4293/3312 7992/4300/3315 7293/4299/3333
f 6468/4301/1890 7316/4302/1889 8006/4296/1889 7306/4297/1890
f 6468/4301/1890 7306/4297/1890 7996/4298/1891 7299/4303/1893
f 6469/4304/1894 7298/4307/1897 7995/4306/3334 7313/4305/3335
f 6469/4304/1894 7313/4305/3335 8005/4309/3336 7315/4308/294
f 6470/4310/1899 7315/4308/294 8005/4309/3336 7314/4311/3337
f 6470/4310/1899 7314/4311/3337 8006/4296/1889 7316/4302/1889
f 6471/4312/3338 7297/4315/3339 7991/4314/3340 7307/4313/3341
f 6471/4312/3338 7313/4305/3335 7995/4306/3334 7297/4315/3339
f 6471/4312/3338 7317/4316/3342 8005/4309/3336 7313/4305/3335
f 6471/4312/3338 7307/4313/3341 7999/4317/3343 7317/4316/3342
f 6472/4318/3344 7317/4316/3342 7999/4317/3343 7308/4319/3345
f 6472/4318/3344 7314/4311/3337 8005/4309/3336 7317/4316/3342
f 6472/4318/3344 7318/4295/3332 8006/4296/1889 7314/4311/3337
f 6472/4318/3344 7308/4319/3345 8000/4294/3313 7318/4295/3332
f 6473/4320/1909 7305/4323/3346 7997/4322/3324 7301/4321/1879
f 6473/4320/1909 7319/4325/1912 8004/4324/3347 7305/4323/3346
f 6474/4326/1913 7312/4327/3348 8004/4324/3347 7319/4325/1912
f 6474/4326/1913 7320/4290/1886 8003/4288/3330 7312/4327/3348
f 6475/4328/3349 7309/4331/3350 7993/4330/3322 7300/4329/3321
f 6475/4328/3349 7321/4333/3351 8001/4332/3352 7309/4331/3350
f 6475/4328/3349 7305/4323/3346 8004/4324/3347 7321/4333/3351
f 6475/4328/3349 7300/4329/3321 7997/4322/3324 7305/4323/3346
f 6476/4334/3353 7310/4335/3354 8001/4332/3352 7321/4333/3351
f 6476/4334/3353 7322/4281/3329 8002/4282/3328 7310/4335/3354
f 6476/4334/3353 7312/4327/3348 8003/4288/3330 7322/4281/3329
f 6476/4334/3353 7321/4333/3351 8004/4324/3347 7312/4327/3348
f 6477/4336/3355 7325/4339/3356 8007/4338/3357 7340/4337/3358
f 6477/4336/3355 7307/4341/3341 7991/4340/3340 7325/4339/3356
f 6477/4336/3355 7333/4343/3359 7999/4342/3343 7307/4341/3341
f 6477/4336/3355 7340/4337/3358 8015/4344/3360 7333/4343/3359
f 6478/4345/3361 7333/4343/3359 8015/4344/3360 7338/4346/3362
f 6478/4345/3361 7308/4347/3345 7999/4342/3343 7333/4343/3359
f 6478/4345/3361 7335/4259/3310 8000/4260/3313 7308/4347/3345
f 6478/4345/3361 7338/4346/3362 8017/4258/34 7335/4259/3310
f 6479/4348/3363 7323/4351/3364 8001/4350/3352 7310/4349/3354
f 6479/4348/3363 7337/4353/3365 8016/4352/3365 7323/4351/3364
f 6479/4348/3363 7324/4355/3366 8018/4354/34 7337/4353/3365
f 6479/4348/3363 7310/4349/3354 8002/4356/3328 7324/4355/3366
f 6480/4357/3360 7334/4358/3360 8016/4352/3365 7337/4353/3365
f 6480/4357/3360 7338/4346/3362 8015/4344/3360 7334/4358/3360
f 6480/4357/3360 7336/4359/34 8017/4258/34 7338/4346/3362
f 6480/4357/3360 7337/4353/3365 8018/4354/34 7336/4359/34
f 6481/4360/3367 7292/4363/3318 7993/4362/3322 7309/4361/3350
f 6481/4360/3367 7339/4365/3368 8008/4364/3319 7292/4363/3318
f 6481/4360/3367 7323/4351/3364 8016/4352/3365 7339/4365/3368
f 6481/4360/3367 7309/4361/3350 8001/4350/3352 7323/4351/3364
f 6482/4366/3369 7326/4367/3370 8008/4364/3319 7339/4365/3368
f 6482/4366/3369 7340/4337/3358 8007/4338/3357 7326/4367/3370
f 6482/4366/3369 7334/4358/3360 8015/4344/3360 7340/4337/3358
f 6482/4366/3369 7339/4365/3368 8016/4352/3365 7334/4358/3360
f 6483/4368/1937 7304/4371/3371 7995/4370/3334 7298/4369/1897
f 6483/4368/1937 7341/4373/1940 8014/4372/3372 7304/4371/3371
f 6484/4374/1878 7332/4375/3325 8014/4372/3372 7341/4373/1940
f 6484/4374/1878 7342/4278/1878 8013/4276/3325 7332/4375/3325
f 6485/4376/3373 7325/4379/3356 7991/4378/3340 7297/4377/3339
f 6485/4376/3373 7343/4381/3374 8007/4380/3357 7325/4379/3356
f 6485/4376/3373 7304/4371/3371 8014/4372/3372 7343/4381/3374
f 6485/4376/3373 7297/4377/3339 7995/4370/3334 7304/4371/3371
f 6486/4382/3375 7326/4383/3370 8007/4380/3357 7343/4381/3374
f 6486/4382/3375 7344/4269/3320 8008/4270/3319 7326/4383/3370
f 6486/4382/3375 7332/4375/3325 8013/4276/3325 7344/4269/3320
f 6486/4382/3375 7343/4381/3374 8014/4372/3372 7332/4375/3325
f 6487/4384/1944 7303/4387/1944 8012/4386/1853 7345/4385/1853
f 6487/4384/1944 7299/4389/1893 7996/4388/1891 7303/4387/1944
f 6488/4390/1853 7330/4391/1853 8011/4249/1853 7346/4267/1853
f 6488/4390/1853 7345/4385/1853 8012/4386/1853 7330/4391/1853
f 6489/4392/3376 7324/4355/3366 8002/4356/3328 7295/4393/3327
f 6489/4392/3376 7347/4394/3377 8018/4354/34 7324/4355/3366
f 6489/4392/3376 7294/4396/3306 8010/4395/3308 7347/4394/3377
f 6489/4392/3376 7295/4393/3327 7994/4397/3307 7294/4396/3306
f 6490/4398/3311 7336/4359/34 8018/4354/34 7347/4394/3377
f 6490/4398/3311 7348/4257/3311 8017/4258/34 7336/4359/34
f 6490/4398/3311 7328/4399/3378 8009/4264/3316 7348/4257/3311
f 6490/4398/3311 7347/4394/3377 8010/4395/3308 7328/4399/3378
f 6491/4400/3379 7303/4387/1944 7996/4388/1891 7293/4401/3333
f 6491/4400/3379 7349/4402/3380 8012/4386/1853 7303/4387/1944
f 6491/4400/3379 7327/4404/3314 8009/4403/3316 7349/4402/3380
f 6491/4400/3379 7293/4401/3333 7992/4405/3315 7327/4404/3314
f 6492/4406/3381 7330/4391/1853 8012/4386/1853 7349/4402/3380
f 6492/4406/3381 7350/4248/3304 8011/4249/1853 7330/4391/1853
f 6492/4406/3381 7328/4407/3378 8010/4255/3308 7350/4248/3304
f 6492/4406/3381 7349/4402/3380 8009/4403/3316 7328/4407/3378
f 6493/4408/3382 7389/4411/1969 8039/4410/1953 7410/4409/3383
f 6493/4408/3382 7356/4413/3384 8026/4412/1955 7389/4411/1969
f 6493/4408/3382 7354/4415/3385 8022/4414/3386 7356/4413/3384
f 6493/4408/3382 7410/4409/3383 8038/4416/3387 7354/4415/3385
f 6494/4417/3388 7395/4420/3389 8045/4419/3390 7408/4418/3391
f 6494/4417/3388 7351/4422/3392 8028/4421/3393 7395/4420/3389
f 6494/4417/3388 7387/4424/3394 8020/4423/3395 7351/4422/3392
f 6494/4417/3388 7408/4418/3391 8037/4425/3396 7387/4424/3394
f 6495/4426/1969 7389/4411/1969 8026/4412/1955 7362/4427/1955
f 6495/4426/1969 7406/4428/1953 8039/4410/1953 7389/4411/1969
f 6496/4429/3397 7352/4432/3398 8036/4431/3399 7404/4430/3400
f 6496/4429/3397 7360/4434/3401 8021/4433/3402 7352/4432/3398
f 6496/4429/3397 7391/4436/1977 8025/4435/1976 7360/4434/3401
f 6496/4429/3397 7404/4430/3400 8041/4437/1978 7391/4436/1977
f 6497/4438/1977 7391/4436/1977 8041/4437/1978 7402/4439/1978
f 6497/4438/1977 7361/4440/1976 8025/4435/1976 7391/4436/1977
f 6498/4441/3403 7355/4444/3404 8030/4443/3405 7382/4442/3406
f 6498/4441/3403 7356/4446/3384 8022/4445/3386 7355/4444/3404
f 6498/4441/3403 7371/4448/1983 8026/4447/1955 7356/4446/3384
f 6498/4441/3403 7382/4442/3406 8031/4449/1984 7371/4448/1983
f 6499/4450/1983 7371/4448/1983 8031/4449/1984 7380/4451/1984
f 6499/4450/1983 7362/4452/1955 8026/4447/1955 7371/4448/1983
f 6500/4453/3407 7378/4456/3408 8028/4455/3393 7351/4454/3392
f 6500/4453/3407 7366/4458/1988 8034/4457/1987 7378/4456/3408
f 6500/4453/3407 7353/4460/3409 8024/4459/1989 7366/4458/1988
f 6500/4453/3407 7351/4454/3392 8020/4461/3395 7353/4460/3409
f 6501/4462/1988 7376/4463/1987 8034/4457/1987 7366/4458/1988
f 6501/4462/1988 7366/4458/1988 8024/4459/1989 7359/4464/1989
f 6502/4465/1991 7358/4468/1992 8023/4467/1992 7373/4466/1991
f 6502/4465/1991 7373/4466/1991 8033/4470/1993 7375/4469/1993
f 6503/4471/1994 7375/4469/1993 8033/4470/1993 7374/4472/1994
f 6503/4471/1994 7374/4472/1994 8034/4457/1987 7376/4463/1987
f 6504/4473/3410 7357/4476/3411 8019/4475/3412 7367/4474/3413
f 6504/4473/3410 7373/4466/1991 8023/4467/1992 7357/4476/3411
f 6504/4473/3410 7377/4477/3414 8033/4470/1993 7373/4466/1991
f 6504/4473/3410 7367/4474/3413 8027/4478/3415 7377/4477/3414
f 6505/4479/3416 7377/4477/3414 8027/4478/3415 7368/4480/3417
f 6505/4479/3416 7374/4472/1994 8033/4470/1993 7377/4477/3414
f 6505/4479/3416 7378/4456/3408 8034/4457/1987 7374/4472/1994
f 6505/4479/3416 7368/4480/3417 8028/4455/3393 7378/4456/3408
f 6506/4481/2003 7365/4484/2003 8025/4483/1976 7361/4482/1976
f 6506/4481/2003 7379/4486/2004 8032/4485/2004 7365/4484/2003
f 6507/4487/2005 7372/4488/2005 8032/4485/2004 7379/4486/2004
f 6507/4487/2005 7380/4451/1984 8031/4449/1984 7372/4488/2005
f 6508/4489/3418 7369/4492/3419 8021/4491/3402 7360/4490/3401
f 6508/4489/3418 7381/4494/3420 8029/4493/3421 7369/4492/3419
f 6508/4489/3418 7365/4484/2003 8032/4485/2004 7381/4494/3420
f 6508/4489/3418 7360/4490/3401 8025/4483/1976 7365/4484/2003
f 6509/4495/3422 7370/4496/3423 8029/4493/3421 7381/4494/3420
f 6509/4495/3422 7382/4442/3406 8030/4443/3405 7370/4496/3423
f 6509/4495/3422 7372/4488/2005 8031/4449/1984 7382/4442/3406
f 6509/4495/3422 7381/4494/3420 8032/4485/2004 7372/4488/2005
f 6510/4497/3424 7385/4500/3425 8035/4499/3426 7400/4498/3427
f 6510/4497/3424 7367/4502/3413 8019/4501/3412 7385/4500/3425
f 6510/4497/3424 7393/4504/3428 8027/4503/3415 7367/4502/3413
f 6510/4497/3424 7400/4498/3427 8043/4505/3429 7393/4504/3428
f 6511/4506/3430 7393/4504/3428 8043/4505/3429 7398/4507/3020
f 6511/4506/3430 7368/4508/3417 8027/4503/3415 7393/4504/3428
f 6511/4506/3430 7395/4420/3389 8028/4421/3393 7368/4508/3417
f 6511/4506/3430 7398/4507/3020 8045/4419/3390 7395/4420/3389
f 6512/4509/3431 7383/4512/3432 8029/4511/3421 7370/4510/3423
f 6512/4509/3431 7397/4514/3020 8044/4513/3433 7383/4512/3432
f 6512/4509/3431 7384/4516/3434 8046/4515/3435 7397/4514/3020
f 6512/4509/3431 7370/4510/3423 8030/4517/3405 7384/4516/3434
f 6513/4518/3020 7394/4519/3436 8044/4513/3433 7397/4514/3020
f 6513/4518/3020 7398/4507/3020 8043/4505/3429 7394/4519/3436
f 6513/4518/3020 7396/4520/3437 8045/4419/3390 7398/4507/3020
f 6513/4518/3020 7397/4514/3020 8046/4515/3435 7396/4520/3437
f 6514/4521/3438 7352/4524/3398 8021/4523/3402 7369/4522/3419
f 6514/4521/3438 7399/4526/3439 8036/4525/3399 7352/4524/3398
f 6514/4521/3438 7383/4512/3432 8044/4513/3433 7399/4526/3439
f 6514/4521/3438 7369/4522/3419 8029/4511/3421 7383/4512/3432
f 6515/4527/3440 7386/4528/3441 8036/4525/3399 7399/4526/3439
f 6515/4527/3440 7400/4498/3427 8035/4499/3426 7386/4528/3441
f 6515/4527/3440 7394/4519/3436 8043/4505/3429 7400/4498/3427
f 6515/4527/3440 7399/4526/3439 8044/4513/3433 7394/4519/3436
f 6516/4529/2030 7364/4532/2030 8023/4531/1992 7358/4530/1992
f 6516/4529/2030 7401/4534/1978 8042/4533/1978 7364/4532/2030
f 6517/4535/1978 7392/4536/1978 8042/4533/1978 7401/4534/1978
f 6517/4535/1978 7402/4439/1978 8041/4437/1978 7392/4536/1978
f 6518/4537/3442 7385/4540/3425 8019/4539/3412 7357/4538/3411
f 6518/4537/3442 7403/4542/3443 8035/4541/3426 7385/4540/3425
f 6518/4537/3442 7364/4532/2030 8042/4533/1978 7403/4542/3443
f 6518/4537/3442 7357/4538/3411 8023/4531/1992 7364/4532/2030
f 6519/4543/3444 7386/4544/3441 8035/4541/3426 7403/4542/3443
f 6519/4543/3444 7404/4430/3400 8036/4431/3399 7386/4544/3441
f 6519/4543/3444 7392/4536/1978 8041/4437/1978 7404/4430/3400
f 6519/4543/3444 7403/4542/3443 8042/4533/1978 7392/4536/1978
f 6520/4545/2034 7363/4548/2034 8040/4547/1953 7405/4546/1953
f 6520/4545/2034 7359/4550/1989 8024/4549/1989 7363/4548/2034
f 6521/4551/1953 7390/4552/1953 8039/4410/1953 7406/4428/1953
f 6521/4551/1953 7405/4546/1953 8040/4547/1953 7390/4552/1953
f 6522/4553/3445 7384/4516/3434 8030/4517/3405 7355/4554/3404
f 6522/4553/3445 7407/4555/3446 8046/4515/3435 7384/4516/3434
f 6522/4553/3445 7354/4557/3385 8038/4556/3387 7407/4555/3446
f 6522/4553/3445 7355/4554/3404 8022/4558/3386 7354/4557/3385
f 6523/4559/3447 7396/4520/3437 8046/4515/3435 7407/4555/3446
f 6523/4559/3447 7408/4418/3391 8045/4419/3390 7396/4520/3437
f 6523/4559/3447 7388/4560/3448 8037/4425/3396 7408/4418/3391
f 6523/4559/3447 7407/4555/3446 8038/4556/3387 7388/4560/3448
f 6524/4561/3449 7363/4548/2034 8024/4549/1989 7353/4562/3409
f 6524/4561/3449 7409/4563/3450 8040/4547/1953 7363/4548/2034
f 6524/4561/3449 7387/4565/3394 8037/4564/3396 7409/4563/3450
f 6524/4561/3449 7353/4562/3409 8020/4566/3395 7387/4565/3394
f 6525/4567/3451 7390/4552/1953 8040/4547/1953 7409/4563/3450
f 6525/4567/3451 7410/4409/3383 8039/4410/1953 7390/4552/1953
f 6525/4567/3451 7388/4568/3448 8038/4416/3387 7410/4409/3383
f 6525/4567/3451 7409/4563/3450 8037/4564/3396 7388/4568/3448
f 6526/4569/3452 7449/4572/2045 8067/4571/2044 7470/4570/3453
f 6526/4569/3452 7416/4574/3454 8054/4573/2046 7449/4572/2045
f 6526/4569/3452 7414/4576/3455 8050/4575/3456 7416/4574/3454
f 6526/4569/3452 7470/4570/3453 8066/4577/3457 7414/4576/3455
f 6527/4578/3458 7455/4581/3459 8073/4580/3460 7468/4579/3461
f 6527/4578/3458 7411/4583/3462 8056/4582/3463 7455/4581/3459
f 6527/4578/3458 7447/4585/3464 8048/4584/3465 7411/4583/3462
f 6527/4578/3458 7468/4579/3461 8065/4586/3466 7447/4585/3464
f 6528/4587/2045 7449/4572/2045 8054/4573/2046 7422/4588/2046
f 6528/4587/2045 7466/4589/2044 8067/4571/2044 7449/4572/2045
f 6529/4590/3467 7412/4593/3468 8064/4592/3469 7464/4591/3470
f 6529/4590/3467 7420/4595/3471 8049/4594/3472 7412/4593/3468
f 6529/4590/3467 7451/4597/2067 8053/4596/2066 7420/4595/3471
f 6529/4590/3467 7464/4591/3470 8069/4598/2068 7451/4597/2067
f 6530/4599/2067 7451/4597/2067 8069/4598/2068 7462/4600/2068
f 6530/4599/2067 7421/4601/2066 8053/4596/2066 7451/4597/2067
f 6531/4602/3473 7415/4605/3474 8058/4604/3475 7442/4603/3476
f 6531/4602/3473 7416/4607/3454 8050/4606/3456 7415/4605/3474
f 6531/4602/3473 7431/4609/3477 8054/4608/2046 7416/4607/3454
f 6531/4602/3473 7442/4603/3476 8059/4610/3478 7431/4609/3477
f 6532/4611/2075 7431/4609/3477 8059/4610/3478 7440/4612/2076
f 6532/4611/2075 7422/4613/2046 8054/4608/2046 7431/4609/3477
f 6533/4614/3479 7438/4617/3480 8056/4616/3463 7411/4615/3462
f 6533/4614/3479 7426/4619/3481 8062/4618/2079 7438/4617/3480
f 6533/4614/3479 7413/4621/3482 8052/4620/2081 7426/4619/3481
f 6533/4614/3479 7411/4615/3462 8048/4622/3465 7413/4621/3482
f 6534/4623/2080 7436/4624/2079 8062/4618/2079 7426/4619/3481
f 6534/4623/2080 7426/4619/3481 8052/4620/2081 7419/4625/2081
f 6535/4626/2083 7418/4629/2084 8051/4628/2084 7433/4627/2083
f 6535/4626/2083 7433/4627/2083 8061/4631/2085 7435/4630/2085
f 6536/4632/2086 7435/4630/2085 8061/4631/2085 7434/4633/2086
f 6536/4632/2086 7434/4633/2086 8062/4618/2079 7436/4624/2079
f 6537/4634/3483 7417/4637/3484 8047/4636/3485 7427/4635/3486
f 6537/4634/3483 7433/4627/2083 8051/4628/2084 7417/4637/3484
f 6537/4634/3483 7437/4638/3487 8061/4631/2085 7433/4627/2083
f 6537/4634/3483 7427/4635/3486 8055/4639/3488 7437/4638/3487
f 6538/4640/3489 7437/4638/3487 8055/4639/3488 7428/4641/3490
f 6538/4640/3489 7434/4633/2086 8061/4631/2085 7437/4638/3487
f 6538/4640/3489 7438/4617/3480 8062/4618/2079 7434/4633/2086
f 6538/4640/3489 7428/4641/3490 8056/4616/3463 7438/4617/3480
f 6539/4642/2095 7425/4645/2095 8053/4644/2066 7421/4643/2066
f 6539/4642/2095 7439/4647/2097 8060/4646/3491 7425/4645/2095
f 6540/4648/2098 7432/4649/3492 8060/4646/3491 7439/4647/2097
f 6540/4648/2098 7440/4612/2076 8059/4610/3478 7432/4649/3492
f 6541/4650/3493 7429/4653/3494 8049/4652/3472 7420/4651/3471
f 6541/4650/3493 7441/4655/3495 8057/4654/3496 7429/4653/3494
f 6541/4650/3493 7425/4645/2095 8060/4646/3491 7441/4655/3495
f 6541/4650/3493 7420/4651/3471 8053/4644/2066 7425/4645/2095
f 6542/4656/3497 7430/4657/3498 8057/4654/3496 7441/4655/3495
f 6542/4656/3497 7442/4603/3476 8058/4604/3475 7430/4657/3498
f 6542/4656/3497 7432/4649/3492 8059/4610/3478 7442/4603/3476
f 6542/4656/3497 7441/4655/3495 8060/4646/3491 7432/4649/3492
f 6543/4658/3499 7445/4661/3500 8063/4660/3501 7460/4659/3502
f 6543/4658/3499 7427/4663/3486 8047/4662/3485 7445/4661/3500
f 6543/4658/3499 7453/4665/3503 8055/4664/3488 7427/4663/3486
f 6543/4658/3499 7460/4659/3502 8071/4666/34 7453/4665/3503
f 6544/4667/3504 7453/4665/3503 8071/4666/34 7458/4668/3460
f 6544/4667/3504 7428/4669/3490 8055/4664/3488 7453/4665/3503
f 6544/4667/3504 7455/4581/3459 8056/4582/3463 7428/4669/3490
f 6544/4667/3504 7458/4668/3460 8073/4580/3460 7455/4581/3459
f 6545/4670/3505 7443/4673/3506 8057/4672/3496 7430/4671/3498
f 6545/4670/3505 7457/4675/3507 8072/4674/34 7443/4673/3506
f 6545/4670/3505 7444/4677/3508 8074/4676/3507 7457/4675/3507
f 6545/4670/3505 7430/4671/3498 8058/4678/3475 7444/4677/3508
f 6546/4679/3509 7454/4680/34 8072/4674/34 7457/4675/3507
f 6546/4679/3509 7458/4668/3460 8071/4666/34 7454/4680/34
f 6546/4679/3509 7456/4681/3509 8073/4580/3460 7458/4668/3460
f 6546/4679/3509 7457/4675/3507 8074/4676/3507 7456/4681/3509
f 6547/4682/3510 7412/4685/3468 8049/4684/3472 7429/4683/3494
f 6547/4682/3510 7459/4687/3511 8064/4686/3469 7412/4685/3468
f 6547/4682/3510 7443/4673/3506 8072/4674/34 7459/4687/3511
f 6547/4682/3510 7429/4683/3494 8057/4672/3496 7443/4673/3506
f 6548/4688/3512 7446/4689/3513 8064/4686/3469 7459/4687/3511
f 6548/4688/3512 7460/4659/3502 8063/4660/3501 7446/4689/3513
f 6548/4688/3512 7454/4680/34 8071/4666/34 7460/4659/3502
f 6548/4688/3512 7459/4687/3511 8072/4674/34 7454/4680/34
f 6549/4690/2121 7424/4693/2121 8051/4692/2084 7418/4691/2084
f 6549/4690/2121 7461/4695/2068 8070/4694/2068 7424/4693/2121
f 6550/4696/2068 7452/4697/2068 8070/4694/2068 7461/4695/2068
f 6550/4696/2068 7462/4600/2068 8069/4598/2068 7452/4697/2068
f 6551/4698/3514 7445/4701/3500 8047/4700/3485 7417/4699/3484
f 6551/4698/3514 7463/4703/3515 8063/4702/3501 7445/4701/3500
f 6551/4698/3514 7424/4693/2121 8070/4694/2068 7463/4703/3515
f 6551/4698/3514 7417/4699/3484 8051/4692/2084 7424/4693/2121
f 6552/4704/3516 7446/4705/3513 8063/4702/3501 7463/4703/3515
f 6552/4704/3516 7464/4591/3470 8064/4592/3469 7446/4705/3513
f 6552/4704/3516 7452/4697/2068 8069/4598/2068 7464/4591/3470
f 6552/4704/3516 7463/4703/3515 8070/4694/2068 7452/4697/2068
f 6553/4706/2125 7423/4709/2125 8068/4708/2044 7465/4707/2044
f 6553/4706/2125 7419/4711/2081 8052/4710/2081 7423/4709/2125
f 6554/4712/2044 7450/4713/2044 8067/4571/2044 7466/4589/2044
f 6554/4712/2044 7465/4707/2044 8068/4708/2044 7450/4713/2044
f 6555/4714/3517 7444/4677/3508 8058/4678/3475 7415/4715/3474
f 6555/4714/3517 7467/4716/3518 8074/4676/3507 7444/4677/3508
f 6555/4714/3517 7414/4718/3455 8066/4717/3457 7467/4716/3518
f 6555/4714/3517 7415/4715/3474 8050/4719/3456 7414/4718/3455
f 6556/4720/3519 7456/4681/3509 8074/4676/3507 7467/4716/3518
f 6556/4720/3519 7468/4579/3461 8073/4580/3460 7456/4681/3509
f 6556/4720/3519 7448/4721/3520 8065/4586/3466 7468/4579/3461
f 6556/4720/3519 7467/4716/3518 8066/4717/3457 7448/4721/3520
f 6557/4722/3521 7423/4709/2125 8052/4710/2081 7413/4723/3482
f 6557/4722/3521 7469/4724/3522 8068/4708/2044 7423/4709/2125
f 6557/4722/3521 7447/4726/3464 8065/4725/3466 7469/4724/3522
f 6557/4722/3521 7413/4723/3482 8048/4727/3465 7447/4726/3464
f 6558/4728/3523 7450/4713/2044 8068/4708/2044 7469/4724/3522
f 6558/4728/3523 7470/4570/3453 8067/4571/2044 7450/4713/2044
f 6558/4728/3523 7448/4729/3520 8066/4577/3457 7470/4570/3453
f 6558/4728/3523 7469/4724/3522 8065/4725/3466 7448/4729/3520
f 6559/4730/3524 7509/4733/2136 8095/4732/2135 7530/4731/3525
f 6559/4730/3524 7476/4735/3526 8082/4734/2137 7509/4733/2136
f 6559/4730/3524 7474/4737/3527 8078/4736/3528 7476/4735/3526
f 6559/4730/3524 7530/4731/3525 8094/4738/3529 7474/4737/3527
f 6560/4739/3530 7515/4742/3531 8101/4741/34 7528/4740/3532
f 6560/4739/3530 7471/4744/3533 8084/4743/3534 7515/4742/3531
f 6560/4739/3530 7507/4746/3535 8076/4745/3536 7471/4744/3533
f 6560/4739/3530 7528/4740/3532 8093/4747/3537 7507/4746/3535
f 6561/4748/2136 7509/4733/2136 8082/4734/2137 7482/4749/2137
f 6561/4748/2136 7526/4750/2135 8095/4732/2135 7509/4733/2136
f 6562/4751/3538 7472/4754/3539 8092/4753/3540 7524/4752/3541
f 6562/4751/3538 7480/4756/3542 8077/4755/3543 7472/4754/3539
f 6562/4751/3538 7511/4758/2157 8081/4757/2156 7480/4756/3542
f 6562/4751/3538 7524/4752/3541 8097/4759/2158 7511/4758/2157
f 6563/4760/2157 7511/4758/2157 8097/4759/2158 7522/4761/2158
f 6563/4760/2157 7481/4762/2159 8081/4757/2156 7511/4758/2157
f 6564/4763/3544 7475/4766/3545 8086/4765/3546 7502/4764/3547
f 6564/4763/3544 7476/4768/3526 8078/4767/3528 7475/4766/3545
f 6564/4763/3544 7491/4770/2164 8082/4769/2137 7476/4768/3526
f 6564/4763/3544 7502/4764/3547 8087/4771/2165 7491/4770/2164
f 6565/4772/2164 7491/4770/2164 8087/4771/2165 7500/4773/2165
f 6565/4772/2164 7482/4774/2137 8082/4769/2137 7491/4770/2164
f 6566/4775/3548 7498/4778/3549 8084/4777/3534 7471/4776/3533
f 6566/4775/3548 7486/4780/2169 8090/4779/2168 7498/4778/3549
f 6566/4775/3548 7473/4782/3550 8080/4781/2170 7486/4780/2169
f 6566/4775/3548 7471/4776/3533 8076/4783/3536 7473/4782/3550
f 6567/4784/2169 7496/4785/2168 8090/4779/2168 7486/4780/2169
f 6567/4784/2169 7486/4780/2169 8080/4781/2170 7479/4786/2170
f 6568/4787/2172 7478/4790/2173 8079/4789/2173 7493/4788/2172
f 6568/4787/2172 7493/4788/2172 8089/4792/2174 7495/4791/2174
f 6569/4793/2175 7495/4791/2174 8089/4792/2174 7494/4794/2175
f 6569/4793/2175 7494/4794/2175 8090/4779/2168 7496/4785/2168
f 6570/4795/3551 7477/4798/3552 8075/4797/3553 7487/4796/3554
f 6570/4795/3551 7493/4788/2172 8079/4789/2173 7477/4798/3552
f 6570/4795/3551 7497/4799/3555 8089/4792/2174 7493/4788/2172
f 6570/4795/3551 7487/4796/3554 8083/4800/3556 7497/4799/3555
f 6571/4801/3557 7497/4799/3555 8083/4800/3556 7488/4802/3558
f 6571/4801/3557 7494/4794/2175 8089/4792/2174 7497/4799/3555
f 6571/4801/3557 7498/4778/3549 8090/4779/2168 7494/4794/2175
f 6571/4801/3557 7488/4802/3558 8084/4777/3534 7498/4778/3549
f 6572/4803/2184 7485/4806/2184 8081/4805/2156 7481/4804/2159
f 6572/4803/2184 7499/4808/2185 8088/4807/2185 7485/4806/2184
f 6573/4809/2186 7492/4810/2186 8088/4807/2185 7499/4808/2185
f 6573/4809/2186 7500/4773/2165 8087/4771/2165 7492/4810/2186
f 6574/4811/3559 7489/4814/3560 8077/4813/3543 7480/4812/3542
f 6574/4811/3559 7501/4816/3561 8085/4815/3562 7489/4814/3560
f 6574/4811/3559 7485/4806/2184 8088/4807/2185 7501/4816/3561
f 6574/4811/3559 7480/4812/3542 8081/4805/2156 7485/4806/2184
f 6575/4817/3563 7490/4818/3564 8085/4815/3562 7501/4816/3561
f 6575/4817/3563 7502/4764/3547 8086/4765/3546 7490/4818/3564
f 6575/4817/3563 7492/4810/2186 8087/4771/2165 7502/4764/3547
f 6575/4817/3563 7501/4816/3561 8088/4807/2185 7492/4810/2186
f 6576/4819/3565 7505/4822/3566 8091/4821/3567 7520/4820/3568
f 6576/4819/3565 7487/4824/3554 8075/4823/3553 7505/4822/3566
f 6576/4819/3565 7513/4826/3569 8083/4825/3556 7487/4824/3554
f 6576/4819/3565 7520/4820/3568 8099/4827/3570 7513/4826/3569
f 6577/4828/3571 7513/4826/3569 8099/4827/3570 7518/4829/3572
f 6577/4828/3571 7488/4830/3558 8083/4825/3556 7513/4826/3569
f 6577/4828/3571 7515/4742/3531 8084/4743/3534 7488/4830/3558
f 6577/4828/3571 7518/4829/3572 8101/4741/34 7515/4742/3531
f 6578/4831/3573 7503/4834/3574 8085/4833/3562 7490/4832/3564
f 6578/4831/3573 7517/4836/3575 8100/4835/3576 7503/4834/3574
f 6578/4831/3573 7504/4838/3577 8102/4837/34 7517/4836/3575
f 6578/4831/3573 7490/4832/3564 8086/4839/3546 7504/4838/3577
f 6579/4840/3578 7514/4841/3579 8100/4835/3576 7517/4836/3575
f 6579/4840/3578 7518/4829/3572 8099/4827/3570 7514/4841/3579
f 6579/4840/3578 7516/4842/34 8101/4741/34 7518/4829/3572
f 6579/4840/3578 7517/4836/3575 8102/4837/34 7516/4842/34
f 6580/4843/3580 7472/4846/3539 8077/4845/3543 7489/4844/3560
f 6580/4843/3580 7519/4848/3581 8092/4847/3540 7472/4846/3539
f 6580/4843/3580 7503/4834/3574 8100/4835/3576 7519/4848/3581
f 6580/4843/3580 7489/4844/3560 8085/4833/3562 7503/4834/3574
f 6581/4849/3582 7506/4850/3583 8092/4847/3540 7519/4848/3581
f 6581/4849/3582 7520/4820/3568 8091/4821/3567 7506/4850/3583
f 6581/4849/3582 7514/4841/3579 8099/4827/3570 7520/4820/3568
f 6581/4849/3582 7519/4848/3581 8100/4835/3576 7514/4841/3579
f 6582/4851/2212 7484/4854/2212 8079/4853/2173 7478/4852/2173
f 6582/4851/2212 7521/4856/2158 8098/4855/2158 7484/4854/2212
f 6583/4857/2158 7512/4858/2158 8098/4855/2158 7521/4856/2158
f 6583/4857/2158 7522/4761/2158 8097/4759/2158 7512/4858/2158
f 6584/4859/3584 7505/4862/3566 8075/4861/3553 7477/4860/3552
f 6584/4859/3584 7523/4864/3585 8091/4863/3567 7505/4862/3566
f 6584/4859/3584 7484/4854/2212 8098/4855/2158 7523/4864/3585
f 6584/4859/3584 7477/4860/3552 8079/4853/2173 7484/4854/2212
f 6585/4865/3586 7506/4866/3583 8091/4863/3567 7523/4864/3585
f 6585/4865/3586 7524/4752/3541 8092/4753/3540 7506/4866/3583
f 6585/4865/3586 7512/4858/2158 8097/4759/2158 7524/4752/3541
f 6585/4865/3586 7523/4864/3585 8098/4855/2158 7512/4858/2158
f 6586/4867/2216 7483/4870/3587 8096/4869/2135 7525/4868/2135
f 6586/4867/2216 7479/4872/2170 8080/4871/2170 7483/4870/3587
f 6587/4873/2135 7510/4874/2135 8095/4732/2135 7526/4750/2135
f 6587/4873/2135 7525/4868/2135 8096/4869/2135 7510/4874/2135
f 6588/4875/3588 7504/4838/3577 8086/4839/3546 7475/4876/3545
f 6588/4875/3588 7527/4877/3589 8102/4837/34 7504/4838/3577
f 6588/4875/3588 7474/4879/3527 8094/4878/3529 7527/4877/3589
f 6588/4875/3588 7475/4876/3545 8078/4880/3528 7474/4879/3527
f 6589/4881/3590 7516/4842/34 8102/4837/34 7527/4877/3589
f 6589/4881/3590 7528/4740/3532 8101/4741/34 7516/4842/34
f 6589/4881/3590 7508/4882/3591 8093/4747/3537 7528/4740/3532
f 6589/4881/3590 7527/4877/3589 8094/4878/3529 7508/4882/3591
f 6590/4883/3592 7483/4870/3587 8080/4871/2170 7473/4884/3550
f 6590/4883/3592 7529/4885/3593 8096/4869/2135 7483/4870/3587
f 6590/4883/3592 7507/4887/3535 8093/4886/3537 7529/4885/3593
f 6590/4883/3592 7473/4884/3550 8076/4888/3536 7507/4887/3535
f 6591/4889/3594 7510/4874/2135 8096/4869/2135 7529/4885/3593
f 6591/4889/3594 7530/4731/3525 8095/4732/2135 7510/4874/2135
f 6591/4889/3594 7508/4890/3591 8094/4738/3529 7530/4731/3525
f 6591/4889/3594 7529/4885/3593 8093/4886/3537 7508/4890/3591
f 6592/4891/3595 7569/4894/2227 8123/4893/2226 7590/4892/3596
f 6592/4891/3595 7536/4896/3597 8110/4895/2228 7569/4894/2227
f 6592/4891/3595 7534/4898/3598 8106/4897/3599 7536/4896/3597
f 6592/4891/3595 7590/4892/3596 8122/4899/3600 7534/4898/3598
f 6593/4900/3601 7575/4903/3602 8129/4902/3603 7588/4901/3604
f 6593/4900/3601 7531/4905/3605 8112/4904/3606 7575/4903/3602
f 6593/4900/3601 7567/4907/3607 8104/4906/3608 7531/4905/3605
f 6593/4900/3601 7588/4901/3604 8121/4908/3609 7567/4907/3607
f 6594/4909/2227 7569/4894/2227 8110/4895/2228 7542/4910/2228
f 6594/4909/2227 7586/4911/2226 8123/4893/2226 7569/4894/2227
f 6595/4912/3610 7532/4915/3611 8120/4914/3612 7584/4913/3613
f 6595/4912/3610 7540/4917/3614 8105/4916/3615 7532/4915/3611
f 6595/4912/3610 7571/4919/2249 8109/4918/2248 7540/4917/3614
f 6595/4912/3610 7584/4913/3613 8125/4920/2250 7571/4919/2249
f 6596/4921/2249 7571/4919/2249 8125/4920/2250 7582/4922/2250
f 6596/4921/2249 7541/4923/2248 8109/4918/2248 7571/4919/2249
f 6597/4924/3616 7535/4927/3617 8114/4926/3618 7562/4925/3619
f 6597/4924/3616 7536/4929/3597 8106/4928/3599 7535/4927/3617
f 6597/4924/3616 7551/4931/3620 8110/4930/2228 7536/4929/3597
f 6597/4924/3616 7562/4925/3619 8115/4932/3621 7551/4931/3620
f 6598/4933/2257 7551/4931/3620 8115/4932/3621 7560/4934/2258
f 6598/4933/2257 7542/4935/2228 8110/4930/2228 7551/4931/3620
f 6599/4936/3622 7558/4939/3623 8112/4938/3606 7531/4937/3605
f 6599/4936/3622 7546/4941/2262 8118/4940/2261 7558/4939/3623
f 6599/4936/3622 7533/4943/3624 8108/4942/2263 7546/4941/2262
f 6599/4936/3622 7531/4937/3605 8104/4944/3608 7533/4943/3624
f 6600/4945/2265 7556/4946/2261 8118/4940/2261 7546/4941/2262
f 6600/4945/2265 7546/4941/2262 8108/4942/2263 7539/4947/2263
f 6601/4948/2266 7538/4951/2267 8107/4950/2267 7553/4949/2266
f 6601/4948/2266 7553/4949/2266 8117/4953/2268 7555/4952/2268
f 6602/4954/2269 7555/4952/2268 8117/4953/2268 7554/4955/2269
f 6602/4954/2269 7554/4955/2269 8118/4940/2261 7556/4946/2261
f 6603/4956/3625 7537/4959/3626 8103/4958/3627 7547/4957/3628
f 6603/4956/3625 7553/4949/2266 8107/4950/2267 7537/4959/3626
f 6603/4956/3625 7557/4960/3629 8117/4953/2268 7553/4949/2266
f 6603/4956/3625 7547/4957/3628 8111/4961/3630 7557/4960/3629
f 6604/4962/3631 7557/4960/3629 8111/4961/3630 7548/4963/3632
f 6604/4962/3631 7554/4955/2269 8117/4953/2268 7557/4960/3629
f 6604/4962/3631 7558/4939/3623 8118/4940/2261 7554/4955/2269
f 6604/4962/3631 7548/4963/3632 8112/4938/3606 7558/4939/3623
f 6605/4964/2278 7545/4967/2278 8109/4966/2248 7541/4965/2248
f 6605/4964/2278 7559/4969/2280 8116/4968/3633 7545/4967/2278
f 6606/4970/2281 7552/4971/3634 8116/4968/3633 7559/4969/2280
f 6606/4970/2281 7560/4934/2258 8115/4932/3621 7552/4971/3634
f 6607/4972/3635 7549/4975/3636 8105/4974/3615 7540/4973/3614
f 6607/4972/3635 7561/4977/3637 8113/4976/3638 7549/4975/3636
f 6607/4972/3635 7545/4967/2278 8116/4968/3633 7561/4977/3637
f 6607/4972/3635 7540/4973/3614 8109/4966/2248 7545/4967/2278
f 6608/4978/3639 7550/4979/3640 8113/4976/3638 7561/4977/3637
f 6608/4978/3639 7562/4925/3619 8114/4926/3618 7550/4979/3640
f 6608/4978/3639 7552/4971/3634 8115/4932/3621 7562/4925/3619
f 6608/4978/3639 7561/4977/3637 8116/4968/3633 7552/4971/3634
f 6609/4980/3641 7565/4983/3642 8119/4982/3643 7580/4981/3644
f 6609/4980/3641 7547/4985/3628 8103/4984/3627 7565/4983/3642
f 6609/4980/3641 7573/4987/3645 8111/4986/3630 7547/4985/3628
f 6609/4980/3641 7580/4981/3644 8127/4988/3646 7573/4987/3645
f 6610/4989/3647 7573/4987/3645 8127/4988/3646 7578/4990/3648
f 6610/4989/3647 7548/4991/3632 8111/4986/3630 7573/4987/3645
f 6610/4989/3647 7575/4903/3602 8112/4904/3606 7548/4991/3632
f 6610/4989/3647 7578/4990/3648 8129/4902/3603 7575/4903/3602
f 6611/4992/3649 7563/4995/3650 8113/4994/3638 7550/4993/3640
f 6611/4992/3649 7577/4997/3651 8128/4996/3652 7563/4995/3650
f 6611/4992/3649 7564/4999/3653 8130/4998/3654 7577/4997/3651
f 6611/4992/3649 7550/4993/3640 8114/5000/3618 7564/4999/3653
f 6612/5001/3651 7574/5002/3655 8128/4996/3652 7577/4997/3651
f 6612/5001/3651 7578/4990/3648 8127/4988/3646 7574/5002/3655
f 6612/5001/3651 7576/5003/3656 8129/4902/3603 7578/4990/3648
f 6612/5001/3651 7577/4997/3651 8130/4998/3654 7576/5003/3656
f 6613/5004/3657 7532/5007/3611 8105/5006/3615 7549/5005/3636
f 6613/5004/3657 7579/5009/3658 8120/5008/3612 7532/5007/3611
f 6613/5004/3657 7563/4995/3650 8128/4996/3652 7579/5009/3658
f 6613/5004/3657 7549/5005/3636 8113/4994/3638 7563/4995/3650
f 6614/5010/3659 7566/5011/3660 8120/5008/3612 7579/5009/3658
f 6614/5010/3659 7580/4981/3644 8119/4982/3643 7566/5011/3660
f 6614/5010/3659 7574/5002/3655 8127/4988/3646 7580/4981/3644
f 6614/5010/3659 7579/5009/3658 8128/4996/3652 7574/5002/3655
f 6615/5012/2309 7544/5015/2309 8107/5014/2267 7538/5013/2267
f 6615/5012/2309 7581/5017/2250 8126/5016/2250 7544/5015/2309
f 6616/5018/2250 7572/5019/2250 8126/5016/2250 7581/5017/2250
f 6616/5018/2250 7582/4922/2250 8125/4920/2250 7572/5019/2250
f 6617/5020/3661 7565/5023/3642 8103/5022/3627 7537/5021/3626
f 6617/5020/3661 7583/5025/3662 8119/5024/3643 7565/5023/3642
f 6617/5020/3661 7544/5015/2309 8126/5016/2250 7583/5025/3662
f 6617/5020/3661 7537/5021/3626 8107/5014/2267 7544/5015/2309
f 6618/5026/3663 7566/5027/3660 8119/5024/3643 7583/5025/3662
f 6618/5026/3663 7584/4913/3613 8120/4914/3612 7566/5027/3660
f 6618/5026/3663 7572/5019/2250 8125/4920/2250 7584/4913/3613
f 6618/5026/3663 7583/5025/3662 8126/5016/2250 7572/5019/2250
f 6619/5028/2313 7543/5031/2313 8124/5030/2226 7585/5029/2226
f 6619/5028/2313 7539/5033/2263 8108/5032/2263 7543/5031/2313
f 6620/5034/2226 7570/5035/2226 8123/4893/2226 7586/4911/2226
f 6620/5034/2226 7585/5029/2226 8124/5030/2226 7570/5035/2226
f 6621/5036/3664 7564/4999/3653 8114/5000/3618 7535/5037/3617
f 6621/5036/3664 7587/5038/3665 8130/4998/3654 7564/4999/3653
f 6621/5036/3664 7534/5040/3598 8122/5039/3600 7587/5038/3665
f 6621/5036/3664 7535/5037/3617 8106/5041/3599 7534/5040/3598
f 6622/5042/3666 7576/5003/3656 8130/4998/3654 7587/5038/3665
f 6622/5042/3666 7588/4901/3604 8129/4902/3603 7576/5003/3656
f 6622/5042/3666 7568/5043/3667 8121/4908/3609 7588/4901/3604
f 6622/5042/3666 7587/5038/3665 8122/5039/3600 7568/5043/3667
f 6623/5044/3668 7543/5031/2313 8108/5032/2263 7533/5045/3624
f 6623/5044/3668 7589/5046/3669 8124/5030/2226 7543/5031/2313
f 6623/5044/3668 7567/5048/3607 8121/5047/3609 7589/5046/3669
f 6623/5044/3668 7533/5045/3624 8104/5049/3608 7567/5048/3607
f 6624/5050/3670 7570/5035/2226 8124/5030/2226 7589/5046/3669
f 6624/5050/3670 7590/4892/3596 8123/4893/2226 7570/5035/2226
f 6624/5050/3670 7568/5051/3667 8122/4899/3600 7590/4892/3596
f 6624/5050/3670 7589/5046/3669 8121/5047/3609 7568/5051/3667
f 6625/5052/3671 7629/5055/2324 8151/5054/2323 7650/5053/3672
f 6625/5052/3671 7596/5057/3673 8138/5056/2325 7629/5055/2324
f 6625/5052/3671 7594/5059/3674 8134/5058/3675 7596/5057/3673
f 6625/5052/3671 7650/5053/3672 8150/5060/3676 7594/5059/3674
f 6626/5061/3677 7635/5064/3678 8157/5063/3679 7648/5062/3680
f 6626/5061/3677 7591/5066/3681 8140/5065/3682 7635/5064/3678
f 6626/5061/3677 7627/5068/3683 8132/5067/3684 7591/5066/3681
f 6626/5061/3677 7648/5062/3680 8149/5069/3685 7627/5068/3683
f 6627/5070/2324 7629/5055/2324 8138/5056/2325 7602/5071/2325
f 6627/5070/2324 7646/5072/2323 8151/5054/2323 7629/5055/2324
f 6628/5073/3686 7592/5076/3687 8148/5075/3688 7644/5074/3689
f 6628/5077/3686 7600/5080/3690 8133/5079/3691 7592/5078/3687
f 6628/5073/3686 7631/5083/2346 8137/5082/3692 7600/5081/3690
f 6628/5073/3686 7644/5074/3689 8153/5084/2347 7631/5083/2346
f 6629/5085/2348 7631/5083/2346 8153/5084/2347 7642/5086/2347
f 6629/5085/2348 7601/5087/2345 8137/5082/3692 7631/5083/2346
f 6630/5088/3693 7595/5091/3694 8142/5090/3695 7622/5089/3696
f 6630/5088/3693 7596/5093/3673 8134/5092/3675 7595/5091/3694
f 6630/5088/3693 7611/5095/2355 8138/5094/2325 7596/5093/3673
f 6630/5088/3693 7622/5089/3696 8143/5096/2354 7611/5095/2355
f 6631/5097/2355 7611/5095/2355 8143/5096/2354 7620/5098/2354
f 6631/5097/2355 7602/5099/2325 8138/5094/2325 7611/5095/2355
f 6632/5100/3697 7618/5103/3698 8140/5102/3682 7591/5101/3681
f 6632/5100/3697 7606/5105/2359 8146/5104/2358 7618/5103/3698
f 6632/5100/3697 7593/5107/3699 8136/5106/2360 7606/5105/2359
f 6632/5100/3697 7591/5101/3681 8132/5108/3684 7593/5107/3699
f 6633/5109/2359 7616/5110/2358 8146/5104/2358 7606/5105/2359
f 6633/5109/2359 7606/5105/2359 8136/5106/2360 7599/5111/2360
f 6634/5112/2362 7598/5115/2363 8135/5114/2363 7613/5113/2362
f 6634/5112/2362 7613/5113/2362 8145/5117/2364 7615/5116/2364
f 6635/5118/2365 7615/5116/2364 8145/5117/2364 7614/5119/2365
f 6635/5118/2365 7614/5119/2365 8146/5104/2358 7616/5110/2358
f 6636/5120/3700 7597/5123/3701 8131/5122/3702 7607/5121/3703
f 6636/5120/3700 7613/5113/2362 8135/5114/2363 7597/5123/3701
f 6636/5120/3700 7617/5124/3704 8145/5117/2364 7613/5113/2362
f 6636/5120/3700 7607/5121/3703 8139/5125/3705 7617/5124/3704
f 6637/5126/3706 7617/5124/3704 8139/5125/3705 7608/5127/3707
f 6637/5126/3706 7614/5119/2365 8145/5117/2364 7617/5124/3704
f 6637/5126/3706 7618/5103/3698 8146/5104/2358 7614/5119/2365
f 6637/5126/3706 7608/5127/3707 8140/5102/3682 7618/5103/3698
f 6638/5128/2374 7605/5131/2374 8137/5130/3692 7601/5129/2345
f 6638/5128/2374 7619/5133/2375 8144/5132/2375 7605/5131/2374
f 6639/5134/2376 7612/5135/2376 8144/5132/2375 7619/5133/2375
f 6639/5134/2376 7620/5098/2354 8143/5096/2354 7612/5135/2376
f 6640/5136/3708 7609/5137/3709 8133/5079/3691 7600/5080/3690
f 6640/5136/3708 7621/5139/3710 8141/5138/3711 7609/5137/3709
f 6640/5136/3708 7605/5131/2374 8144/5132/2375 7621/5139/3710
f 6640/5136/3708 7600/5080/3690 8137/5130/3692 7605/5131/2374
f 6641/5140/3712 7610/5141/3713 8141/5138/3711 7621/5139/3710
f 6641/5140/3712 7622/5089/3696 8142/5090/3695 7610/5141/3713
f 6641/5140/3712 7612/5135/2376 8143/5096/2354 7622/5089/3696
f 6641/5140/3712 7621/5139/3710 8144/5132/2375 7612/5135/2376
f 6642/5142/3714 7625/5145/3715 8147/5144/3716 7640/5143/3717
f 6642/5142/3714 7607/5147/3703 8131/5146/3702 7625/5145/3715
f 6642/5142/3714 7633/5149/3718 8139/5148/3705 7607/5147/3703
f 6642/5142/3714 7640/5143/3717 8155/5150/3719 7633/5149/3718
f 6643/5151/3720 7633/5149/3718 8155/5150/3719 7638/5152/3679
f 6643/5151/3720 7608/5153/3707 8139/5148/3705 7633/5149/3718
f 6643/5151/3720 7635/5064/3678 8140/5065/3682 7608/5153/3707
f 6643/5151/3720 7638/5152/3679 8157/5063/3679 7635/5064/3678
f 6644/5154/3721 7623/5157/3722 8141/5156/3711 7610/5155/3713
f 6644/5154/3721 7637/5159/3723 8156/5158/3724 7623/5157/3722
f 6644/5154/3721 7624/5161/3725 8158/5160/3723 7637/5159/3723
f 6644/5154/3721 7610/5155/3713 8142/5162/3695 7624/5161/3725
f 6645/5163/3726 7634/5164/3727 8156/5158/3724 7637/5159/3723
f 6645/5163/3726 7638/5152/3679 8155/5150/3719 7634/5164/3727
f 6645/5163/3726 7636/5165/3726 8157/5063/3679 7638/5152/3679
f 6645/5163/3726 7637/5159/3723 8158/5160/3723 7636/5165/3726
f 6646/5166/3728 7592/5169/3687 8133/5168/3691 7609/5167/3709
f 6646/5166/3728 7639/5171/3729 8148/5170/3688 7592/5169/3687
f 6646/5166/3728 7623/5157/3722 8156/5158/3724 7639/5171/3729
f 6646/5166/3728 7609/5167/3709 8141/5156/3711 7623/5157/3722
f 6647/5172/3730 7626/5173/3731 8148/5170/3688 7639/5171/3729
f 6647/5172/3730 7640/5143/3717 8147/5144/3716 7626/5173/3731
f 6647/5172/3730 7634/5164/3727 8155/5150/3719 7640/5143/3717
f 6647/5172/3730 7639/5171/3729 8156/5158/3724 7634/5164/3727
f 6648/5174/2401 7604/5177/2401 8135/5176/2363 7598/5175/2363
f 6648/5174/2401 7641/5179/2347 8154/5178/2347 7604/5177/2401
f 6649/5180/2347 7632/5181/2347 8154/5178/2347 7641/5179/2347
f 6649/5180/2347 7642/5086/2347 8153/5084/2347 7632/5181/2347
f 6650/5182/3732 7625/5185/3715 8131/5184/3702 7597/5183/3701
f 6650/5182/3732 7643/5187/3733 8147/5186/3716 7625/5185/3715
f 6650/5182/3732 7604/5177/2401 8154/5178/2347 7643/5187/3733
f 6650/5182/3732 7597/5183/3701 8135/5176/2363 7604/5177/2401
f 6651/5188/3734 7626/5189/3731 8147/5186/3716 7643/5187/3733
f 6651/5188/3734 7644/5074/3689 8148/5075/3688 7626/5189/3731
f 6651/5188/3734 7632/5181/2347 8153/5084/2347 7644/5074/3689
f 6651/5188/3734 7643/5187/3733 8154/5178/2347 7632/5181/2347
f 6652/5190/2405 7603/5193/2406 8152/5192/2323 7645/5191/2323
f 6652/5190/2405 7599/5195/2360 8136/5194/2360 7603/5193/2406
f 6653/5196/2323 7630/5197/2323 8151/5054/2323 7646/5072/2323
f 6653/5196/2323 7645/5191/2323 8152/5192/2323 7630/5197/2323
f 6654/5198/3735 7624/5161/3725 8142/5162/3695 7595/5199/3694
f 6654/5198/3735 7647/5200/3736 8158/5160/3723 7624/5161/3725
f 6654/5198/3735 7594/5202/3674 8150/5201/3676 7647/5200/3736
f 6654/5198/3735 7595/5199/3694 8134/5203/3675 7594/5202/3674
f 6655/5204/3737 7636/5165/3726 8158/5160/3723 7647/5200/3736
f 6655/5204/3737 7648/5062/3680 8157/5063/3679 7636/5165/3726
f 6655/5204/3737 7628/5205/3738 8149/5069/3685 7648/5062/3680
f 6655/5204/3737 7647/5200/3736 8150/5201/3676 7628/5205/3738
f 6656/5206/3739 7603/5193/2406 8136/5194/2360 7593/5207/3699
f 6656/5206/3739 7649/5208/3740 8152/5192/2323 7603/5193/2406
f 6656/5206/3739 7627/5210/3683 8149/5209/3685 7649/5208/3740
f 6656/5206/3739 7593/5207/3699 8132/5211/3684 7627/5210/3683
f 6657/5212/3741 7630/5197/2323 8152/5192/2323 7649/5208/3740
f 6657/5212/3741 7650/5053/3672 8151/5054/2323 7630/5197/2323
f 6657/5212/3741 7628/5213/3738 8150/5060/3676 7650/5053/3672
f 6657/5212/3741 7649/5208/3740 8149/5209/3685 7628/5213/3738
f 6658/5214/3742 7689/5217/2417 8179/5216/2416 7710/5215/3743
f 6658/5214/3742 7656/5219/3744 8166/5218/2418 7689/5217/2417
f 6658/5214/3742 7654/5221/3745 8162/5220/3746 7656/5219/3744
f 6658/5214/3742 7710/5215/3743 8178/5222/3747 7654/5221/3745
f 6659/5223/3748 7695/5226/3749 8185/5225/3750 7708/5224/3751
f 6659/5223/3748 7651/5228/3752 8168/5227/3753 7695/5226/3749
f 6659/5223/3748 7687/5230/3754 8160/5229/3755 7651/5228/3752
f 6659/5223/3748 7708/5224/3751 8177/5231/3756 7687/5230/3754
f 6660/5232/2417 7689/5217/2417 8166/5218/2418 7662/5233/2418
f 6660/5232/2417 7706/5234/2416 8179/5216/2416 7689/5217/2417
f 6661/5235/3757 7652/5238/3758 8176/5237/3759 7704/5236/3760
f 6661/5239/3757 7660/5242/3761 8161/5241/3762 7652/5240/3758
f 6661/5239/3757 7691/5244/3763 8165/5243/3764 7660/5242/3761
f 6661/5235/3757 7704/5236/3760 8181/5246/2440 7691/5245/3763
f 6662/5247/2439 7691/5245/3763 8181/5246/2440 7702/5248/2440
f 6662/5249/2439 7661/5250/2438 8165/5243/3764 7691/5244/3763
f 6663/5251/3765 7655/5254/3766 8170/5253/3767 7682/5252/3768
f 6663/5251/3765 7656/5256/3744 8162/5255/3746 7655/5254/3766
f 6663/5251/3765 7671/5258/2445 8166/5257/2418 7656/5256/3744
f 6663/5251/3765 7682/5252/3768 8171/5259/3769 7671/5258/2445
f 6664/5260/2445 7671/5258/2445 8171/5259/3769 7680/5261/2447
f 6664/5260/2445 7662/5262/2418 8166/5257/2418 7671/5258/2445
f 6665/5263/3770 7678/5266/3771 8168/5265/3753 7651/5264/3752
f 6665/5263/3770 7666/5268/2451 8174/5267/3772 7678/5266/3771
f 6665/5263/3770 7653/5270/3773 8164/5269/2452 7666/5268/2451
f 6665/5263/3770 7651/5264/3752 8160/5271/3755 7653/5270/3773
f 6666/5272/2451 7676/5273/2454 8174/5267/3772 7666/5268/2451
f 6666/5272/2451 7666/5268/2451 8164/5269/2452 7659/5274/2452
f 6667/5275/2455 7658/5278/2457 8163/5277/2457 7673/5276/3774
f 6667/5275/2455 7673/5276/3774 8173/5280/3775 7675/5279/2458
f 6668/5281/2460 7675/5279/2458 8173/5280/3775 7674/5282/3776
f 6668/5281/2460 7674/5282/3776 8174/5284/3772 7676/5283/2454
f 6669/5285/3777 7657/5288/3778 8159/5287/3779 7667/5286/3780
f 6669/5285/3777 7673/5276/3774 8163/5277/2457 7657/5288/3778
f 6669/5285/3777 7677/5289/3781 8173/5280/3775 7673/5276/3774
f 6669/5285/3777 7667/5286/3780 8167/5290/3782 7677/5289/3781
f 6670/5291/3783 7677/5289/3781 8167/5290/3782 7668/5292/3784
f 6670/5291/3783 7674/5282/3776 8173/5280/3775 7677/5289/3781
f 6670/5291/3783 7678/5293/3771 8174/5284/3772 7674/5282/3776
f 6670/5291/3783 7668/5292/3784 8168/5294/3753 7678/5293/3771
f 6671/5295/2470 7665/5296/3785 8165/5243/3764 7661/5250/2438
f 6671/5295/2470 7679/5298/2473 8172/5297/3786 7665/5296/3785
f 6672/5299/2474 7672/5300/3787 8172/5297/3786 7679/5298/2473
f 6672/5299/2474 7680/5302/2447 8171/5301/3769 7672/5300/3787
f 6673/5303/3788 7669/5304/3789 8161/5241/3762 7660/5242/3761
f 6673/5303/3788 7681/5306/3790 8169/5305/3791 7669/5304/3789
f 6673/5303/3788 7665/5296/3785 8172/5297/3786 7681/5306/3790
f 6673/5303/3788 7660/5242/3761 8165/5243/3764 7665/5296/3785
f 6674/5307/3792 7670/5308/3793 8169/5305/3791 7681/5306/3790
f 6674/5307/3792 7682/5310/3768 8170/5309/3767 7670/5308/3793
f 6674/5307/3792 7672/5300/3787 8171/5301/3769 7682/5310/3768
f 6674/5307/3792 7681/5306/3790 8172/5297/3786 7672/5300/3787
f 6675/5311/3794 7685/5314/3795 8175/5313/3796 7700/5312/3797
f 6675/5311/3794 7667/5316/3780 8159/5315/3779 7685/5314/3795
f 6675/5311/3794 7693/5318/3798 8167/5317/3782 7667/5316/3780
f 6675/5311/3794 7700/5312/3797 8183/5319/3799 7693/5318/3798
f 6676/5320/3800 7693/5318/3798 8183/5319/3799 7698/5321/3750
f 6676/5320/3800 7668/5322/3784 8167/5317/3782 7693/5318/3798
f 6676/5320/3800 7695/5324/3749 8168/5323/3753 7668/5322/3784
f 6676/5320/3800 7698/5321/3750 8185/5325/3750 7695/5324/3749
f 6677/5326/3801 7683/5329/3802 8169/5328/3791 7670/5327/3793
f 6677/5326/3801 7697/5331/3803 8184/5330/3804 7683/5329/3802
f 6677/5326/3801 7684/5333/3805 8186/5332/3803 7697/5331/3803
f 6677/5326/3801 7670/5327/3793 8170/5334/3767 7684/5333/3805
f 6678/5335/3806 7694/5336/3807 8184/5330/3804 7697/5331/3803
f 6678/5335/3806 7698/5321/3750 8183/5319/3799 7694/5336/3807
f 6678/5335/3806 7696/5337/3808 8185/5325/3750 7698/5321/3750
f 6678/5335/3806 7697/5331/3803 8186/5332/3803 7696/5337/3808
f 6679/5338/3809 7652/5341/3758 8161/5340/3762 7669/5339/3789
f 6679/5338/3809 7699/5343/3810 8176/5342/3759 7652/5341/3758
f 6679/5338/3809 7683/5329/3802 8184/5330/3804 7699/5343/3810
f 6679/5338/3809 7669/5339/3789 8169/5328/3791 7683/5329/3802
f 6680/5344/3811 7686/5345/3812 8176/5342/3759 7699/5343/3810
f 6680/5344/3811 7700/5312/3797 8175/5313/3796 7686/5345/3812
f 6680/5344/3811 7694/5336/3807 8183/5319/3799 7700/5312/3797
f 6680/5344/3811 7699/5343/3810 8184/5330/3804 7694/5336/3807
f 6681/5346/2501 7664/5349/2501 8163/5348/2457 7658/5347/2457
f 6681/5346/2501 7701/5351/2502 8182/5350/2502 7664/5349/2501
f 6682/5352/2502 7692/5353/2502 8182/5350/2502 7701/5351/2502
f 6682/5352/2502 7702/5248/2440 8181/5246/2440 7692/5353/2502
f 6683/5354/3813 7685/5357/3795 8159/5356/3779 7657/5355/3778
f 6683/5354/3813 7703/5359/3814 8175/5358/3796 7685/5357/3795
f 6683/5354/3813 7664/5349/2501 8182/5350/2502 7703/5359/3814
f 6683/5354/3813 7657/5355/3778 8163/5348/2457 7664/5349/2501
f 6684/5360/3815 7686/5361/3812 8175/5358/3796 7703/5359/3814
f 6684/5360/3815 7704/5236/3760 8176/5237/3759 7686/5361/3812
f 6684/5360/3815 7692/5353/2502 8181/5246/2440 7704/5236/3760
f 6684/5360/3815 7703/5359/3814 8182/5350/2502 7692/5353/2502
f 6685/5362/2506 7663/5365/2506 8180/5364/2416 7705/5363/2416
f 6685/5362/2506 7659/5367/2452 8164/5366/2452 7663/5365/2506
f 6686/5368/2416 7690/5369/2416 8179/5216/2416 7706/5234/2416
f 6686/5368/2416 7705/5363/2416 8180/5364/2416 7690/5369/2416
f 6687/5370/3816 7684/5373/3805 8170/5372/3767 7655/5371/3766
f 6687/5370/3816 7707/5375/3817 8186/5374/3803 7684/5373/3805
f 6687/5370/3816 7654/5377/3745 8178/5376/3747 7707/5375/3817
f 6687/5370/3816 7655/5371/3766 8162/5378/3746 7654/5377/3745
f 6688/5379/3818 7696/5380/3808 8186/5374/3803 7707/5375/3817
f 6688/5379/3818 7708/5224/3751 8185/5225/3750 7696/5380/3808
f 6688/5379/3818 7688/5381/3819 8177/5231/3756 7708/5224/3751
f 6688/5379/3818 7707/5375/3817 8178/5376/3747 7688/5381/3819
f 6689/5382/3820 7663/5365/2506 8164/5366/2452 7653/5383/3773
f 6689/5382/3820 7709/5384/3821 8180/5364/2416 7663/5365/2506
f 6689/5382/3820 7687/5386/3754 8177/5385/3756 7709/5384/3821
f 6689/5387/3820 7653/5270/3773 8160/5271/3755 7687/5388/3754
f 6690/5389/3822 7690/5369/2416 8180/5364/2416 7709/5384/3821
f 6690/5389/3822 7710/5215/3743 8179/5216/2416 7690/5369/2416
f 6690/5389/3822 7688/5390/3819 8178/5222/3747 7710/5215/3743
f 6690/5389/3822 7709/5384/3821 8177/5385/3756 7688/5390/3819
